variable,model,metric,old_n,corrected_n,old_mean,corrected_mean,old_ci_lower,old_ci_upper,new_ci_lower,new_ci_upper,new_width,width_ratio,change,std_recovered,t_reported,t_corrected,se_reported,se_corrected,half_width_reported,half_width_corrected
HWIN-VAR-001,linear_regression,mae,25,5,6.578209295008155,6.578209295008155,6.505912127509455,6.650506462506855,6.3607354527267965,6.7956831372895135,0.43494768456271693,3.0080548077525817,CI_WIDENED,0.17514709502406775,2.0638985616280245,2.7764451051977934,0.03502941900481355,0.07832816210708612,0.07229716749870008,0.21747384228135855
HWIN-VAR-001,linear_regression,rmse,25,5,10.129731140946848,10.129731140946848,8.918563272814358,11.340899009079338,6.4864718122154645,13.772990469678232,7.286518657462768,3.008054807752584,CI_WIDENED,2.934174892726095,2.0638985616280245,2.7764451051977934,0.5868349785452189,1.3122029036017402,1.21116786813249,3.6432593287313835
HWIN-VAR-001,linear_regression,r2,25,5,0.07652779978140505,0.07652779978140505,0.06487665750385108,0.08817894205895901,0.041480525237599444,0.11157507432521065,0.0700945490876112,3.0080548077525835,CI_WIDENED,0.02822605358173085,2.0638985616280245,2.7764451051977934,0.005645210716346169,0.012623074909060318,0.01165114227755397,0.0350472745438056
HWIN-VAR-001,linear_regression,mape,25,5,185.88454368304372,185.88454368304372,183.28128466536535,188.48780270072209,178.05379787909104,193.7152894869964,15.661491607905361,3.008054807752582,CI_WIDENED,6.306654469551281,2.0638985616280245,2.7764451051977934,1.2613308939102563,2.8204216209039084,2.6032590176783685,7.8307458039526825
HWIN-VAR-001,linear_regression,medae,25,5,6.045872303072878,6.045872303072878,6.02254180318974,6.069202802956016,5.975692880732134,6.116051725413622,0.1403588446814883,3.008054807752566,CI_WIDENED,0.056520461608187585,2.0638985616280245,2.7764451051977934,0.011304092321637517,0.025276718855114903,0.023330499883138067,0.07017942234074455
HWIN-VAR-001,ridge,mae,25,5,6.578209292156795,6.578209292156795,6.505912130477883,6.650506453835707,6.360735467381678,6.795683116931912,0.43494764955023335,3.0080548077525835,CI_WIDENED,0.17514708092505069,2.0638985616280245,2.7764451051977934,0.03502941618501014,0.07832815580181401,0.07229716167891187,0.21747382477511668
HWIN-VAR-001,ridge,rmse,25,5,10.129731132820385,10.129731132820385,8.91856326405635,11.34089900158442,6.486471802189281,13.772990463451489,7.286518661262208,3.008054807752583,CI_WIDENED,2.9341748942560746,2.0638985616280245,2.7764451051977934,0.5868349788512149,1.312202904285968,1.2111678687640346,3.6432593306311043
HWIN-VAR-001,ridge,r2,25,5,0.07652780137692217,0.07652780137692217,0.0648766593925614,0.08817894336128293,0.041480527715057794,0.11157507503878654,0.07009454732372875,3.008054807752584,CI_WIDENED,0.02822605287144108,2.0638985616280245,2.7764451051977934,0.005645210574288216,0.012623074591409078,0.011651141984360763,0.03504727366186437
HWIN-VAR-001,ridge,mape,25,5,185.88454384799417,185.88454384799417,183.28128508210003,188.4878026138883,178.05379880142223,193.7152888945661,15.661490093143868,3.0080548077525875,CI_WIDENED,6.306653859578889,2.0638985616280245,2.7764451051977934,1.2613307719157778,2.8204213481159615,2.6032587658941395,7.830745046571923
HWIN-VAR-001,ridge,medae,25,5,6.0458724092926195,6.0458724092926195,6.022542082739645,6.069202735845594,5.975693508338507,6.116051310246732,0.140357801908225,3.0080548077525733,CI_WIDENED,0.056520041698588395,2.0638985616280245,2.7764451051977934,0.011304008339717678,0.025276531065833264,0.023330326552974512,0.07017890095411274
HWIN-VAR-001,lasso,mae,25,5,6.57846616343657,6.57846616343657,6.506234904849983,6.650697422023157,6.361190578775166,6.795741748097973,0.43455116932280724,3.0080548077525826,CI_WIDENED,0.17498742411451274,2.0638985616280245,2.7764451051977934,0.03499748482290255,0.07825675510552728,0.07223125858658719,0.21727558466140365
HWIN-VAR-001,lasso,rmse,25,5,10.129661873267628,10.129661873267628,8.918485568118923,11.340838178416332,6.486377165529056,13.772946581006199,7.2865694154771425,3.008054807752584,CI_WIDENED,2.9341953322388967,2.0638985616280245,2.7764451051977934,0.5868390664477794,1.3122120444297507,1.2111763051487046,3.643284707738571
HWIN-VAR-001,lasso,r2,25,5,0.07654182358368444,0.07654182358368444,0.06488866989696394,0.08819497727040494,0.04148849861086511,0.11159514855650378,0.07010664994563867,3.008054807752583,CI_WIDENED,0.02823092642093895,2.0638985616280245,2.7764451051977934,0.00564618528418779,0.012625254109002866,0.0116531536867205,0.035053324972819336
HWIN-VAR-001,lasso,mape,25,5,185.95341252681493,185.95341252681493,183.35367217315206,188.5531528804778,178.13325105707094,193.77357399655892,15.640322939487987,3.0080548077525857,CI_WIDENED,6.298130155224694,2.0638985616280245,2.7764451051977934,1.2596260310449388,2.8166094316447436,2.5997403536628667,7.820161469743987
HWIN-VAR-001,lasso,medae,25,5,6.045458670153237,6.045458670153237,6.022927845297797,6.067989495008677,5.9776847141242,6.113232626182274,0.13554791205807426,3.0080548077526026,CI_WIDENED,0.05458316914002576,2.0638985616280245,2.7764451051977934,0.010916633828005153,0.024410335324893267,0.02253082485543967,0.0677739560290367
HWIN-VAR-001,elasticnet,mae,25,5,6.578336626358901,6.578336626358901,6.506104024406276,6.650569228311526,6.361057000778828,6.795616251938974,0.43455925116014527,3.008054807752582,CI_WIDENED,0.17499067855264971,2.0638985616280245,2.7764451051977934,0.03499813571052994,0.07825821053450785,0.07223260195262515,0.21727962558007272
HWIN-VAR-001,elasticnet,rmse,25,5,10.129653611756797,10.129653611756797,8.91847715119315,11.340830072320445,6.486368436521559,13.772938786992036,7.286570350470477,3.008054807752584,CI_WIDENED,2.934195708747089,2.0638985616280245,2.7764451051977934,0.5868391417494178,1.312212212809333,1.2111764605636477,3.643285175235238
HWIN-VAR-001,elasticnet,r2,25,5,0.07654331214913349,0.07654331214913349,0.06489279780608487,0.0881938264921821,0.04149792646673566,0.1115886978315313,0.07009077136479563,3.0080548077525826,CI_WIDENED,0.028224532347797586,2.0638985616280245,2.7764451051977934,0.005644906469559517,0.012622394592563427,0.011650514343048618,0.035045385682397824
HWIN-VAR-001,elasticnet,mape,25,5,185.921213569957,185.921213569957,183.32124741998547,188.5211797199285,178.10037289254117,193.7420542473728,15.641681354831633,3.0080548077525857,CI_WIDENED,6.298677169290339,2.0638985616280245,2.7764451051977934,1.2597354338580677,2.8168540637718293,2.5999661499715216,7.820840677415808
HWIN-VAR-001,elasticnet,medae,25,5,6.045322808945003,6.045322808945003,6.022618078549684,6.0680275393403225,5.977025735520637,6.1136198823693695,0.13659414684873283,3.00805480775257,CI_WIDENED,0.05500447264571392,2.0638985616280245,2.7764451051977934,0.011000894529142784,0.024598747980468804,0.022704730395319395,0.06829707342436672
HWIN-VAR-001,random_forest,mae,25,5,2.354214943725459,2.354214943725459,2.322041914163428,2.3863879732874897,2.257436707471426,2.4509931799794917,0.19355647250806562,3.0080548077525826,CI_WIDENED,0.07794237120028906,2.0638985616280245,2.7764451051977934,0.015588474240057812,0.03485688806627364,0.03217302956203083,0.09677823625403283
HWIN-VAR-001,random_forest,rmse,25,5,7.504331986661875,7.504331986661875,5.533172451780631,9.47549152154312,1.5749760709150022,13.43368790240875,11.858711831493746,3.0080548077525835,CI_WIDENED,4.775330463252936,2.0638985616280245,2.7764451051977934,0.9550660926505872,2.135592706171825,1.9711595348812443,5.929355915746873
HWIN-VAR-001,random_forest,r2,25,5,0.43628119961152767,0.43628119961152767,0.2142106776379058,0.6583517215851495,-0.23171910167135135,1.1042815008944067,1.336000602565758,3.0080548077525835,CI_WIDENED,0.5379879760138269,2.0638985616280245,2.7764451051977934,0.10759759520276538,0.24059553708888862,0.22207052197362187,0.668000301282879
HWIN-VAR-001,random_forest,mape,25,5,43.48417164658842,43.48417164658842,42.5509373415525,44.417405951624346,40.67695170856547,46.291391584611375,5.614439876045907,3.0080548077525844,CI_WIDENED,2.260853131027378,2.0638985616280245,2.7764451051977934,0.45217062620547555,1.011084257624091,0.9332343050359242,2.807219938022952
HWIN-VAR-001,random_forest,medae,25,5,1.7285616666666686,1.7285616666666686,1.7208414785974713,1.7362818547358658,1.7053389178283656,1.7517844155049715,0.046445497676605996,3.008054807752583,CI_WIDENED,0.018702925164857696,2.0638985616280245,2.7764451051977934,0.003740585032971539,0.008364202409342653,0.007720188069197276,0.023222748838302998
HWIN-VAR-001,extra_trees,mae,25,5,2.3793122709952352,2.3793122709952352,2.3583388180579634,2.400285723932507,2.3162229750521024,2.442401566938368,0.12617859188626568,3.0080548077525737,CI_WIDENED,0.05081028042562262,2.0638985616280245,2.7764451051977934,0.010162056085124525,0.022723048197503825,0.02097345293727182,0.06308929594313303
HWIN-VAR-001,extra_trees,rmse,25,5,6.585544416314697,6.585544416314697,4.910426404613626,8.260662428015769,1.5466976276643418,11.624391204965052,10.07769357730071,3.0080548077525835,CI_WIDENED,4.058140363205934,2.0638985616280245,2.7764451051977934,0.8116280726411867,1.8148555428728308,1.675118011701071,5.038846788650355
HWIN-VAR-001,extra_trees,r2,25,5,0.6213918830015307,0.6213918830015307,0.5172865838041623,0.7254971821988991,0.3082374372383654,0.934546328764696,0.6263088915263306,3.0080548077525835,CI_WIDENED,0.25220546477644984,2.0638985616280245,2.7764451051977934,0.050441092955289965,0.11278971270741413,0.10410529919736844,0.3131544457631653
HWIN-VAR-001,extra_trees,mape,25,5,45.187049148680124,45.187049148680124,44.17754767081844,46.19655062654181,42.15041337476495,48.2236849225953,6.073271547830345,3.0080548077525826,CI_WIDENED,2.445617959696085,2.0638985616280245,2.7764451051977934,0.48912359193921706,1.0937136009749575,1.0095014778616829,3.0366357739151733
HWIN-VAR-001,extra_trees,medae,25,5,1.7538000000000014,1.7538000000000014,1.7413782565740124,1.7662217434259904,1.716434714966786,1.7911652850332167,0.07473057006643069,3.008054807752589,CI_WIDENED,0.03009291167922179,2.0638985616280245,2.7764451051977934,0.006018582335844358,0.013457959231127452,0.012421743425989007,0.037365285033215276
HWIN-VAR-001,gradient_boosting,mae,25,5,2.9274261271117337,2.9274261271117337,2.89686443351119,2.9579878207122774,2.8354948777435567,3.0193573764799106,0.18386249873635396,3.0080548077525853,CI_WIDENED,0.07403874921167722,2.0638985616280245,2.7764451051977934,0.014807749842335443,0.03311113524127384,0.030561693600543727,0.09193124936817691
HWIN-VAR-001,gradient_boosting,rmse,25,5,6.754013483464401,6.754013483464401,5.106622600986106,8.401404365942696,1.7985714191777946,11.709455547751006,9.910884128573212,3.008054807752583,CI_WIDENED,3.9909686287557076,2.0638985616280245,2.7764451051977934,0.7981937257511416,1.7848154299933767,1.647390882478295,4.955442064286606
HWIN-VAR-001,gradient_boosting,r2,25,5,0.6064344972920169,0.6064344972920169,0.5072344195083932,0.7056345750756406,0.30803522638555736,0.9048337681984765,0.5967985418129191,3.0080548077525835,CI_WIDENED,0.24032207693718646,2.0638985616280245,2.7764451051977934,0.04806441538743729,0.10747530010509668,0.09920007778362372,0.29839927090645957
HWIN-VAR-001,gradient_boosting,mape,25,5,63.846426729703815,63.846426729703815,62.87408447038453,64.8187689890231,60.92156792177744,66.77128553763019,5.849717615852754,3.00805480775258,CI_WIDENED,2.355596048655342,2.0638985616280245,2.7764451051977934,0.47111920973106836,1.0534545784646492,0.9723422593192836,2.92485880792638
HWIN-VAR-001,gradient_boosting,medae,25,5,2.337152581633498,2.337152581633498,2.3254225274102533,2.3488826358567425,2.3018679356320684,2.3724372276349275,0.07056929200285911,3.008054807752601,CI_WIDENED,0.028417225636302085,2.0638985616280245,2.7764451051977934,0.005683445127260417,0.012708569650944235,0.01173005422324458,0.03528464600142935
HWIN-VAR-002,linear_regression,mae,25,5,0.5695287532071259,0.5695287532071259,0.5642280397718368,0.5748294666424151,0.5535839166735856,0.5854735897406662,0.03188967306708057,3.0080548077525915,CI_WIDENED,0.012841506685066666,2.0638985616280245,2.7764451051977934,0.0025683013370133333,0.005742896376265409,0.0053007134352891505,0.01594483653354024
HWIN-VAR-002,linear_regression,rmse,25,5,2.5466128290462624,2.5466128290462624,1.9462027587516848,3.14702289934084,0.740546430473592,4.352679227618933,3.6121327971453407,3.0080548077525835,CI_WIDENED,1.4545532456327888,2.0638985616280245,2.7764451051977934,0.29091064912655773,0.650495986825573,0.6004100702945775,1.8060663985726704
HWIN-VAR-002,linear_regression,r2,25,5,0.0033218253099774886,0.0033218253099774886,0.0011675330269319013,0.005476117593023076,-0.0031584039493420786,0.009802054569297055,0.012960458518639133,3.0080548077525826,CI_WIDENED,0.005218987800801264,2.0638985616280245,2.7764451051977934,0.0010437975601602528,0.0023340022992667515,0.0021542922830455873,0.006480229259319567
HWIN-VAR-002,linear_regression,mape,25,5,8.107200577250124,8.107200577250124,8.051310091424313,8.163091063075935,7.939078932654164,8.275322221846084,0.3362432891919198,3.0080548077525915,CI_WIDENED,0.13540027321334136,2.0638985616280245,2.7764451051977934,0.027080054642668272,0.06055284301541503,0.055890485825811353,0.16812164459595946
HWIN-VAR-002,linear_regression,medae,25,5,0.45143023172846547,0.45143023172846547,0.4497976629599648,0.4530628004969661,0.4465193753953904,0.45634108806154056,0.009821712666150173,3.0080548077525733,CI_WIDENED,0.003955060580140299,2.0638985616280245,2.7764451051977934,0.0007910121160280599,0.0017687568624646928,0.001632568768500653,0.004910856333075103
HWIN-VAR-002,ridge,mae,25,5,0.5695287387848071,0.5695287387848071,0.5642280213507604,0.5748294562188538,0.553583890222785,0.5854735873468293,0.031889697124044325,3.0080548077525937,CI_WIDENED,0.01284151637245543,2.0638985616280245,2.7764451051977934,0.002568303274491086,0.00574290070859737,0.005300717434046698,0.015944848562022107
HWIN-VAR-002,ridge,rmse,25,5,2.5466128203052563,2.5466128203052563,1.9462027445916807,3.147022896018832,0.7405464054319431,4.352679235178569,3.612132829746626,3.0080548077525826,CI_WIDENED,1.4545532587608516,2.0638985616280245,2.7764451051977934,0.29091065175217035,0.6504959926966211,0.6004100757135755,1.8060664148733132
HWIN-VAR-002,ridge,r2,25,5,0.0033218475983903374,0.0033218475983903374,0.0011675453452214403,0.005476149851559234,-0.0031584116516065837,0.009802106848387258,0.012960518499993842,3.0080548077525826,CI_WIDENED,0.005219011954418827,2.0638985616280245,2.7764451051977934,0.0010438023908837654,0.002334013101092906,0.0021543022531688967,0.006480259249996921
HWIN-VAR-002,ridge,mape,25,5,8.10720044047745,8.10720044047745,8.051309913877464,8.163090967077437,7.939078673230537,8.275322207724363,0.3362435344938257,3.00805480775258,CI_WIDENED,0.13540037199284513,2.0638985616280245,2.7764451051977934,0.027080074398569028,0.06055288719095207,0.0558905265999865,0.16812176724691305
HWIN-VAR-002,ridge,medae,25,5,0.45143003230028256,0.45143003230028256,0.4497978098531739,0.4530622547473912,0.4465202177209357,0.4563398468796294,0.009819629158693721,3.0080548077525933,CI_WIDENED,0.0039542215820459956,2.0638985616280245,2.7764451051977934,0.0007908443164091992,0.0017683816511103216,0.0016322224471086444,0.004909814579346844
HWIN-VAR-002,lasso,mae,25,5,0.5696627746243557,0.5696627746243557,0.5642765585305833,0.575048990718128,0.5534607414078895,0.5858648078408218,0.032404066432932366,3.008054807752585,CI_WIDENED,0.013048645398356254,2.0638985616280245,2.7764451051977934,0.002609729079671251,0.005835531625002881,0.0053862160937723225,0.016202033216466172
HWIN-VAR-002,lasso,rmse,25,5,2.5466101990142054,2.5466101990142054,1.946150812563114,3.147069585465297,0.7403954547398335,4.352824943288577,3.6124294885487434,3.008054807752583,CI_WIDENED,1.454672718937899,2.0638985616280245,2.7764451051977934,0.29093454378757977,0.6505494169119175,0.6004593864510914,1.806214744274372
HWIN-VAR-002,lasso,r2,25,5,0.0034086355813388813,0.0034086355813388813,0.0012691316412955264,0.0055481395213822365,-0.0030271095317141263,0.00984438069439189,0.012871490226106015,3.008054807752583,CI_WIDENED,0.005183161565740159,2.0638985616280245,2.7764451051977934,0.0010366323131480318,0.002317980319871848,0.002139503940043355,0.006435745113053008
HWIN-VAR-002,lasso,mape,25,5,8.110295755393125,8.110295755393125,8.053284894500218,8.167306616286032,7.938803961190102,8.281787549596148,0.3429835884060459,3.008054807752579,CI_WIDENED,0.1381144934951077,2.0638985616280245,2.7764451051977934,0.027622898699021542,0.061766679226602665,0.05701086089290719,0.17149179420302318
HWIN-VAR-002,lasso,medae,25,5,0.45133324702890215,0.45133324702890215,0.4495460039145461,0.4531204901432582,0.44595712178614066,0.45670937227166364,0.010752250485522974,3.008054807752582,CI_WIDENED,0.004329774601292125,2.0638985616280245,2.7764451051977934,0.0008659549202584251,0.0019363340671482482,0.001787243114356074,0.005376125242761489
HWIN-VAR-002,elasticnet,mae,25,5,0.5696136164018274,0.5696136164018274,0.5642586606675118,0.5749685721361429,0.5535056160599172,0.5857216167437376,0.032216000683820356,3.008054807752589,CI_WIDENED,0.012972914061463134,2.0638985616280245,2.7764451051977934,0.0025945828122926266,0.00580166354153889,0.005354955734315547,0.016108000341910147
HWIN-VAR-002,elasticnet,rmse,25,5,2.5466249066157873,2.5466249066157873,1.946179613830794,3.1470701994007806,0.7404525568614808,4.352797256370094,3.612344699508613,3.0080548077525835,CI_WIDENED,1.454638575626885,2.0638985616280245,2.7764451051977934,0.29092771512537696,0.6505341475590367,0.6004452927849933,1.8061723497543065
HWIN-VAR-002,elasticnet,r2,25,5,0.0033676068286535798,0.0033676068286535798,0.0012158487749727213,0.005519364882334439,-0.0031049993298414686,0.009840212987148628,0.012945212316990097,3.0080548077525835,CI_WIDENED,0.005212848377547028,2.0638985616280245,2.7764451051977934,0.0010425696755094057,0.0023312566657189286,0.0021517580536808585,0.006472606158495048
HWIN-VAR-002,elasticnet,mape,25,5,8.109325098451535,8.109325098451535,8.052774393425638,8.165875803477432,7.939217478316587,8.279432718586483,0.34021524026989525,3.0080548077525897,CI_WIDENED,0.13699972003781302,2.0638985616280245,2.7764451051977934,0.027399944007562606,0.06126813738059799,0.056550705025896875,0.17010762013494723
HWIN-VAR-002,elasticnet,medae,25,5,0.45136876068735937,0.45136876068735937,0.449646166152806,0.45309135522191274,0.4461871019158878,0.45655041945883096,0.010363317542943173,3.0080548077525866,CI_WIDENED,0.004173156972391529,2.0638985616280245,2.7764451051977934,0.0008346313944783059,0.0018662925342089343,0.0017225945345533678,0.0051816587714715815
HWIN-VAR-002,random_forest,mae,25,5,0.3805070268892817,0.3805070268892817,0.37453443760072547,0.3864796161778379,0.3625411509651086,0.39847290281345477,0.03593175184834618,3.0080548077525853,CI_WIDENED,0.014469192913834309,2.0638985616280245,2.7764451051977934,0.002893838582766862,0.006470819786978354,0.005972589288556207,0.01796587592417308
HWIN-VAR-002,random_forest,rmse,25,5,3.071263778562035,3.071263778562035,2.4894101093413696,3.6531174477827,1.3210160514543314,4.821511505669738,3.5004954542154065,3.008054807752583,CI_WIDENED,1.4095985142837957,2.0638985616280245,2.7764451051977934,0.28191970285675916,0.6303916197842551,0.5818536692206653,1.7502477271077035
HWIN-VAR-002,random_forest,r2,25,5,-1.677684837551598,-1.677684837551598,-2.9810186161515784,-0.3743510589516177,-5.598184276375609,2.2428146012724133,7.840998877648023,3.008054807752583,CI_WIDENED,3.157455998156947,2.0638985616280245,2.7764451051977934,0.6314911996313894,1.4120572495686767,1.3033337785999803,3.9204994388240113
HWIN-VAR-002,random_forest,mape,25,5,5.218109729913737,5.218109729913737,5.14379294032302,5.2924265195044535,4.994560753688644,5.4416587061388295,0.4470979524501857,3.0080548077525813,CI_WIDENED,0.18003983086284775,2.0638985616280245,2.7764451051977934,0.03600796617256955,0.08051626009337844,0.07431678959071686,0.22354897622509298
HWIN-VAR-002,random_forest,medae,25,5,0.2478559999999984,0.2478559999999984,0.24614986063884833,0.2495621393611485,0.242723839291995,0.25298816070800184,0.010264321416006833,3.008054807752586,CI_WIDENED,0.004133292674530131,2.0638985616280245,2.7764451051977934,0.0008266585349060261,0.001848464678230257,0.0017061393611500775,0.005132160708003411
HWIN-VAR-002,extra_trees,mae,25,5,0.38250024561287055,0.38250024561287055,0.3779447786276433,0.3870557125980978,0.36879715124639956,0.39620333997934154,0.027406188732941983,3.0080548077525884,CI_WIDENED,0.011036072871802968,2.0638985616280245,2.7764451051977934,0.0022072145743605937,0.004935481829198551,0.004555466985227241,0.013703094366470969
HWIN-VAR-002,extra_trees,rmse,25,5,2.8278652692988517,2.8278652692988517,2.213193502429232,3.4425370361684715,0.9788989057769171,4.676831632820786,3.697932727043869,3.0080548077525826,CI_WIDENED,1.4891036272266218,2.0638985616280245,2.7764451051977934,0.29782072544532434,0.6659473872040466,0.6146717668696198,1.8489663635219347
HWIN-VAR-002,extra_trees,r2,25,5,-0.38975433116834163,-0.38975433116834163,-0.5641165910269756,-0.21539207130970767,-0.9142455652267107,0.13473690289002754,1.0489824681167383,3.008054807752583,CI_WIDENED,0.4224099553640253,2.0638985616280245,2.7764451051977934,0.08448199107280506,0.1889074749133225,0.174362259858634,0.5244912340583692
HWIN-VAR-002,extra_trees,mape,25,5,5.277150748269931,5.277150748269931,5.240194314463929,5.314107182075933,5.165983769882398,5.388317726657465,0.22233395677506707,3.0080548077525777,CI_WIDENED,0.08953064480274205,2.0638985616280245,2.7764451051977934,0.01790612896054841,0.04003932156966389,0.036956433806001776,0.11116697838753373
HWIN-VAR-002,extra_trees,medae,25,5,0.24790000000000062,0.24790000000000062,0.24622328088220766,0.24957671911779358,0.24285633699647283,0.25294366300352844,0.010087326007055614,3.008054807752592,CI_WIDENED,0.004062019202315713,2.0638985616280245,2.7764451051977934,0.0008124038404631426,0.001816590212457481,0.001676719117792963,0.005043663003527793
HWIN-VAR-002,gradient_boosting,mae,25,5,0.46121689292847307,0.46121689292847307,0.45703685165864044,0.4653969341983057,0.4486430996901488,0.4737906861667973,0.025147586476648498,3.008054807752586,CI_WIDENED,0.010126566652906052,2.0638985616280245,2.7764451051977934,0.0020253133305812103,0.00452873828291609,0.004180041269832624,0.012573793238324237
HWIN-VAR-002,gradient_boosting,rmse,25,5,2.507559849526069,2.507559849526069,1.8946415334566067,3.1204781655955314,0.6638679621137056,4.3512517369384325,3.6873837748247267,3.0080548077525826,CI_WIDENED,1.4848557178749764,2.0638985616280245,2.7764451051977934,0.29697114357499527,0.6640476643895393,0.6129183160694623,1.8436918874123636
HWIN-VAR-002,gradient_boosting,r2,25,5,0.07697216130657351,0.07697216130657351,0.03987501734213441,0.11406930527101261,-0.03461808094954723,0.18856240356269427,0.22318048451224148,3.008054807752583,CI_WIDENED,0.08987152918788917,2.0638985616280245,2.7764451051977934,0.017974305837577833,0.040191769701195326,0.0370971439644391,0.11159024225612074
HWIN-VAR-002,gradient_boosting,mape,25,5,6.534902260002103,6.534902260002103,6.48788970058106,6.5819148194231465,6.39348590461088,6.676318615393327,0.2828327107824471,3.008054807752587,CI_WIDENED,0.11389261152437484,2.0638985616280245,2.7764451051977934,0.022778522304874968,0.05093432430069562,0.04701255942104332,0.14141635539122338
HWIN-VAR-002,gradient_boosting,medae,25,5,0.33107914380506254,0.33107914380506254,0.32973471880193517,0.3324235688081899,0.3270350397107425,0.3351232478993826,0.00808820818864009,3.008054807752567,CI_WIDENED,0.0032570035856483016,2.0638985616280245,2.7764451051977934,0.0006514007171296603,0.0014565762840940322,0.0013444250031273697,0.004044104094320066
HWIN-VAR-003,linear_regression,mae,25,5,2.0034691132162563,2.0034691132162563,1.948268131740229,2.0586700946922836,1.8374215354946313,2.1695166909378814,0.3320951554432501,3.0080548077525826,CI_WIDENED,0.13372988019450954,2.0638985616280245,2.7764451051977934,0.026745976038901907,0.059805820547565225,0.055200981476027255,0.1660475777216251
HWIN-VAR-003,linear_regression,rmse,25,5,13.321111647572769,13.321111647572769,5.429433218523816,21.212790076621722,-10.417489592165287,37.05971288731082,47.47720247947611,3.008054807752583,CI_WIDENED,19.11837765617685,2.0638985616280245,2.7764451051977934,3.82367553123537,8.549998411744907,7.8916784290489534,23.738601239738056
HWIN-VAR-003,linear_regression,r2,25,5,0.07458359080985189,0.07458359080985189,0.051646760223555244,0.09752042139614853,0.00558834729013577,0.143578834329568,0.13799048703943223,3.008054807752583,CI_WIDENED,0.05556675849467096,2.0638985616280245,2.7764451051977934,0.011113351698934192,0.024850209856679628,0.02293683058629664,0.06899524351971612
HWIN-VAR-003,linear_regression,mape,25,5,49.66419531843685,49.66419531843685,47.04950396560412,52.27888667126959,41.79906042375924,57.52933021311447,15.730269789355233,3.008054807752583,CI_WIDENED,6.334350441065864,2.0638985616280245,2.7764451051977934,1.266870088213173,2.8328076359058096,2.614691352832736,7.8651348946776185
HWIN-VAR-003,linear_regression,medae,25,5,1.4884745851392358,1.4884745851392358,1.4813692701045384,1.4955799001739332,1.4671014080885176,1.509847762189954,0.042746354101436346,3.0080548077525937,CI_WIDENED,0.017213333946733824,2.0638985616280245,2.7764451051977934,0.0034426667893467646,0.007698036964860314,0.007105315034697357,0.021373177050718097
HWIN-VAR-003,ridge,mae,25,5,2.003469100337692,2.003469100337692,1.9482681151739094,2.058670085501474,1.8374215115230974,2.1695166891522866,0.33209517762918916,3.008054807752584,CI_WIDENED,0.13372988912846387,2.0638985616280245,2.7764451051977934,0.026745977825692775,0.05980582454295106,0.05520098516378236,0.16604758881459453
HWIN-VAR-003,ridge,rmse,25,5,13.321111636587132,13.321111636587132,5.429433204496877,21.212790068677386,-10.417489612299326,37.05971288547359,47.477202497772915,3.0080548077525835,CI_WIDENED,19.118377663544706,2.0638985616280245,2.7764451051977934,3.823675532708941,8.549998415039912,7.891678432090254,23.738601248886457
HWIN-VAR-003,ridge,r2,25,5,0.07458359893972862,0.07458359893972862,0.05164676251409853,0.0975204353653587,0.005588337854977463,0.14357886002447978,0.1379905221695023,3.008054807752583,CI_WIDENED,0.055566772641038306,2.0638985616280245,2.7764451051977934,0.01111335452820766,0.024850216183127435,0.022936836425630085,0.06899526108475115
HWIN-VAR-003,ridge,mape,25,5,49.66419860304281,49.66419860304281,47.04950626416406,52.27889094192157,41.79906074228473,57.529336463800895,15.730275721516165,3.008054807752583,CI_WIDENED,6.334352829860634,2.0638985616280245,2.7764451051977934,1.2668705659721269,2.8328087042073076,2.614692338878754,7.865137860758083
HWIN-VAR-003,ridge,medae,25,5,1.4884753598850053,1.4884753598850053,1.481370751686922,1.4955799680830888,1.467104309037562,1.5098464107324487,0.04274210169488679,3.008054807752591,CI_WIDENED,0.017211621564577433,2.0638985616280245,2.7764451051977934,0.0034423243129154866,0.007697271164279285,0.007104608198083451,0.02137105084744334
HWIN-VAR-003,lasso,mae,25,5,2.0038111828285623,2.0038111828285623,1.94861719100879,2.0590051746483344,1.8377846303760397,2.169837735281085,0.33205310490504547,3.0080548077525844,CI_WIDENED,0.13371294705548575,2.0638985616280245,2.7764451051977934,0.02674258941109715,0.059798247817579295,0.05519399181977225,0.16602655245252265
HWIN-VAR-003,lasso,rmse,25,5,13.321329526532766,13.321329526532766,5.429695360848755,21.21296369221678,-10.417138566577576,37.059797619643106,47.476936186220684,3.0080548077525835,CI_WIDENED,19.118270423763,2.0638985616280245,2.7764451051977934,3.8236540847526,8.549950455951556,7.891634165684012,23.738468093110342
HWIN-VAR-003,lasso,r2,25,5,0.07449394082098301,0.07449394082098301,0.0515494373492809,0.09743844429268513,0.005475616841433634,0.1435122648005324,0.13803664795909876,3.008054807752583,CI_WIDENED,0.055585346824417695,2.0638985616280245,2.7764451051977934,0.011117069364883539,0.024858522810460006,0.022944503471702113,0.06901832397954938
HWIN-VAR-003,lasso,mape,25,5,49.734922570821624,49.734922570821624,47.10957594002457,52.36026920161868,41.8377360160355,57.63210912560775,15.794373109572248,3.008054807752583,CI_WIDENED,6.360163914078591,2.0638985616280245,2.7764451051977934,1.272032782815718,2.8443517719841718,2.625346630797054,7.897186554786124
HWIN-VAR-003,lasso,medae,25,5,1.488676641029054,1.488676641029054,1.4811332348480084,1.4962200472100995,1.4659856617993294,1.5113676202587785,0.045381958459449034,3.008054807752573,CI_WIDENED,0.018274653418759168,2.0638985616280245,2.7764451051977934,0.0036549306837518336,0.008172673461918885,0.007543406181045542,0.022690979229724594
HWIN-VAR-003,elasticnet,mae,25,5,2.0037304510199556,2.0037304510199556,1.948516493487931,2.05894440855198,1.8376438406107023,2.169817061429209,0.33217322081850664,3.0080548077525835,CI_WIDENED,0.1337613159836479,2.0638985616280245,2.7764451051977934,0.026752263196729582,0.05981987905985317,0.055213957532024516,0.16608661040925332
HWIN-VAR-003,elasticnet,rmse,25,5,13.321271406086161,13.321271406086161,5.429621199460607,21.212921612711718,-10.417244939055507,37.05978775122783,47.47703269028334,3.0080548077525835,CI_WIDENED,19.11830928454289,2.0638985616280245,2.7764451051977934,3.823661856908578,8.549967835020654,7.891650206625555,23.73851634514167
HWIN-VAR-003,elasticnet,r2,25,5,0.07452497355275035,0.07452497355275035,0.05157233673316333,0.09747761037233738,0.005482184016992658,0.14356776308850805,0.1380855790715154,3.008054807752583,CI_WIDENED,0.055605050670420895,2.0638985616280245,2.7764451051977934,0.011121010134084178,0.024867334638276273,0.02295263681958702,0.0690427895357577
HWIN-VAR-003,elasticnet,mape,25,5,49.721430851075375,49.721430851075375,47.09542357309329,52.34743812905746,41.822257033348095,57.620604668802656,15.798347635454562,3.008054807752584,CI_WIDENED,6.36176439773925,2.0638985616280245,2.7764451051977934,1.27235287954785,2.8450675300365944,2.626007277982083,7.899173817727279
HWIN-VAR-003,elasticnet,medae,25,5,1.4890020466879657,1.4890020466879657,1.4815193624332603,1.496484730942671,1.4664937223407046,1.5115103710352267,0.04501664869452204,3.0080548077525964,CI_WIDENED,0.018127548499289884,2.0638985616280245,2.7764451051977934,0.003625509699857977,0.008106886141967296,0.00748268425470533,0.022508324347260925
HWIN-VAR-003,random_forest,mae,25,5,1.4965982505841129,1.4965982505841129,1.4450054627947295,1.5481910383734963,1.3414043172288994,1.6517921839393264,0.31038786671042695,3.008054807752585,CI_WIDENED,0.12498867131504379,2.0638985616280245,2.7764451051977934,0.024997734263008758,0.05589663309556319,0.051592787789383365,0.1551939333552134
HWIN-VAR-003,random_forest,rmse,25,5,19.699830127663024,19.699830127663024,11.917330780558355,27.482329474767692,-3.7103544497265126,43.11001470505256,46.82036915477907,3.008054807752583,CI_WIDENED,18.853880446928923,2.0638985616280245,2.7764451051977934,3.7707760893857847,8.431711663797437,7.782499347104668,23.410184577389536
HWIN-VAR-003,random_forest,r2,25,5,-9.04925724625229,-9.04925724625229,-15.959895286140224,-2.138619206364358,-29.83683522677508,11.738320734270497,41.575155961045574,3.0080548077525835,CI_WIDENED,16.74170952092905,2.0638985616280245,2.7764451051977934,3.34834190418581,7.487120109670558,6.9106380398879335,20.787577980522787
HWIN-VAR-003,random_forest,mape,25,5,34.16208692702864,34.16208692702864,31.554607804390248,36.769566049667034,26.318646816061733,42.00552703799555,15.686880221933816,3.0080548077525835,CI_WIDENED,6.316878094487325,2.0638985616280245,2.7764451051977934,1.263375618897465,2.8249937649705994,2.6074791226383933,7.843440110966906
HWIN-VAR-003,random_forest,medae,25,5,0.8994029761904762,0.8994029761904762,0.895645689268209,0.9031602631127433,0.8881008511998445,0.9107051011811078,0.022604249981263314,3.008054807752574,CI_WIDENED,0.009102402104741503,2.0638985616280245,2.7764451051977934,0.0018204804209483005,0.004070717972947832,0.003757286922267178,0.011302124990631693
HWIN-VAR-003,extra_trees,mae,25,5,1.5150528809688368,1.5150528809688368,1.4780351021864016,1.5520706597512721,1.4037013735300108,1.6264043884076629,0.2227030148776521,3.008054807752584,CI_WIDENED,0.0896792591231695,2.0638985616280245,2.7764451051977934,0.0179358518246339,0.04010578391424503,0.037017778782435284,0.11135150743882602
HWIN-VAR-003,extra_trees,rmse,25,5,17.42739667936607,17.42739667936607,10.299298966580347,24.555494392151793,-4.014311915709218,38.86910527444135,42.88341719015057,3.0080548077525826,CI_WIDENED,17.26852725543596,2.0638985616280245,2.7764451051977934,3.453705451087192,7.722720162892536,7.128097712785723,21.441708595075287
HWIN-VAR-003,extra_trees,r2,25,5,-3.786473443592643,-3.786473443592643,-5.366085326007957,-2.2068615611773295,-8.538032560875136,0.9650856736898494,9.503118234564985,3.0080548077525835,CI_WIDENED,3.8267672447266485,2.0638985616280245,2.7764451051977934,0.7653534489453298,1.711382338655672,1.5796118824153136,4.7515591172824925
HWIN-VAR-003,extra_trees,mape,25,5,35.32645825357169,35.32645825357169,32.594304334116536,38.05861217302684,27.107989520634554,43.54492698650882,16.436937465874266,3.0080548077525844,CI_WIDENED,6.618915217664572,2.0638985616280245,2.7764451051977934,1.3237830435329143,2.96006887280116,2.7321539194551505,8.218468732937131
HWIN-VAR-003,extra_trees,medae,25,5,0.9064933333333377,0.9064933333333377,0.9035483023016118,0.9094383643650636,0.8976345185793739,0.9153521480873015,0.017717629507927546,3.008054807752584,CI_WIDENED,0.00713463124225173,2.0638985616280245,2.7764451051977934,0.001426926248450346,0.0031907040904137272,0.002945031031725942,0.008858814753963771
HWIN-VAR-003,gradient_boosting,mae,25,5,1.546020854881304,1.546020854881304,1.4976201944199472,1.5944215153426606,1.4004290154821195,1.6916126942804883,0.2911836787983688,3.0080548077525826,CI_WIDENED,0.1172554246638405,2.0638985616280245,2.7764451051977934,0.0234510849327681,0.05243822005579055,0.048400660461356715,0.14559183939918444
HWIN-VAR-003,gradient_boosting,rmse,25,5,13.347758566456132,13.347758566456132,5.45552329380386,21.239993839108404,-10.392517689360051,37.08803482227232,47.48055251163237,3.008054807752583,CI_WIDENED,19.119726665313422,2.0638985616280245,2.7764451051977934,3.8239453330626842,8.550601706971236,7.892235272652272,23.740276255816184
HWIN-VAR-003,gradient_boosting,r2,25,5,0.08576753274898442,0.08576753274898442,-0.027441592316454738,0.19897665781442359,-0.2547717201855733,0.42630678568354213,0.6810785058691154,3.008054807752583,CI_WIDENED,0.27426039043347805,2.0638985616280245,2.7764451051977934,0.05485207808669561,0.12265297530897798,0.11320912506543916,0.3405392529345577
HWIN-VAR-003,gradient_boosting,mape,25,5,39.50256251417402,39.50256251417402,36.6707853561699,42.334339672178146,30.984421619555775,48.02070340879227,17.036281789236497,3.008054807752584,CI_WIDENED,6.860262443737514,2.0638985616280245,2.7764451051977934,1.3720524887475027,3.0680026335371813,2.8317771580041224,8.518140894618247
HWIN-VAR-003,gradient_boosting,medae,25,5,1.0604719524043549,1.0604719524043549,1.0559803659436007,1.064963538865109,1.0469610141566468,1.073982890652063,0.02702187649541621,3.0080548077525853,CI_WIDENED,0.010881315933500129,2.0638985616280245,2.7764451051977934,0.0021762631867000256,0.004866272422391574,0.004491586460754204,0.013510938247708094
HWIN-VAR-008,linear_regression,mae,25,5,1.2900691304622987,1.2900691304622987,1.2781950894815748,1.3019431714430225,1.254351364402781,1.3257868965218162,0.0714355321190352,3.0080548077525813,CI_WIDENED,0.028766047909247777,2.0638985616280245,2.7764451051977934,0.005753209581849555,0.012864567713818746,0.011874040980723866,0.035717766059517625
HWIN-VAR-008,linear_regression,rmse,25,5,2.6311059766408165,2.6311059766408165,2.5140068222786143,2.7482051310030187,2.2788653023778322,2.9833466509038007,0.7044813485259684,3.0080548077525835,CI_WIDENED,0.2836843741725203,2.0638985616280245,2.7764451051977934,0.056736874834504056,0.1268675089608482,0.1170991543622022,0.35224067426298417
HWIN-VAR-008,linear_regression,r2,25,5,0.03202894210444094,0.03202894210444094,0.03005637679336875,0.03400150741551313,0.026095357536864264,0.03796252667201762,0.011867169135153354,3.0080548077525844,CI_WIDENED,0.004778736096206713,2.0638985616280245,2.7764451051977934,0.0009557472192413426,0.002137115751530037,0.0019725653110721914,0.005933584567576675
HWIN-VAR-008,linear_regression,mape,25,5,1084.9740489672038,1084.9740489672038,1017.270735781706,1152.6773621527016,881.3187722387883,1288.6293256956192,407.3105534568309,3.0080548077525826,CI_WIDENED,164.0180250237025,2.0638985616280245,2.7764451051977934,32.803605004740504,73.35109069765207,67.70331318549779,203.6552767284155
HWIN-VAR-008,linear_regression,medae,25,5,0.8876963196707467,0.8876963196707467,0.8807832388993595,0.8946094004421339,0.8669013938199935,0.9084912455214998,0.04158985170150631,3.0080548077525795,CI_WIDENED,0.016747627281483452,2.0638985616280245,2.7764451051977934,0.0033495254562966904,0.007489766612645401,0.006913080771387192,0.020794925850753182
HWIN-VAR-008,ridge,mae,25,5,1.2900691386305367,1.2900691386305367,1.278195098097985,1.3019431791630884,1.2543513739191456,1.3257869033419278,0.0714355294227822,3.008054807752576,CI_WIDENED,0.02876604682350603,2.0638985616280245,2.7764451051977934,0.005753209364701206,0.012864567228260276,0.0118740405325517,0.03571776471139119
HWIN-VAR-008,ridge,rmse,25,5,2.631105974063763,2.631105974063763,2.514006817231987,2.7482051308955384,2.278865292372166,2.9833466557553594,0.7044813633831932,3.008054807752585,CI_WIDENED,0.2836843801553081,2.0638985616280245,2.7764451051977934,0.056736876031061624,0.12686751163643226,0.11709915683177563,0.35224068169159645
HWIN-VAR-008,ridge,r2,25,5,0.032028944434368725,0.032028944434368725,0.03005637740627286,0.03400151146246459,0.02609535470189073,0.037962534166846716,0.011867179464955985,3.0080548077525826,CI_WIDENED,0.004778740255867721,2.0638985616280245,2.7764451051977934,0.0009557480511735442,0.0021371176117869926,0.0019725670280958656,0.005933589732477994
HWIN-VAR-008,ridge,mape,25,5,1084.9740064435266,1084.9740064435266,1017.2707108066866,1152.6773020803666,881.3187825024354,1288.6292303846178,407.3104478821824,3.008054807752584,CI_WIDENED,164.01798251032983,2.0638985616280245,2.7764451051977934,32.803596502065965,73.35107168509381,67.70329563684004,203.65522394109118
HWIN-VAR-008,ridge,medae,25,5,0.8876962279281011,0.8876962279281011,0.8807831839580335,0.8946092718981687,0.8669014127777341,0.9084910430784681,0.041589630300733926,3.00805480775258,CI_WIDENED,0.016747538126618403,2.0638985616280245,2.7764451051977934,0.0033495076253236807,0.007489726741377645,0.006913043970067645,0.020794815150366984
HWIN-VAR-008,lasso,mae,25,5,1.2904932544123764,1.2904932544123764,1.2786607475757976,1.3023257612489552,1.2549004253348404,1.3260860834899124,0.07118565815507205,3.0080548077525786,CI_WIDENED,0.02866542730483122,2.0638985616280245,2.7764451051977934,0.005733085460966244,0.012819568811536237,0.011832506836578771,0.03559282907753608
HWIN-VAR-008,lasso,rmse,25,5,2.6311442260833786,2.6311442260833786,2.5140132507221717,2.7482752014445855,2.278807832511351,2.9834806196554062,0.7046727871440552,3.0080548077525826,CI_WIDENED,0.28376146371460415,2.0638985616280245,2.7764451051977934,0.05675229274292083,0.12690198445213896,0.11713097536120687,0.35233639357202773
HWIN-VAR-008,lasso,r2,25,5,0.03200653234626292,0.03200653234626292,0.0300403951984785,0.03397266949404734,0.026092284046169038,0.0379207806463568,0.011828496600187765,3.008054807752584,CI_WIDENED,0.004763163229867054,2.0638985616280245,2.7764451051977934,0.0009526326459734109,0.002130151353982038,0.0019661371477844216,0.005914248300093882
HWIN-VAR-008,lasso,mape,25,5,1085.8859276820478,1085.8859276820478,1019.2963126831926,1152.4755426809031,885.5807161383477,1286.191139225748,400.61042308740025,3.0080548077525835,CI_WIDENED,161.31998015040207,2.0638985616280245,2.7764451051977934,32.26399603008041,72.14448834904316,66.58961499885527,200.30521154370012
HWIN-VAR-008,lasso,medae,25,5,0.8888315974168486,0.8888315974168486,0.8821485676151019,0.8955146272185953,0.8687286774913505,0.9089345173423466,0.04020583985099613,3.0080548077525853,CI_WIDENED,0.016190305875486168,2.0638985616280245,2.7764451051977934,0.0032380611750972336,0.007240524902820263,0.0066830298017467316,0.020102919925498047
HWIN-VAR-008,elasticnet,mae,25,5,1.290354558491919,1.290354558491919,1.2785033856171153,1.3022057313667226,1.254705580948359,1.326003536035479,0.07129795508712,3.0080548077525755,CI_WIDENED,0.028710647643107302,2.0638985616280245,2.7764451051977934,0.00574212952862146,0.012839791961606409,0.01185117287480364,0.03564897754356009
HWIN-VAR-008,elasticnet,rmse,25,5,2.631130303962039,2.631130303962039,2.5140035772154334,2.7482570307086442,2.2788066904555895,2.983453917468488,0.7046472270128987,3.008054807752582,CI_WIDENED,0.2837511710222198,2.0638985616280245,2.7764451051977934,0.05675023420444396,0.1268973814201704,0.1171267267466054,0.35232361350644953
HWIN-VAR-008,elasticnet,r2,25,5,0.032015813065128754,0.032015813065128754,0.030038265775832962,0.033993360354424546,0.026067242434004458,0.037964383696253046,0.011897141262248587,3.0080548077525826,CI_WIDENED,0.004790805435069159,2.0638985616280245,2.7764451051977934,0.0009581610870138318,0.002142513323958019,0.001977547289295792,0.005948570631124295
HWIN-VAR-008,elasticnet,mape,25,5,1085.1643469577039,1085.1643469577039,1018.1310653691204,1152.1976285462874,883.5245619957325,1286.8041319196752,403.27956992394274,3.008054807752583,CI_WIDENED,162.39480668978948,2.0638985616280245,2.7764451051977934,32.4789613379579,72.62516539026137,67.03328158858352,201.63978496197137
HWIN-VAR-008,elasticnet,medae,25,5,0.8879875037696279,0.8879875037696279,0.8812028254491925,0.8947721820900633,0.8675788195287875,0.9083961880104683,0.04081736848168083,3.008054807752586,CI_WIDENED,0.016436559544582376,2.0638985616280245,2.7764451051977934,0.0032873119089164753,0.007350652891581835,0.006784678320435389,0.020408684240840393
HWIN-VAR-008,random_forest,mae,25,5,0.8426243269696857,0.8426243269696857,0.8272179865662085,0.8580306673731629,0.7962812106491332,0.8889674432902382,0.09268623264110509,3.0080548077525857,CI_WIDENED,0.03732339536911285,2.0638985616280245,2.7764451051977934,0.00746467907382257,0.016691529839287435,0.015406340403477214,0.04634311632055251
HWIN-VAR-008,random_forest,rmse,25,5,2.2315846907237615,2.2315846907237615,2.141404916077028,2.321764465370495,1.9603189860356105,2.5028503954119126,0.5425314093763021,3.0080548077525835,CI_WIDENED,0.21846949342219293,2.0638985616280245,2.7764451051977934,0.043693898684438584,0.0977025276603933,0.09017977464673343,0.27126570468815103
HWIN-VAR-008,random_forest,r2,25,5,0.28631005798225767,0.28631005798225767,0.21890185150534097,0.35371826445917437,0.08354247840738957,0.48907763755712574,0.40553515914973615,3.008054807752583,CI_WIDENED,0.1633030996052064,2.0638985616280245,2.7764451051977934,0.03266061992104128,0.07303136633073211,0.0674082064769167,0.2027675795748681
HWIN-VAR-008,random_forest,mape,25,5,354.39645566663967,354.39645566663967,346.30095423199833,362.491957101281,330.04474365499885,378.7481676782805,48.70342402328163,3.0080548077525844,CI_WIDENED,19.612159204800065,2.0638985616280245,2.7764451051977934,3.922431840960013,8.770824233496233,8.095501434641335,24.351712011640807
HWIN-VAR-008,random_forest,medae,25,5,0.33414074946432015,0.33414074946432015,0.32738583794414683,0.3408956609844935,0.3138216053901195,0.3544598935385208,0.040638288148401314,3.0080548077525804,CI_WIDENED,0.016364446503720074,2.0638985616280245,2.7764451051977934,0.003272889300744015,0.00731840295929537,0.006754911520173323,0.020319144074200674
HWIN-VAR-008,extra_trees,mae,25,5,0.845950565618702,0.845950565618702,0.8311661902157622,0.8607349410216417,0.80147835410827,0.890422777129134,0.08894442302086403,3.008054807752587,CI_WIDENED,0.035816623156318506,2.0638985616280245,2.7764451051977934,0.0071633246312637015,0.01601768082040425,0.014784375402939753,0.04447221151043196
HWIN-VAR-008,extra_trees,rmse,25,5,2.202795706731723,2.202795706731723,2.0720442767942533,2.3335471366691927,1.8094882392877922,2.5961031741756537,0.7866149348878615,3.0080548077525835,CI_WIDENED,0.3167583726458233,2.0638985616280245,2.7764451051977934,0.06335167452916465,0.14165865073565415,0.1307514299374697,0.39330746744393075
HWIN-VAR-008,extra_trees,r2,25,5,0.32209831434160285,0.32209831434160285,0.2897539765999613,0.3544426520832444,0.22480477369428475,0.41939185498892095,0.1945870812946362,3.0080548077525826,CI_WIDENED,0.07835738234181426,2.0638985616280245,2.7764451051977934,0.015671476468362852,0.03504248669104767,0.03234433774164153,0.09729354064731811
HWIN-VAR-008,extra_trees,mape,25,5,370.5956384028496,370.5956384028496,361.8814191761646,379.3098576295346,344.38278936220985,396.80848744348935,52.425698081279506,3.0080548077525853,CI_WIDENED,21.111064731328433,2.0638985616280245,2.7764451051977934,4.222212946265687,9.441155163329741,8.714219226684975,26.212849040639732
HWIN-VAR-008,extra_trees,medae,25,5,0.3687830544810006,0.3687830544810006,0.36280260089099636,0.3747635080710049,0.3507935223070471,0.3867725866549542,0.0359790643479071,3.0080548077525875,CI_WIDENED,0.014488244968025029,2.0638985616280245,2.7764451051977934,0.0028976489936050056,0.0064793401246346465,0.005980453590004264,0.017989532173953524
HWIN-VAR-008,gradient_boosting,mae,25,5,1.0753889202664875,1.0753889202664875,1.059753583437666,1.091024257095309,1.0283569701477198,1.1224208703852552,0.09406390023753541,3.008054807752581,CI_WIDENED,0.03787816203643325,2.0638985616280245,2.7764451051977934,0.00757563240728665,0.016939629035243323,0.015635336828821567,0.04703195011876774
HWIN-VAR-008,gradient_boosting,rmse,25,5,2.4308615280752277,2.4308615280752277,2.350629607096617,2.5110934490538384,2.1895195124402926,2.6722035437101628,0.48268403126987014,3.0080548077525826,CI_WIDENED,0.1943698262847833,2.0638985616280245,2.7764451051977934,0.03887396525695666,0.08692482886952017,0.08023192097861065,0.24134201563493513
HWIN-VAR-008,gradient_boosting,r2,25,5,0.16763653520343547,0.16763653520343547,0.14262672844652863,0.1926463419603423,0.0924056657473588,0.24286740465951212,0.1504617389121533,3.008054807752583,CI_WIDENED,0.06058874990730854,2.0638985616280245,2.7764451051977934,0.012117749981461708,0.027096112692895195,0.02500980675690684,0.07523086945607667
HWIN-VAR-008,gradient_boosting,mape,25,5,718.3675408441004,718.3675408441004,691.5323614712814,745.2027202169194,637.6458505147893,799.0892311734115,161.44338065862212,3.0080548077525835,CI_WIDENED,65.01089702696217,2.0638985616280245,2.7764451051977934,13.002179405392434,29.073757006105275,26.83517937281897,80.72169032931104
HWIN-VAR-008,gradient_boosting,medae,25,5,0.6768026887311791,0.6768026887311791,0.6714129086328623,0.6821924688294959,0.660589934793708,0.6930154426686502,0.03242550787494225,3.0080548077525933,CI_WIDENED,0.013057279554633964,2.0638985616280245,2.7764451051977934,0.0026114559109267927,0.005839392937075944,0.00538978009831681,0.016212753937471073
HWIN-VAR-009,linear_regression,mae,25,5,0.3916200992056031,0.3916200992056031,0.38203600594501,0.40120419246619615,0.36279062139512697,0.4204495770160792,0.057658955620952246,3.008054807752586,CI_WIDENED,0.023218421289641848,2.0638985616280245,2.7764451051977934,0.00464368425792837,0.010383593666773501,0.009584093260593063,0.028829477810476095
HWIN-VAR-009,linear_regression,rmse,25,5,2.09199870706137,2.09199870706137,1.964856193173781,2.2191412209489596,1.7095470568920574,2.474450357230683,0.7649033003386254,3.008054807752583,CI_WIDENED,0.3080154137694103,2.0638985616280245,2.7764451051977934,0.06160308275388206,0.13774868066122523,0.12714251388758935,0.3824516501693127
HWIN-VAR-009,linear_regression,r2,25,5,0.0010318468023246207,0.0010318468023246207,0.0005303620561951375,0.001533331548454104,-0.000476646799284755,0.0025403404039339964,0.0030169872032187513,3.008054807752583,CI_WIDENED,0.0012148967867246026,2.0638985616280245,2.7764451051977934,0.00024297935734492052,0.000543318360152455,0.0005014847461294832,0.0015084936016093757
HWIN-VAR-009,linear_regression,mape,25,5,993.9730225031733,993.9730225031733,982.5890195053247,1005.3570255010219,959.729317554025,1028.2167274523215,68.4874098982965,3.0080548077525795,CI_WIDENED,27.578882047547864,2.0638985616280245,2.7764451051977934,5.515776409509573,12.333651000353122,11.384002997848597,34.243704949148295
HWIN-VAR-009,linear_regression,medae,25,5,0.2413708533961852,0.2413708533961852,0.23820888531375328,0.2445328214786171,0.23185948010386567,0.25088222668850474,0.019022746584639066,3.0080548077525866,CI_WIDENED,0.007660182872402693,2.0638985616280245,2.7764451051977934,0.0015320365744805387,0.003425737924554404,0.0031619680824319096,0.009511373292319523
HWIN-VAR-009,ridge,mae,25,5,0.3916200974294469,0.3916200974294469,0.3820360050011023,0.40120418985779155,0.36279062212241975,0.4204495727364741,0.05765895061405435,3.0080548077525826,CI_WIDENED,0.02321841927343705,2.0638985616280245,2.7764451051977934,0.00464368385468741,0.010383592765099304,0.009584092428344626,0.02882947530702718
HWIN-VAR-009,ridge,rmse,25,5,2.0919987065850774,2.0919987065850774,1.9648561934517732,2.2191412197183813,1.7095470586846961,2.474450354485459,0.7649032958007627,3.0080548077525844,CI_WIDENED,0.308015411942079,2.0638985616280245,2.7764451051977934,0.061603082388415796,0.1377486798440178,0.12714251313330405,0.3824516479003812
HWIN-VAR-009,ridge,r2,25,5,0.001031846993306873,0.001031846993306873,0.0005303629984499317,0.0015333309881638145,-0.000476644348433521,0.0025403383350472673,0.003016982683480788,3.0080548077525826,CI_WIDENED,0.0012148949666919812,2.0638985616280245,2.7764451051977934,0.00024297899333839624,0.0005433175462091225,0.0005014839948569415,0.001508491341740394
HWIN-VAR-009,ridge,mape,25,5,993.9729606694137,993.9729606694137,982.5889592892106,1005.3569620496169,959.7292605862317,1028.2166607525958,68.48740016636407,3.00805480775258,CI_WIDENED,27.578878128640472,2.0638985616280245,2.7764451051977934,5.515775625728095,12.333649247764457,11.38400138020313,34.24370008318208
HWIN-VAR-009,ridge,medae,25,5,0.24137054280360892,0.24137054280360892,0.23820853745069206,0.24453254815652578,0.23185905739962798,0.25088202820758987,0.019022970807961892,3.0080548077525795,CI_WIDENED,0.007660273163867693,2.0638985616280245,2.7764451051977934,0.0015320546327735386,0.0034257783041251096,0.003162005352916858,0.009511485403980958
HWIN-VAR-009,lasso,mae,25,5,0.3920579947747407,0.3920579947747407,0.38252831821453964,0.4015876713349417,0.36339220538150085,0.4207237841679805,0.05733157878647965,3.008054807752582,CI_WIDENED,0.023086591408552393,2.0638985616280245,2.7764451051977934,0.004617318281710478,0.010324637551657153,0.00952967656020104,0.028665789393239834
HWIN-VAR-009,lasso,rmse,25,5,2.0920486992492973,2.0920486992492973,1.9649254399576486,2.219171958540946,1.7096549679598751,2.474442430538719,0.764787462578844,3.0080548077525826,CI_WIDENED,0.30796876759139885,2.0638985616280245,2.7764451051977934,0.06159375351827977,0.13772781985624039,0.1271232592916487,0.38239373128942206
HWIN-VAR-009,lasso,r2,25,5,0.0009775143763844252,0.0009775143763844252,0.0005313340839445787,0.0014236946688242717,-0.0003646203974137087,0.002319649150182559,0.002684269547596268,3.0080548077525835,CI_WIDENED,0.0010809162347782608,2.0638985616280245,2.7764451051977934,0.00021618324695565216,0.00048340043578946266,0.0004461802924398465,0.001342134773798134
HWIN-VAR-009,lasso,mape,25,5,994.5138429928072,994.5138429928072,983.3850493746659,1005.6426366109486,961.0378218452709,1027.9898641403436,66.95204229507272,3.0080548077525853,CI_WIDENED,26.960611885311934,2.0638985616280245,2.7764451051977934,5.392122377062387,12.057152178109249,11.128793618141344,33.476021147536336
HWIN-VAR-009,lasso,medae,25,5,0.2456466413021745,0.2456466413021745,0.24254118608988234,0.24875209651446667,0.23630526182057876,0.25498802078377025,0.018682758963191493,3.0080548077525786,CI_WIDENED,0.007523274811148053,2.0638985616280245,2.7764451051977934,0.0015046549622296107,0.0033645107782277876,0.003105455212292163,0.00934137948159576
HWIN-VAR-009,elasticnet,mae,25,5,0.39181691760025067,0.39181691760025067,0.3822662473175966,0.4013675878829047,0.3630879779392534,0.42054585726124794,0.05745787932199453,3.008054807752586,CI_WIDENED,0.02313745079390041,2.0638985616280245,2.7764451051977934,0.0046274901587800826,0.010347382560243559,0.00955067028265405,0.02872893966099724
HWIN-VAR-009,elasticnet,rmse,25,5,2.0920235622559855,2.0920235622559855,1.9648932691213288,2.2191538553906422,1.709608672781286,2.474438451730685,0.764829778949399,3.008054807752584,CI_WIDENED,0.3079858077772365,2.0638985616280245,2.7764451051977934,0.0615971615554473,0.13773544045901684,0.12713029313465674,0.3824148894746994
HWIN-VAR-009,elasticnet,r2,25,5,0.001003884037648306,0.001003884037648306,0.000533035025692518,0.0014747330496040938,-0.00041245559649085513,0.002420223671787467,0.0028326792682783217,3.008054807752582,CI_WIDENED,0.0011406786668439201,2.0638985616280245,2.7764451051977934,0.00022813573336878402,0.0005101270079093681,0.0004708490119557879,0.001416339634139161
HWIN-VAR-009,elasticnet,mape,25,5,993.894760226913,993.894760226913,982.6589769862012,1005.1305434676249,960.0969084308239,1027.692612023002,67.59570359217821,3.0080548077525795,CI_WIDENED,27.21980491097619,2.0638985616280245,2.7764451051977934,5.443960982195238,12.173066823045074,11.23578324071184,33.79785179608915
HWIN-VAR-009,elasticnet,medae,25,5,0.2439787007746661,0.2439787007746661,0.24079167049121752,0.24716573105811468,0.23439193900808553,0.2535654625412467,0.019173523533161152,3.0080548077525844,CI_WIDENED,0.007720898552627061,2.0638985616280245,2.7764451051977934,0.001544179710525412,0.003452890802210769,0.0031870302834485775,0.00958676176658057
HWIN-VAR-009,random_forest,mae,25,5,0.3609644189316481,0.3609644189316481,0.34243799325079166,0.37949084461250454,0.305235915091877,0.4166929227714192,0.11145700767954225,3.0080548077525826,CI_WIDENED,0.04488211297129498,2.0638985616280245,2.7764451051977934,0.008976422594258996,0.020071891115528127,0.01852642568085644,0.05572850383977115
HWIN-VAR-009,random_forest,rmse,25,5,2.1675519803001153,2.1675519803001153,2.046935126061136,2.2881688345390945,1.8047298720105616,2.530374088589669,0.7256442165791075,3.0080548077525826,CI_WIDENED,0.2922063527769391,2.0638985616280245,2.7764451051977934,0.05844127055538782,0.13067865365330406,0.12061685423897917,0.3628221082895538
HWIN-VAR-009,random_forest,r2,25,5,-0.0804020226707837,-0.0804020226707837,-0.11598168896791204,-0.04482235637365535,-0.18742760893409316,0.026623563592525754,0.21405117252661893,3.008054807752583,CI_WIDENED,0.08619528827294383,2.0638985616280245,2.7764451051977934,0.017239057654588767,0.038547704783698566,0.035579666297128346,0.10702558626330945
HWIN-VAR-009,random_forest,mape,25,5,527.3786697720052,527.3786697720052,490.93652789251945,563.8208116514909,417.7587096866164,636.998629857394,219.23992017077762,3.0080548077525844,CI_WIDENED,88.2847213448799,2.0638985616280245,2.7764451051977934,17.65694426897598,39.48212766035562,36.44214187948572,109.61996008538878
HWIN-VAR-009,random_forest,medae,25,5,0.05092343384889388,0.05092343384889388,0.049514656718002675,0.05233221097978509,0.04668575502726469,0.05516111267052307,0.00847535764325838,3.0080548077525853,CI_WIDENED,0.0034129030299336746,2.0638985616280245,2.7764451051977934,0.0006825806059867349,0.0015262966351093392,0.0014087771308912075,0.004237678821629187
HWIN-VAR-009,extra_trees,mae,25,5,0.3520636278778321,0.3520636278778321,0.3355614459034544,0.36856580985220977,0.3024241600513972,0.40170309570426693,0.09927893565286972,3.0080548077525844,CI_WIDENED,0.039978180810787044,2.0638985616280245,2.7764451051977934,0.00799563616215741,0.017878785981939496,0.016502181974377694,0.04963946782643484
HWIN-VAR-009,extra_trees,rmse,25,5,2.270011048475481,2.270011048475481,2.230360366528424,2.309661730422538,2.150739624013968,2.3892824729369946,0.2385428489230268,3.0080548077525835,CI_WIDENED,0.09605772949369212,2.0638985616280245,2.7764451051977934,0.019211545898738424,0.042958322582436405,0.03965068194705701,0.11927142446151338
HWIN-VAR-009,extra_trees,r2,25,5,-0.2544251937729943,-0.2544251937729943,-0.4277982915165703,-0.08105209602941826,-0.7759409739755165,0.26709058642952804,1.0430315604050446,3.008054807752583,CI_WIDENED,0.42001361153819866,2.0638985616280245,2.7764451051977934,0.08400272230763974,0.18783579737492043,0.173373097743576,0.5215157802025223
HWIN-VAR-009,extra_trees,mape,25,5,483.03736004731866,483.03736004731866,466.5890224446865,499.4856976499508,433.55985904218346,532.5148610524539,98.95500201027039,3.008054807752583,CI_WIDENED,39.84773745289477,2.0638985616280245,2.7764451051977934,7.969547490578954,17.820449938847403,16.448337602632137,49.47750100513519
HWIN-VAR-009,extra_trees,medae,25,5,0.0557318622638962,0.0557318622638962,0.054305974170218,0.057157750357574394,0.05144271272839033,0.060021011799402064,0.008578299071011736,3.008054807752584,CI_WIDENED,0.0034543560429477747,2.0638985616280245,2.7764451051977934,0.0006908712085895549,0.0015448349861036813,0.0014258880936781973,0.004289149535505867
HWIN-VAR-009,gradient_boosting,mae,25,5,0.36314901500103003,0.36314901500103003,0.3503896155454334,0.37590841445662665,0.32476804212458693,0.4015299878774731,0.0767619457528862,3.0080548077525826,CI_WIDENED,0.030910917069325042,2.0638985616280245,2.7764451051977934,0.006182183413865008,0.013823782362773873,0.01275939945559662,0.038380972876443105
HWIN-VAR-009,gradient_boosting,rmse,25,5,2.107590222811973,2.107590222811973,1.994102249308905,2.221078196315041,1.7662121784939713,2.4489682671299744,0.6827560886360031,3.0080548077525826,CI_WIDENED,0.27493592856992827,2.0638985616280245,2.7764451051977934,0.054987185713985656,0.12295508514787723,0.11348797350306805,0.3413780443180016
HWIN-VAR-009,gradient_boosting,r2,25,5,-0.02269909369763381,-0.02269909369763381,-0.05640823598895867,0.011010048593691056,-0.1240980412322695,0.07869985383700187,0.20279789506927137,3.008054807752583,CI_WIDENED,0.08166375741047745,2.0638985616280245,2.7764451051977934,0.016332751482095488,0.03652114257357595,0.033709142291324865,0.10139894753463569
HWIN-VAR-009,gradient_boosting,mape,25,5,688.1698077698046,688.1698077698046,675.1832996155271,701.1563159240822,649.1056794804119,727.2339360591973,78.12825657878534,3.0080548077525813,CI_WIDENED,31.46111053063008,2.0638985616280245,2.7764451051977934,6.292222106126016,14.069836358824666,12.986508154277544,39.06412828939269
HWIN-VAR-009,gradient_boosting,medae,25,5,0.1527170983544611,0.1527170983544611,0.15007820124649218,0.15535599546243,0.14477915122167082,0.16065504548725137,0.01587589426558056,3.008054807752585,CI_WIDENED,0.006392991295772122,2.0638985616280245,2.7764451051977934,0.0012785982591544244,0.0028590326233821853,0.0026388971079689127,0.007937947132790274
HWIN-VAR-010,linear_regression,mae,25,5,0.39927171614050766,0.39927171614050766,0.38546950677087405,0.41307392551014127,0.3577539138885735,0.4407895183924418,0.08303560450386827,3.008054807752583,CI_WIDENED,0.03343722803592219,2.0638985616280245,2.7764451051977934,0.0066874456071844375,0.014953582973496757,0.013802209369633611,0.04151780225193414
HWIN-VAR-010,linear_regression,rmse,25,5,4.634006934181322,4.634006934181322,2.3785538807342137,6.88945998762843,-2.150519466900497,11.418533335263142,13.56905280216364,3.008054807752584,CI_WIDENED,5.4640598510519425,2.0638985616280245,2.7764451051977934,1.0928119702103885,2.4436018520159037,2.2554530534471082,6.784526401081819
HWIN-VAR-010,linear_regression,r2,25,5,0.0024249059681875408,0.0024249059681875408,0.0014866871584876375,0.003363124777887444,-0.0003973076330541594,0.005247119569429241,0.0056444272024834,3.0080548077525835,CI_WIDENED,0.0022729285904434823,2.0638985616280245,2.7764451051977934,0.00045458571808869644,0.001016484567246881,0.0009382188096999033,0.0028222136012417
HWIN-VAR-010,linear_regression,mape,25,5,1359.1862719557946,1359.1862719557946,1289.3482682222993,1429.0242756892899,1149.1097290614114,1569.2628148501778,420.1530857887665,3.008054807752582,CI_WIDENED,169.18952566740086,2.0638985616280245,2.7764451051977934,33.83790513348017,75.66385609465075,69.83800373349527,210.07654289438332
HWIN-VAR-010,linear_regression,medae,25,5,0.26694474200683094,0.26694474200683094,0.2630312804881397,0.2708582035255222,0.25517283527057694,0.27871664874308494,0.023543813472508,3.0080548077525884,CI_WIDENED,0.009480750632444563,2.0638985616280245,2.7764451051977934,0.0018961501264889128,0.004239920578374033,0.003913461518691264,0.011771906736253982
HWIN-VAR-010,ridge,mae,25,5,0.39927168188311013,0.39927168188311013,0.3854694666089214,0.41307389715729886,0.35775386186995056,0.4407895018962697,0.08303564002631914,3.008054807752584,CI_WIDENED,0.033437242340295555,2.0638985616280245,2.7764451051977934,0.006687448468059111,0.014953589370607003,0.013802215274188734,0.04151782001315957
HWIN-VAR-010,ridge,rmse,25,5,4.6340069172507565,4.6340069172507565,2.3785538590210096,6.889459975480504,-2.150519498217503,11.418533332719015,13.569052830936517,3.008054807752583,CI_WIDENED,5.464059862638362,2.0638985616280245,2.7764451051977934,1.0928119725276724,2.443601857197508,2.2554530582297474,6.784526415468259
HWIN-VAR-010,ridge,r2,25,5,0.0024249353196542645,0.0024249353196542645,0.0014866998340909308,0.003363170805217598,-0.00039732844349860044,0.005247199082807129,0.00564452752630573,3.0080548077525835,CI_WIDENED,0.002272968989384933,2.0638985616280245,2.7764451051977934,0.00045459379787698664,0.0010165026342027416,0.0009382354855633335,0.002822263763152865
HWIN-VAR-010,ridge,mape,25,5,1359.185770095433,1359.185770095433,1289.3478562807497,1429.0236839101165,1149.1094976817642,1569.262042509102,420.1525448273378,3.0080548077525844,CI_WIDENED,169.18930783011567,2.0638985616280245,2.7764451051977934,33.837861566023136,75.66375867485522,69.83791381468336,210.07627241366885
HWIN-VAR-010,ridge,medae,25,5,0.2669453970124538,0.2669453970124538,0.2630316666050965,0.27085912741981105,0.2551726814443553,0.2787181125805523,0.023545431136197004,3.0080548077525857,CI_WIDENED,0.009481402042041428,2.0638985616280245,2.7764451051977934,0.0018962804084082855,0.00424021189760199,0.003913730407357263,0.011772715568098491
HWIN-VAR-010,lasso,mae,25,5,0.3988237925025151,0.3988237925025151,0.3850687418097189,0.4125788431953113,0.357447846135169,0.4401997388698612,0.08275189273469219,3.008054807752582,CI_WIDENED,0.03332298144039132,2.0638985616280245,2.7764451051977934,0.006664596288078264,0.01490249034273577,0.0137550506927962,0.041375946367346116
HWIN-VAR-010,lasso,rmse,25,5,4.6339164325216045,4.6339164325216045,2.378446225956684,6.889386639086525,-2.1506615660787167,11.418494431121925,13.569155997200642,3.008054807752583,CI_WIDENED,5.464101406189707,2.0638985616280245,2.7764451051977934,1.0928202812379415,2.443620436038475,2.2554702065649206,6.784577998600321
HWIN-VAR-010,lasso,r2,25,5,0.0025708291516822745,0.0025708291516822745,0.0015320333254499109,0.0036096249779146382,-0.000553925627689304,0.005695583931053853,0.006249509558743156,3.0080548077525826,CI_WIDENED,0.0025165864387563476,2.0638985616280245,2.7764451051977934,0.0005033172877512695,0.0011254516696626608,0.0010387958262323637,0.0031247547793715785
HWIN-VAR-010,lasso,mape,25,5,1369.858386619971,1369.858386619971,1301.8082153405612,1437.9085578993809,1165.1597417345556,1574.5570315053865,409.39728977083087,3.0080548077525826,CI_WIDENED,164.8583233318675,2.0638985616280245,2.7764451051977934,32.9716646663735,73.72688352533906,68.05017127940982,204.69864488541546
HWIN-VAR-010,lasso,medae,25,5,0.26674699382014383,0.26674699382014383,0.2626163868463989,0.2708776007938888,0.25432190165383395,0.2791720859864537,0.024850184332619762,3.0080548077525884,CI_WIDENED,0.010006807142902143,2.0638985616280245,2.7764451051977934,0.0020013614285804286,0.004475180201851929,0.004130606973744955,0.01242509216630986
HWIN-VAR-010,elasticnet,mae,25,5,0.39889471398744886,0.39889471398744886,0.3850961360816978,0.4126932918931999,0.3573878353779058,0.4404015925969919,0.0830137572190861,3.0080548077525826,CI_WIDENED,0.03342843045267351,2.0638985616280245,2.7764451051977934,0.006685686090534703,0.014949648574660407,0.013798577905751064,0.04150687860954306
HWIN-VAR-010,elasticnet,rmse,25,5,4.633897307587901,4.633897307587901,2.3784165041601333,6.889378111015668,-2.1507125669566536,11.418507182132455,13.569219749089108,3.0080548077525826,CI_WIDENED,5.464127078146275,2.0638985616280245,2.7764451051977934,1.092825415629255,2.443631916886475,2.2554808034277674,6.784609874544555
HWIN-VAR-010,elasticnet,r2,25,5,0.002614469255897389,0.002614469255897389,0.0015559112265332727,0.0036730272852615055,-0.0005697313136164414,0.00579866982541122,0.006368401139027661,3.008054807752583,CI_WIDENED,0.0025644623457877574,2.0638985616280245,2.7764451051977934,0.0005128924691575515,0.0011468624261839993,0.0010585580293641164,0.0031842005695138305
HWIN-VAR-010,elasticnet,mape,25,5,1359.674807827582,1359.674807827582,1292.1696467065476,1427.1799689486165,1156.6155833693415,1562.7340322858227,406.11844891648116,3.008054807752585,CI_WIDENED,163.5379818952577,2.0638985616280245,2.7764451051977934,32.70759637905154,73.13640888418522,67.50516112103446,203.05922445824046
HWIN-VAR-010,elasticnet,medae,25,5,0.26768514064779647,0.26768514064779647,0.26356862381460416,0.2718016574809888,0.2553024323965179,0.28006784889907504,0.024765416502557147,3.0080548077525866,CI_WIDENED,0.009972672372873685,2.0638985616280245,2.7764451051977934,0.001994534474574737,0.0044599146686159375,0.0041165168331923074,0.012382708251278558
HWIN-VAR-010,random_forest,mae,25,5,0.3571860498008371,0.3571860498008371,0.33530774765076743,0.3790643519509068,0.2913749178328563,0.42299718176881795,0.13162226393596166,3.0080548077525835,CI_WIDENED,0.05300236784120791,2.0638985616280245,2.7764451051977934,0.010600473568241581,0.023703379492277934,0.021878302150069695,0.06581113196798083
HWIN-VAR-010,random_forest,rmse,25,5,5.598143219478147,5.598143219478147,3.4826301854929813,7.713656253463313,-0.765435933264186,11.96172237222048,12.727158305484666,3.008054807752584,CI_WIDENED,5.125041204342009,2.0638985616280245,2.7764451051977934,1.0250082408684018,2.2919881040792243,2.1155130339851658,6.363579152742333
HWIN-VAR-010,random_forest,r2,25,5,-1.549109203306532,-1.549109203306532,-2.22164638429622,-0.8765720223168438,-3.572137903974933,0.4739194973618688,4.046057401336801,3.0080548077525835,CI_WIDENED,1.629288361098483,2.0638985616280245,2.7764451051977934,0.3258576722196966,0.7286399060730864,0.6725371809896881,2.0230287006684007
HWIN-VAR-010,random_forest,mape,25,5,598.2149400976748,598.2149400976748,556.0079376557316,640.421942539618,471.2539634813624,725.1759167139872,253.92195323262484,3.008054807752584,CI_WIDENED,102.25067071283272,2.0638985616280245,2.7764451051977934,20.450134142566544,45.72789009176817,42.207002441943246,126.96097661631241
HWIN-VAR-010,random_forest,medae,25,5,0.07058729741829758,0.07058729741829758,0.06962179192777956,0.0715528029088156,0.06768300398563333,0.07349159085096184,0.005808586865328508,3.0080548077525897,CI_WIDENED,0.0023390332947284477,2.0638985616280245,2.7764451051977934,0.00046780665894568954,0.001046047489729622,0.0009655054905180205,0.002904293432664248
HWIN-VAR-010,extra_trees,mae,25,5,0.35090060081836116,0.35090060081836116,0.3336403454433493,0.368160856193373,0.29898080665451937,0.40282039498220296,0.10383958832768359,3.008054807752584,CI_WIDENED,0.04181468919043383,2.0638985616280245,2.7764451051977934,0.008362937838086766,0.01870009749756714,0.017260255375011857,0.051919794163841786
HWIN-VAR-010,extra_trees,rmse,25,5,5.6116842564242075,5.6116842564242075,3.4870475569827404,7.736320955865675,-0.7793393820582786,12.002707894906694,12.782047276964972,3.0080548077525835,CI_WIDENED,5.147144193379184,2.0638985616280245,2.7764451051977934,1.0294288386758368,2.3018728612778356,2.124636699441467,6.391023638482486
HWIN-VAR-010,extra_trees,r2,25,5,-1.2085053728377284,-1.2085053728377284,-1.574197990225739,-0.8428127554497178,-2.3085288087313596,-0.10848193694409725,2.2000468717872623,3.008054807752583,CI_WIDENED,0.8859268187568978,2.0638985616280245,2.7764451051977934,0.17718536375137955,0.39619851796611183,0.3656926173880106,1.1000234358936312
HWIN-VAR-010,extra_trees,mape,25,5,625.7760557426893,625.7760557426893,576.0489548994589,675.5031565859198,476.1942109756124,775.3579005097663,299.1636895341539,3.008054807752584,CI_WIDENED,120.46885871175085,2.0638985616280245,2.7764451051977934,24.09377174235017,53.87531145025853,49.72710084323046,149.58184476707692
HWIN-VAR-010,extra_trees,medae,25,5,0.08012739021299999,0.08012739021299999,0.07900315710816291,0.08125162331783706,0.07674563541696022,0.08350914500903975,0.006763509592079525,3.0080548077525786,CI_WIDENED,0.0027235667627731304,2.0638985616280245,2.7764451051977934,0.0005447133525546261,0.0012180160845639526,0.0011242331048370718,0.003381754796039768
HWIN-VAR-010,gradient_boosting,mae,25,5,0.3727590470055302,0.3727590470055302,0.36066673146086903,0.38485136255019137,0.3363846990945509,0.4091333949165095,0.07274869582195864,3.0080548077525826,CI_WIDENED,0.029294839798528243,2.0638985616280245,2.7764451051977934,0.005858967959705649,0.01310105063589508,0.01209231554466117,0.03637434791097933
HWIN-VAR-010,gradient_boosting,rmse,25,5,4.761065421517075,4.761065421517075,2.538732958887836,6.983397884146314,-1.9238324271194456,11.445963270153594,13.369795697273041,3.008054807752584,CI_WIDENED,5.383821918254161,2.0638985616280245,2.7764451051977934,1.0767643836508323,2.407718357593924,2.2223324626292387,6.6848978486365205
HWIN-VAR-010,gradient_boosting,r2,25,5,-0.2801723061278786,-0.2801723061278786,-0.5077076526700384,-0.052636959585718734,-0.9646110992276725,0.40426648697191536,1.3688775861995879,3.008054807752583,CI_WIDENED,0.5512270582781877,2.0638985616280245,2.7764451051977934,0.11024541165563755,0.2465162346694532,0.22753534654215982,0.6844387930997939
HWIN-VAR-010,gradient_boosting,mape,25,5,1057.9130966845737,1057.9130966845737,1035.2215559769425,1080.604637392205,989.6556985636701,1126.1704948054773,136.5147962418073,3.008054807752584,CI_WIDENED,54.97251931250906,2.0638985616280245,2.7764451051977934,10.994503862501812,24.58445801543805,22.691540707631248,68.25739812090363
HWIN-VAR-010,gradient_boosting,medae,25,5,0.16466260075715983,0.16466260075715983,0.16138686853265266,0.167938332981667,0.154809018690321,0.17451618282399867,0.01970716413367768,3.0080548077525813,CI_WIDENED,0.007935787846867907,2.0638985616280245,2.7764451051977934,0.0015871575693735813,0.003548992216122666,0.0032757322245071663,0.009853582066838847
HWIN-VAR-014,linear_regression,mae,25,5,17.820223690207346,17.820223690207346,17.1057903293498,18.53465705106489,15.671168984260973,19.96927839615372,4.298109411892746,3.0080548077525835,CI_WIDENED,1.7307860331420357,2.0638985616280245,2.7764451051977934,0.34615720662840715,0.7740310449225591,0.7144333608575444,2.1490547059463725
HWIN-VAR-014,linear_regression,rmse,25,5,378.649668560422,378.649668560422,276.71532837450127,480.58400874634276,72.02558648907575,685.2737506317683,613.2481641426925,3.0080548077525835,CI_WIDENED,246.9461001647142,2.0638985616280245,2.7764451051977934,49.389220032942845,110.43765334935459,101.93434018592075,306.62408207134627
HWIN-VAR-014,linear_regression,r2,25,5,0.0008154635150508849,0.0008154635150508849,0.0003596845967363947,0.001271242433365375,-0.000555544451457289,0.002186471481559059,0.0027420159330163478,3.0080548077525835,CI_WIDENED,0.0011041698627740864,2.0638985616280245,2.7764451051977934,0.00022083397255481728,0.0004937997743738944,0.0004557789183144901,0.0013710079665081739
HWIN-VAR-014,linear_regression,mape,25,5,48.07457204608785,48.07457204608785,43.8420147701636,52.3071293220121,35.342807783155735,60.80633630901997,25.463528525864234,3.008054807752583,CI_WIDENED,10.253791912586937,2.0638985616280245,2.7764451051977934,2.0507583825173876,4.585635148736395,4.2325572759242505,12.731764262932119
HWIN-VAR-014,linear_regression,medae,25,5,9.374878115702037,9.374878115702037,9.319653650369071,9.430102581035003,9.208759897251642,9.540996334152432,0.3322364369007893,3.0080548077525973,CI_WIDENED,0.13378677217887164,2.0638985616280245,2.7764451051977934,0.026757354435774327,0.05983126341644692,0.05522446533296588,0.16611821845039387
HWIN-VAR-014,ridge,mae,25,5,17.820223058616804,17.820223058616804,17.10578965455449,18.53465646267912,15.671168222708111,19.969277894525497,4.298109671817386,3.0080548077525835,CI_WIDENED,1.730786137809901,2.0638985616280245,2.7764451051977934,0.3461572275619802,0.7740310917314515,0.7144334040623157,2.1490548359086925
HWIN-VAR-014,ridge,rmse,25,5,378.64966841374,378.64966841374,276.71532820022725,480.5840086272528,72.02558625939542,685.2737505680846,613.2481643086892,3.0080548077525835,CI_WIDENED,246.94610023155863,2.0638985616280245,2.7764451051977934,49.38922004631173,110.43765337924833,101.93434021351277,306.6240821543446
HWIN-VAR-014,ridge,r2,25,5,0.0008154654980146558,0.0008154654980146558,0.0003596854676792283,0.0012712455283500834,-0.0005555458135134454,0.002186476809542757,0.0027420226230562023,3.0080548077525835,CI_WIDENED,0.0011041725567556566,2.0638985616280245,2.7764451051977934,0.00022083451135113133,0.0004938009791590785,0.00045578003033542756,0.0013710113115281012
HWIN-VAR-014,ridge,mape,25,5,48.07457233132245,48.07457233132245,43.842014773976615,52.307129888668285,35.34280722185878,60.80633744078612,25.463530218927346,3.008054807752584,CI_WIDENED,10.25379259435878,2.0638985616280245,2.7764451051977934,2.050758518871756,4.585635453634032,4.232557557345835,12.73176510946367
HWIN-VAR-014,ridge,medae,25,5,9.374881719911421,9.374881719911421,9.319660950836047,9.430102488986796,9.208774620006446,9.540988819816397,0.3322141998099504,3.0080548077525884,CI_WIDENED,0.1337778176264041,2.0638985616280245,2.7764451051977934,0.02675556352528082,0.05982725881884182,0.05522076907537432,0.1661070999049749
HWIN-VAR-014,lasso,mae,25,5,17.816137747581596,17.816137747581596,17.10153340165007,18.530742093513123,15.666568709161378,19.965706786001814,4.2991380768404355,3.008054807752582,CI_WIDENED,1.7312002615279678,2.0638985616280245,2.7764451051977934,0.34624005230559357,0.7742162934883899,0.7146043459315266,2.1495690384202186
HWIN-VAR-014,lasso,rmse,25,5,378.6483413368312,378.6483413368312,276.71374082422227,480.58294184944015,72.02347618853901,685.2732064851234,613.2497302965844,3.0080548077525826,CI_WIDENED,246.94673083206635,2.0638985616280245,2.7764451051977934,49.38934616641327,110.4379353923687,101.93460051260894,306.6248651482922
HWIN-VAR-014,lasso,r2,25,5,0.0008343008514229755,0.0008343008514229755,0.0003673855572428853,0.0013012161456030656,-0.0005702059440486565,0.0022388076468946075,0.002809013590943264,3.008054807752583,CI_WIDENED,0.0011311488434096841,2.0638985616280245,2.7764451051977934,0.00022622976868193683,0.0005058651413068638,0.00046691529418009016,0.001404506795471632
HWIN-VAR-014,lasso,mape,25,5,48.082087393849754,48.082087393849754,43.84630526536142,52.317869522338086,35.34062259765796,60.823552190041546,25.482929592383584,3.0080548077525826,CI_WIDENED,10.261604439384614,2.0638985616280245,2.7764451051977934,2.052320887876923,4.589129016935523,4.2357821284883315,12.741464796191794
HWIN-VAR-014,lasso,medae,25,5,9.376497552715236,9.376497552715236,9.316090504799439,9.436904600631033,9.194789841809982,9.55820526362049,0.3634154218105081,3.008054807752577,CI_WIDENED,0.14634209509828697,2.0638985616280245,2.7764451051977934,0.029268419019657394,0.06544617452190168,0.06040704791579721,0.18170771090525448
HWIN-VAR-014,elasticnet,mae,25,5,17.816387641960763,17.816387641960763,17.101826877801784,18.53094840611974,15.666949699900988,19.965825584020536,4.298875884119548,3.008054807752582,CI_WIDENED,1.7310946803396323,2.0638985616280245,2.7764451051977934,0.3462189360679265,0.7741690761455373,0.7145607641589784,2.149437942059775
HWIN-VAR-014,elasticnet,rmse,25,5,378.64851966138093,378.64851966138093,276.7139793995421,480.58305992321976,72.02383575070735,685.2732035720545,613.2493678213472,3.0080548077525835,CI_WIDENED,246.94658486856983,2.0638985616280245,2.7764451051977934,49.38931697371397,110.43787011550862,101.93454026183883,306.6246839106736
HWIN-VAR-014,elasticnet,r2,25,5,0.000831056932617602,0.000831056932617602,0.00036638392455898505,0.001295729940676219,-0.0005667049433059756,0.00222881880854118,0.002795523751847155,3.008054807752583,CI_WIDENED,0.001125716681763851,2.0638985616280245,2.7764451051977934,0.0002251433363527702,0.0005034358047658937,0.000464673008058617,0.0013977618759235776
HWIN-VAR-014,elasticnet,mape,25,5,48.08064505615665,48.08064505615665,43.84479178573295,52.316498326580344,35.33896626112414,60.822323851189154,25.483357590065012,3.008054807752584,CI_WIDENED,10.261776787814638,2.0638985616280245,2.7764451051977934,2.0523553575629276,4.589206093496593,4.235853270423696,12.741678795032502
HWIN-VAR-014,elasticnet,medae,25,5,9.3755725416972,9.3755725416972,9.315940666766437,9.435204416627961,9.196196593616419,9.55494848977798,0.3587518961615608,3.0080548077525977,CI_WIDENED,0.14446416127090037,2.0638985616280245,2.7764451051977934,0.028892832254180073,0.06460633698284513,0.05963187493076205,0.17937594808077953
HWIN-VAR-014,random_forest,mae,25,5,18.37198057970392,18.37198057970392,17.766559254428707,18.977401904979132,16.550840051493875,20.193121107913964,3.6422810564200887,3.0080548077525835,CI_WIDENED,1.4666935103575298,2.0638985616280245,2.7764451051977934,0.293338702071506,0.6559252782634457,0.6054213252752128,1.8211405282100444
HWIN-VAR-014,random_forest,rmse,25,5,441.3538390983638,441.3538390983638,360.1985028763862,522.5091753203413,197.2341398010668,685.4735383956607,488.2393985945939,3.008054807752583,CI_WIDENED,196.60689176012943,2.0638985616280245,2.7764451051977934,39.32137835202589,87.92527496411853,81.15533622197756,244.119699297297
HWIN-VAR-014,random_forest,r2,25,5,-2.2223468743894337,-2.2223468743894337,-3.7748295219699113,-0.6698642268089561,-6.892299766396349,2.447606017617481,9.33990578401383,3.008054807752583,CI_WIDENED,3.761043969030782,2.0638985616280245,2.7764451051977934,0.7522087938061565,1.6819899962236884,1.5524826475804776,4.669952892006915
HWIN-VAR-014,random_forest,mape,25,5,33.69522943093168,33.69522943093168,31.198037880461573,36.192420981401796,26.183540381660936,41.206918480202425,15.023378098541489,3.0080548077525826,CI_WIDENED,6.049695457174748,2.0638985616280245,2.7764451051977934,1.2099390914349495,2.7055060570828804,2.497191550470111,7.511689049270745
HWIN-VAR-014,random_forest,medae,25,5,7.66861539999999,7.66861539999999,7.609677538402423,7.727553261597558,7.49132708206277,7.845903717937211,0.3545766358744409,3.00805480775259,CI_WIDENED,0.14278284479029085,2.0638985616280245,2.7764451051977934,0.028556568958058172,0.06385442939437841,0.05893786159756775,0.17728831793722002
HWIN-VAR-014,extra_trees,mae,25,5,18.505863384512697,18.505863384512697,17.65202937434933,19.359697394676065,15.93748388521811,21.074242883807283,5.136758998589173,3.0080548077525826,CI_WIDENED,2.0684980018830355,2.0638985616280245,2.7764451051977934,0.4136996003766071,0.925060428706591,0.8538340101633679,2.5683794992945868
HWIN-VAR-014,extra_trees,rmse,25,5,438.44271791562255,438.44271791562255,352.868881865538,524.0165539657071,181.0319289673344,695.8535068639108,514.8215778965764,3.0080548077525844,CI_WIDENED,207.31114804058734,2.0638985616280245,2.7764451051977934,41.46222960811747,92.71236390245512,85.57383605008454,257.41078894828814
HWIN-VAR-014,extra_trees,r2,25,5,-1.2773258817178106,-1.2773258817178106,-1.9168399716835878,-0.6378117917520335,-3.201019314664885,0.6463675512292635,3.8473868658941486,3.0080548077525835,CI_WIDENED,1.549286631270584,2.0638985616280245,2.7764451051977934,0.30985732625411677,0.6928620448305354,0.6395140899657772,1.923693432947074
HWIN-VAR-014,extra_trees,mape,25,5,34.00664126056034,34.00664126056034,30.97062896140108,37.04265355971961,24.87414986767834,43.139132653442346,18.264982785764005,3.008054807752583,CI_WIDENED,7.355042431844199,2.0638985616280245,2.7764451051977934,1.4710084863688397,3.289274970999798,3.0360122991592657,9.132491392882004
HWIN-VAR-014,extra_trees,medae,25,5,7.617429066666671,7.617429066666671,7.556474209219819,7.678383924113523,7.434073514667794,7.800784618665547,0.3667111039977531,3.008054807752588,CI_WIDENED,0.14766921829426077,2.0638985616280245,2.7764451051977934,0.029533843658852154,0.06603968205804453,0.06095485744685192,0.18335555199887626
HWIN-VAR-014,gradient_boosting,mae,25,5,21.375015284398543,21.375015284398543,19.567445174504726,23.18258539429236,15.937745324982583,26.812285243814504,10.874539918831921,3.008054807752583,CI_WIDENED,4.3790187742269335,2.0638985616280245,2.7764451051977934,0.8758037548453868,1.9583567307838454,1.8075701098938168,5.437269959415961
HWIN-VAR-014,gradient_boosting,rmse,25,5,528.1298405698346,528.1298405698346,462.8238692161574,593.4358119235119,331.6858994644533,724.573781675216,392.88788221076265,3.008054807752583,CI_WIDENED,158.2102254632205,2.0638985616280245,2.7764451051977934,31.6420450926441,70.75376377426583,65.30597135367725,196.44394110538133
HWIN-VAR-014,gradient_boosting,r2,25,5,-6.101701128385477,-6.101701128385477,-9.490753069731904,-2.7126491870390494,-16.296155114275823,4.09275285750487,20.388907971780693,3.0080548077525835,CI_WIDENED,8.210316156897527,2.0638985616280245,2.7764451051977934,1.6420632313795054,3.6717650087175397,3.389051941346427,10.194453985890346
HWIN-VAR-014,gradient_boosting,mape,25,5,44.81611939237138,44.81611939237138,40.66082307871021,48.971415706032545,32.31676033842631,57.31547844631644,24.998718107890127,3.0080548077525835,CI_WIDENED,10.066619529942953,2.0638985616280245,2.7764451051977934,2.0133239059885906,4.501929114515884,4.155296313661168,12.499359053945064
HWIN-VAR-014,gradient_boosting,medae,25,5,9.493832978599997,9.493832978599997,9.378353867368158,9.609312089831835,9.14646548286407,9.841200474335924,0.6947349914718544,3.008054807752583,CI_WIDENED,0.27975965819935306,2.0638985616280245,2.7764451051977934,0.05595193163987061,0.12511232261917196,0.11547911123183852,0.3473674957359272
HWIN-VAR-015,linear_regression,mae,25,5,187.24198105710784,187.24198105710784,179.06888921126804,195.41507290294763,162.65687283602603,211.82708927818965,49.17021644216362,3.0080548077525817,CI_WIDENED,19.80012971033027,2.0638985616280245,2.7764451051977934,3.9600259420660544,8.854887199122341,8.173091845839792,24.585108221081825
HWIN-VAR-015,linear_regression,rmse,25,5,3815.154762370497,3815.154762370497,1545.8339613260573,6084.475563414937,-3011.086583544173,10641.396108285167,13652.48269182934,3.0080548077525835,CI_WIDENED,5497.655851977473,2.0638985616280245,2.7764451051977934,1099.5311703954944,2458.62644038423,2269.3208010444396,6826.24134591467
HWIN-VAR-015,linear_regression,r2,25,5,-0.00027375726546758906,-0.00027375726546758906,-0.0006852177359904115,0.0001377032050552334,-0.0015114529120239051,0.0009639383810887271,0.0024753912931126322,3.008054807752583,CI_WIDENED,0.0009968040052275103,2.0638985616280245,2.7764451051977934,0.00019936080104550205,0.00044578430318655373,0.00041146047052282247,0.0012376956465563161
HWIN-VAR-015,linear_regression,mape,25,5,1704.7350053969096,1704.7350053969096,1625.93355296563,1783.5364578281892,1467.6959175531126,1941.7740932407066,474.078175687594,3.0080548077525826,CI_WIDENED,190.90437363627063,2.0638985616280245,2.7764451051977934,38.18087472725413,85.37503133054396,78.80145243127959,237.03908784379703
HWIN-VAR-015,linear_regression,medae,25,5,109.93709295392009,109.93709295392009,107.36917136038706,112.50501454745311,102.21264405856138,117.66154184927879,15.44889779071741,3.008054807752584,CI_WIDENED,6.221046037038336,2.0638985616280245,2.7764451051977934,1.2442092074076672,2.782136365994679,2.567921593533029,7.724448895358703
HWIN-VAR-015,ridge,mae,25,5,187.24149946273522,187.24149946273522,179.06832144692729,195.41467747854315,162.65613203766645,211.826866887804,49.170734850137535,3.008054807752582,CI_WIDENED,19.80033846566773,2.0638985616280245,2.7764451051977934,3.9600676931335457,8.854980557347385,8.173178015807935,24.585367425068778
HWIN-VAR-015,ridge,rmse,25,5,3815.154693690971,3815.154693690971,1545.8338768808999,6084.475510501042,-3011.0866996475834,10641.396087029525,13652.482786677108,3.008054807752584,CI_WIDENED,5497.655890171287,2.0638985616280245,2.7764451051977934,1099.5311780342574,2458.626457465023,2269.320816810071,6826.241393338554
HWIN-VAR-015,ridge,r2,25,5,-0.0002736040741668777,-0.0002736040741668777,-0.000685033224510157,0.00013782507617640156,-0.0015112055079065394,0.000963997359572784,0.0024752028674793233,3.008054807752583,CI_WIDENED,0.0009967281289704948,2.0638985616280245,2.7764451051977934,0.00019934562579409896,0.00044575037029284074,0.0004114291503432793,0.0012376014337396617
HWIN-VAR-015,ridge,mape,25,5,1704.723987233404,1704.723987233404,1625.9245445797515,1783.5234298870564,1467.6909449108607,1941.7570295559472,474.06608464508645,3.008054807752582,CI_WIDENED,190.89950474962941,2.0638985616280245,2.7764451051977934,38.17990094992588,85.37285389824306,78.79944265365248,237.0330423225433
HWIN-VAR-015,ridge,medae,25,5,109.93654847777458,109.93654847777458,107.36849715702571,112.50459979852344,102.21170935584058,117.66138759970858,15.449678243867993,3.008054807752585,CI_WIDENED,6.221360314150224,2.0638985616280245,2.7764451051977934,1.2442720628300448,2.7822769149918694,2.5680513207488644,7.724839121933993
HWIN-VAR-015,lasso,mae,25,5,187.17353890448751,187.17353890448751,178.99114927249184,195.3559285364832,162.56046243305804,211.786615375917,49.22615294285896,3.0080548077525826,CI_WIDENED,19.822654524118963,2.0638985616280245,2.7764451051977934,3.9645309048237927,8.864960602084748,8.182389631995676,24.613076471429483
HWIN-VAR-015,lasso,rmse,25,5,3815.1460919342244,3815.1460919342244,1545.8226885124855,6084.469495355963,-3011.1030820739916,10641.39526594244,13652.49834801643,3.008054807752583,CI_WIDENED,5497.6621564958905,2.0638985616280245,2.7764451051977934,1099.5324312991781,2458.6292598505797,2269.3234034217385,6826.249174008216
HWIN-VAR-015,lasso,r2,25,5,-0.00025320490744384916,-0.00025320490744384916,-0.0006605492306581935,0.00015413941577049515,-0.0014785189572994798,0.0009721091424117814,0.0024506280997112612,3.008054807752583,CI_WIDENED,0.0009868322280650918,2.0638985616280245,2.7764451051977934,0.00019736644561301836,0.00044132478886822415,0.0004073443232143443,0.0012253140498556306
HWIN-VAR-015,lasso,mape,25,5,1703.1808524713567,1703.1808524713567,1624.5901546439704,1781.771550298743,1466.7757260270569,1939.5859789156566,472.81025288859973,3.0080548077525835,CI_WIDENED,190.3937995998048,2.0638985616280245,2.7764451051977934,38.07875991996096,85.14669567992715,78.5906978273863,236.40512644429984
HWIN-VAR-015,lasso,medae,25,5,109.97786327351876,109.97786327351876,107.3945976147124,112.56112893232513,102.20725858884413,117.7484679581934,15.541209369349275,3.0080548077525817,CI_WIDENED,6.2582185646969535,2.0638985616280245,2.7764451051977934,1.2516437129393907,2.7987604257427106,2.5832656588063685,7.770604684674641
HWIN-VAR-015,elasticnet,mae,25,5,185.25884043793522,185.25884043793522,176.73328791509914,193.7843929607713,159.61351118287098,210.90416969299946,51.29065851012848,3.008054807752584,CI_WIDENED,20.654000834496042,2.0638985616280245,2.7764451051977934,4.130800166899208,9.236749974654106,8.52555252283608,25.645329255064237
HWIN-VAR-015,elasticnet,rmse,25,5,3814.8986869045593,3814.8986869045593,1545.5181571698058,6084.279216639313,-3011.5223261841693,10641.319699993288,13652.842026177457,3.008054807752583,CI_WIDENED,5497.80055068366,2.0638985616280245,2.7764451051977934,1099.560110136732,2458.691151612888,2269.3805297347535,6826.421013088729
HWIN-VAR-015,elasticnet,r2,25,5,0.0002994064078496228,0.0002994064078496228,-4.1923936963027535e-05,0.000640736752662273,-0.0007273339768959166,0.001326146792595162,0.002053480769491079,3.0080548077525826,CI_WIDENED,0.0008269067849521765,2.0638985616280245,2.7764451051977934,0.0001653813569904353,0.0003698039564417733,0.00034133034481265026,0.0010267403847455394
HWIN-VAR-015,elasticnet,mape,25,5,1658.4136655934772,1658.4136655934772,1587.967337629221,1728.8599935577333,1446.5072500720812,1870.3200811148731,423.8128310427919,3.008054807752582,CI_WIDENED,170.66325175566618,2.0638985616280245,2.7764451051977934,34.132650351133236,76.32292643736598,70.44632796425617,211.90641552139604
HWIN-VAR-015,elasticnet,medae,25,5,111.65376165206948,111.65376165206948,108.68154620850542,114.62597709563353,102.71317469738015,120.5943486067588,17.881173909378646,3.0080548077525817,CI_WIDENED,7.200488189738208,2.0638985616280245,2.7764451051977934,1.4400976379476416,3.220156212687807,2.9722154435640533,8.940586954689326
HWIN-VAR-015,random_forest,mae,25,5,166.04277843667916,166.04277843667916,148.95253025348967,183.13302661986864,114.63437522355116,217.45118164980715,102.816806426256,3.008054807752584,CI_WIDENED,41.40282982151149,2.0638985616280245,2.7764451051977934,8.280565964302298,18.515908388351033,17.090248183189487,51.40840321312799
HWIN-VAR-015,random_forest,rmse,25,5,4487.599684295204,4487.599684295204,2354.869755410599,6620.329613179809,-1927.768831923957,10902.968200514364,12830.737032438321,3.0080548077525826,CI_WIDENED,5166.7508484580885,2.0638985616280245,2.7764451051977934,1033.3501696916178,2310.6412239914,2132.729928884605,6415.3685162191605
HWIN-VAR-015,random_forest,r2,25,5,-3.0983227043353554,-3.0983227043353554,-4.941017125845069,-1.2556282828256415,-8.641248518176514,2.444603109505804,11.085851627682318,3.008054807752583,CI_WIDENED,4.464110920393726,2.0638985616280245,2.7764451051977934,0.8928221840787453,1.9964110954199048,1.8426944215097136,5.542925813841159
HWIN-VAR-015,random_forest,mape,25,5,815.4796281182603,815.4796281182603,726.2577178553063,904.7015383812143,547.095231994912,1083.8640242416086,536.7687922466966,3.0080548077525835,CI_WIDENED,216.1489714702229,2.0638985616280245,2.7764451051977934,43.22979429404458,96.66475869481621,89.221910262954,268.3843961233483
HWIN-VAR-015,random_forest,medae,25,5,16.490650000000002,16.490650000000002,16.277242368927926,16.70405763107208,15.848708149342553,17.13259185065745,1.283883701314899,3.008054807752584,CI_WIDENED,0.5170012592666821,2.0638985616280245,2.7764451051977934,0.10340025185333641,0.2312099920346588,0.2134076310720765,0.6419418506574492
HWIN-VAR-015,extra_trees,mae,25,5,141.97034287989524,141.97034287989524,131.26645355987063,152.67423219991986,109.77245714914366,174.16822861064682,64.39577146150316,3.008054807752584,CI_WIDENED,25.93123886762457,2.0638985616280245,2.7764451051977934,5.186247773524914,11.596802569758642,10.703889320024615,32.19788573075157
HWIN-VAR-015,extra_trees,rmse,25,5,3977.619358994698,3977.619358994698,1744.0281598636193,6211.2105581257765,-2741.1453861054006,10696.384104094795,13437.529490200195,3.0080548077525826,CI_WIDENED,5411.097329728256,2.0638985616280245,2.7764451051977934,1082.2194659456513,2419.916292427995,2233.5911991310786,6718.7647451000985
HWIN-VAR-015,extra_trees,r2,25,5,-0.43425751857071015,-0.43425751857071015,-0.6417262736943878,-0.2267887634470325,-1.0583349048789321,0.18981986773751192,1.2481547726164441,3.0080548077525835,CI_WIDENED,0.5026137402800073,2.0638985616280245,2.7764451051977934,0.10052274805600145,0.22477569793830407,0.20746875512367768,0.6240773863082221
HWIN-VAR-015,extra_trees,mape,25,5,611.5290110959357,611.5290110959357,587.914887756972,635.1431344348995,540.4964338553034,682.5615883365681,142.0651544812647,3.008054807752583,CI_WIDENED,57.207567702204976,2.0638985616280245,2.7764451051977934,11.441513540440996,25.584002041910352,23.614123338963736,71.03257724063235
HWIN-VAR-015,extra_trees,medae,25,5,16.514329999999998,16.514329999999998,16.259368419181968,16.769291580818027,15.747391591028125,17.281268408971872,1.5338768179437476,3.008054807752584,CI_WIDENED,0.6176698447255895,2.0638985616280245,2.7764451051977934,0.1235339689451179,0.2762303520916316,0.2549615808180299,0.7669384089718736
HWIN-VAR-015,gradient_boosting,mae,25,5,162.78940699924615,162.78940699924615,152.71830914008962,172.8605048584027,132.49499266466358,193.08382133382872,60.58882866916514,3.008054807752583,CI_WIDENED,24.398238475471274,2.0638985616280245,2.7764451051977934,4.8796476950942544,10.91122395248092,10.071097859156538,30.294414334582573
HWIN-VAR-015,gradient_boosting,rmse,25,5,4145.362475026774,4145.362475026774,1944.400306501791,6346.324643551756,-2475.2523576863505,10765.977307739897,13241.229665426246,3.008054807752583,CI_WIDENED,5332.05025054342,2.0638985616280245,2.7764451051977934,1066.410050108684,2384.565363931974,2200.962168524982,6620.614832713124
HWIN-VAR-015,gradient_boosting,r2,25,5,-0.9916288310320247,-0.9916288310320247,-1.5078970282692947,-0.4753606337947546,-2.5445918638213536,0.5613342017573044,3.1059260655786582,3.0080548077525835,CI_WIDENED,1.2507111706837772,2.0638985616280245,2.7764451051977934,0.25014223413675546,0.5593350395734535,0.51626819723727,1.5529630327893291
HWIN-VAR-015,gradient_boosting,mape,25,5,1069.1750735402914,1069.1750735402914,1012.7389414502347,1125.611205630348,899.4120950758368,1238.938052004746,339.5259569289092,3.008054807752582,CI_WIDENED,136.72215567982957,2.0638985616280245,2.7764451051977934,27.344431135965912,61.14400682608157,56.43613209005662,169.76297846445465
HWIN-VAR-015,gradient_boosting,medae,25,5,42.321864789824616,42.321864789824616,41.07598814368303,43.567741435966205,38.574199554531745,46.06953002511749,7.495330470585742,3.008054807752583,CI_WIDENED,3.018260367309013,2.0638985616280245,2.7764451051977934,0.6036520734618026,1.3498070710192873,1.245876646141589,3.7476652352928705
HWIN-VAR-028,linear_regression,mae,25,5,2.3672967297970295,2.3672967297970295,2.336306852673406,2.398286606920653,2.274077480923652,2.460515978670407,0.1864384977467548,3.0080548077525866,CI_WIDENED,0.07507606647871858,2.0638985616280245,2.7764451051977934,0.015015213295743715,0.0335750376259416,0.030989877123623444,0.09321924887337729
HWIN-VAR-028,linear_regression,rmse,25,5,8.693223737089973,8.693223737089973,6.753128501537724,10.633318972642222,2.8573109362891485,14.529136537890796,11.671825601601647,3.008054807752583,CI_WIDENED,4.700074101563117,2.0638985616280245,2.7764451051977934,0.9400148203126234,2.101937038076276,1.9400952355522492,5.835912800800824
HWIN-VAR-028,linear_regression,r2,25,5,0.00327014960269405,0.00327014960269405,0.002240948411728058,0.004299350793660043,0.0001742560120641121,0.006366043193323988,0.006191787181259876,3.0080548077525835,CI_WIDENED,0.002493342478406855,2.0638985616280245,2.7764451051977934,0.000498668495681371,0.0011150566545811058,0.0010292011909659924,0.003095893590629938
HWIN-VAR-028,linear_regression,mape,25,5,319.0212011283301,319.0212011283301,305.8831932415559,332.15920901510435,279.5013533402275,358.5410489164327,79.03969557620519,3.008054807752584,CI_WIDENED,31.828133734467155,2.0638985616280245,2.7764451051977934,6.365626746893431,14.23397412544456,13.138007886774233,39.51984778810259
HWIN-VAR-028,linear_regression,medae,25,5,1.7347002318881446,1.7347002318881446,1.718902465061017,1.7504979987152722,1.687179683432049,1.7822207803442403,0.09504109691219131,3.0080548077525897,CI_WIDENED,0.038271664898749176,2.0638985616280245,2.7764451051977934,0.007654332979749835,0.017115608865139152,0.015797766827127635,0.04752054845609556
HWIN-VAR-028,ridge,mae,25,5,2.367296725426878,2.367296725426878,2.3363068491894827,2.3982866016642737,2.274077479219323,2.4605159716344334,0.18643849241511035,3.00805480775259,CI_WIDENED,0.07507606433174295,2.0638985616280245,2.7764451051977934,0.01501521286634859,0.03357503666578491,0.030989876237395464,0.09321924620755495
HWIN-VAR-028,ridge,rmse,25,5,8.693223733365858,8.693223733365858,6.753128497508073,10.633318969223645,2.857310931645964,14.529136535085753,11.671825603439789,3.0080548077525835,CI_WIDENED,4.70007410230331,2.0638985616280245,2.7764451051977934,0.940014820460662,2.1019370384073,1.9400952358577856,5.8359128017198945
HWIN-VAR-028,ridge,r2,25,5,0.0032701506919029953,0.0032701506919029953,0.0022409491121998136,0.004299352271606177,0.0001742559319302863,0.006366045451875704,0.006191789519945418,3.008054807752583,CI_WIDENED,0.0024933434201614463,2.0638985616280245,2.7764451051977934,0.0004986686840322892,0.0011150570757465627,0.0010292015797031817,0.003095894759972709
HWIN-VAR-028,ridge,mape,25,5,319.02120206213345,319.02120206213345,305.883194128592,332.1592099956749,279.50135413335244,358.5410499909145,79.03969585756204,3.008054807752584,CI_WIDENED,31.828133847765457,2.0638985616280245,2.7764451051977934,6.365626769553091,14.233974176113101,13.138007933541473,39.51984792878101
HWIN-VAR-028,ridge,medae,25,5,1.7347003283092202,1.7347003283092202,1.7189029074423336,1.7504977491761067,1.6871808205204912,1.782219836097949,0.09503901557745786,3.0080548077525817,CI_WIDENED,0.038270826775578894,2.0638985616280245,2.7764451051977934,0.007654165355115779,0.017115234045062697,0.015797420866886513,0.04751950778872895
HWIN-VAR-028,lasso,mae,25,5,2.3676465774801905,2.3676465774801905,2.3366557675047606,2.3986373874556204,2.2744245225374518,2.460868632422929,0.18644410988547744,3.0080548077525853,CI_WIDENED,0.0750783264052087,2.0638985616280245,2.7764451051977934,0.01501566528104174,0.03357604829579281,0.03099080997542991,0.09322205494273866
HWIN-VAR-028,lasso,rmse,25,5,8.693212571075014,8.693212571075014,6.753128717667129,10.6332964244829,2.857334008388264,14.529091133761764,11.6717571253735,3.008054807752584,CI_WIDENED,4.700046527183797,2.0638985616280245,2.7764451051977934,0.9400093054367593,2.1019247064389566,1.9400838534078857,5.83587856268675
HWIN-VAR-028,lasso,r2,25,5,0.003269104446622606,0.003269104446622606,0.002241060638369553,0.004297148254875659,0.00017669232662673433,0.006361516566618478,0.006184824239991744,3.0080548077525835,CI_WIDENED,0.0024905386034140206,2.0638985616280245,2.7764451051977934,0.0004981077206828041,0.001113802723564228,0.0010280438082530532,0.003092412119995872
HWIN-VAR-028,lasso,mape,25,5,319.09817049111916,319.09817049111916,305.97963947555786,332.21670150668047,279.6369101991086,358.5594307831297,78.92252058402107,3.0080548077525817,CI_WIDENED,31.780949072451676,2.0638985616280245,2.7764451051977934,6.356189814490335,14.212872503092166,13.118531015561302,39.46126029201056
HWIN-VAR-028,lasso,medae,25,5,1.7361334584688983,1.7361334584688983,1.7206744458732544,1.7515924710645423,1.6896319013074637,1.782635015630333,0.09300311432286934,3.0080548077525884,CI_WIDENED,0.03745099900512975,2.0638985616280245,2.7764451051977934,0.00749019980102595,0.016748595920149423,0.015459012595643973,0.0465015571614346
HWIN-VAR-028,elasticnet,mae,25,5,2.367450391780234,2.367450391780234,2.336464947509849,2.3984358360506186,2.274244477172353,2.4606563063881146,0.1864118292157615,3.0080548077525893,CI_WIDENED,0.07506532744987017,2.0638985616280245,2.7764451051977934,0.015013065489974034,0.03357023498623812,0.030985444270384743,0.09320591460788055
HWIN-VAR-028,elasticnet,rmse,25,5,8.693200230896302,8.693200230896302,6.753109376911434,10.63329108488117,2.857300610090305,14.529099851702298,11.671799241611993,3.0080548077525826,CI_WIDENED,4.700063486779371,2.0638985616280245,2.7764451051977934,0.9400126973558741,2.1019322910006712,1.9400908539848682,5.835899620805997
HWIN-VAR-028,elasticnet,r2,25,5,0.003274786055092549,0.003274786055092549,0.002244293843211909,0.004305278266973189,0.00017500900279339556,0.006374563107391703,0.006199554104598307,3.008054807752583,CI_WIDENED,0.0024964701052647116,2.0638985616280245,2.7764451051977934,0.0004992940210529423,0.00111645537183359,0.0010304922118806402,0.0030997770522991535
HWIN-VAR-028,elasticnet,mape,25,5,319.0653589857463,319.0653589857463,305.93691306311746,332.1938049083751,279.5742741098628,358.55644386162976,78.98216975176695,3.0080548077525853,CI_WIDENED,31.80496892316494,2.0638985616280245,2.7764451051977934,6.360993784632988,14.223614506893018,13.128445922628828,39.491084875883445
HWIN-VAR-028,elasticnet,medae,25,5,1.7355933889449373,1.7355933889449373,1.7201574448668322,1.7510293330230424,1.6891612231485933,1.7820255547412813,0.09286433159268803,3.0080548077525777,CI_WIDENED,0.03739511322186562,2.0638985616280245,2.7764451051977934,0.0074790226443731235,0.016723603038078537,0.015435944078105113,0.0464321657963441
HWIN-VAR-028,random_forest,mae,25,5,1.6325549657364749,1.6325549657364749,1.5737187387416827,1.691391192731267,1.4555723702547678,1.8095375612181819,0.35396519096341406,3.0080548077525844,CI_WIDENED,0.14253662483388127,2.0638985616280245,2.7764451051977934,0.028507324966776253,0.06374431648238864,0.058836226994792185,0.17698259548170697
HWIN-VAR-028,random_forest,rmse,25,5,8.97917011357615,8.97917011357615,6.9951327772649305,10.963207449887367,3.011077065324561,14.947263161827738,11.936186096503178,3.0080548077525835,CI_WIDENED,4.806528220907787,2.0638985616280245,2.7764451051977934,0.9613056441815575,2.1495447675441874,1.9840373363112183,5.968093048251588
HWIN-VAR-028,random_forest,r2,25,5,-0.08634573013008523,-0.08634573013008523,-0.2015337850353613,0.028842324775190845,-0.4328377124835694,0.26014625222339893,0.6929839647069683,3.008054807752583,CI_WIDENED,0.2790545452350491,2.0638985616280245,2.7764451051977934,0.05581090904700982,0.12479698651517195,0.11518805490527606,0.34649198235348416
HWIN-VAR-028,random_forest,mape,25,5,120.50854198148973,120.50854198148973,117.96709327524201,123.04999068773745,112.86372498200468,128.15335898097476,15.289633998970075,3.0080548077525826,CI_WIDENED,6.15691282870753,2.0638985616280245,2.7764451051977934,1.231382565741506,2.7534551233061113,2.5414487062477207,7.644816999485039
HWIN-VAR-028,random_forest,medae,25,5,0.5785615704417143,0.5785615704417143,0.5641964617594173,0.5929266791240113,0.5353505362060424,0.6217726046773862,0.0864220684713437,3.00805480775258,CI_WIDENED,0.034800907732029394,2.0638985616280245,2.7764451051977934,0.006960181546405879,0.015563439073503152,0.014365108682297012,0.04321103423567191
HWIN-VAR-028,extra_trees,mae,25,5,1.6504183403141455,1.6504183403141455,1.606045188430237,1.694791492198054,1.5169414674546187,1.7838952131736723,0.2669537457190536,3.008054807752585,CI_WIDENED,0.10749838366306762,2.0638985616280245,2.7764451051977934,0.021499676732613524,0.04807473866839441,0.04437315188390856,0.13347687285952675
HWIN-VAR-028,extra_trees,rmse,25,5,11.076774760162827,11.076774760162827,9.360991716122863,12.792557804202792,5.91560532547805,16.237944194847604,10.322338869369553,3.008054807752582,CI_WIDENED,4.156655457636777,2.0638985616280245,2.7764451051977934,0.8313310915273554,1.858912832464266,1.7157830440399646,5.161169434684777
HWIN-VAR-028,extra_trees,r2,25,5,-1.3793604001041428,-1.3793604001041428,-2.193624607845548,-0.5650961923627378,-3.8287117649815245,1.0699909647732389,4.898702729754763,3.008054807752583,CI_WIDENED,1.9726362111011528,2.0638985616280245,2.7764451051977934,0.39452724222023056,0.8821897325799606,0.8142642077414051,2.4493513648773817
HWIN-VAR-028,extra_trees,mape,25,5,118.85601856729934,118.85601856729934,115.62130091964713,122.09073621495156,109.12581059555697,128.58622653904172,19.460415943484747,3.0080548077525813,CI_WIDENED,7.836425946003469,2.0638985616280245,2.7764451051977934,1.5672851892006938,3.5045562231813703,3.234717647652218,9.73020797174238
HWIN-VAR-028,extra_trees,medae,25,5,0.6235601499385004,0.6235601499385004,0.6159568157598502,0.6311634841171506,0.6006889040074621,0.6464313958695387,0.04574249186207657,3.008054807752576,CI_WIDENED,0.01841983496672587,2.0638985616280245,2.7764451051977934,0.003683966993345174,0.008237600623985323,0.007603334178650223,0.02287124593103834
HWIN-VAR-028,gradient_boosting,mae,25,5,1.9686423394176058,1.9686423394176058,1.9312780692764118,2.0060066095587996,1.8562485669812212,2.0810361118539906,0.22478754487276942,3.0080548077525844,CI_WIDENED,0.09051866897886832,2.0638985616280245,2.7764451051977934,0.018103733795773663,0.040481179413910204,0.03736427014119392,0.11239377243638467
HWIN-VAR-028,gradient_boosting,rmse,25,5,8.617132070699425,8.617132070699425,6.68257503796259,10.55168910343626,2.7978784875038167,14.436385653895034,11.638507166391218,3.008054807752584,CI_WIDENED,4.686657253181175,2.0638985616280245,2.7764451051977934,0.937331450636235,2.0959368410711097,1.9345570327368349,5.819253583195608
HWIN-VAR-028,gradient_boosting,r2,25,5,0.02165358861716875,0.02165358861716875,-0.048231143102963864,0.09153832033730136,-0.18856351462207557,0.2318706918564131,0.42043420647848867,3.008054807752583,CI_WIDENED,0.16930272887298978,2.0638985616280245,2.7764451051977934,0.033860545774597954,0.0757144821072443,0.06988473172013261,0.21021710323924434
HWIN-VAR-028,gradient_boosting,mape,25,5,201.88777029063033,201.88777029063033,195.6392491736403,208.13629140762035,183.09187630332497,220.6836642779357,37.591787974610725,3.008054807752582,CI_WIDENED,15.137665273774699,2.0638985616280245,2.7764451051977934,3.0275330547549397,6.769769714559638,6.24852111699002,18.79589398730537
HWIN-VAR-028,gradient_boosting,medae,25,5,1.1150686999338741,1.1150686999338741,1.1085615680769776,1.1215758317907707,1.0954948906670565,1.1346425092006918,0.03914761853363524,3.0080548077525755,CI_WIDENED,0.01576417557014929,2.0638985616280245,2.7764451051977934,0.003152835114029858,0.007049953636819063,0.006507131856896553,0.01957380926681767
HWIN-VAR-031,linear_regression,mae,25,5,0.7220413748181628,0.7220413748181628,0.6359655735769929,0.8081171760593326,0.463120647063506,0.9809621025728196,0.5178414555093136,3.008054807752583,CI_WIDENED,0.20852720875310943,2.0638985616280245,2.7764451051977934,0.04170544175062189,0.09325620278604836,0.08607580124116987,0.2589207277546568
HWIN-VAR-031,linear_regression,rmse,25,5,27.02647821326587,27.02647821326587,7.40589004305615,46.64706638347559,-31.99332636306693,86.04628278959868,118.0396091526656,3.0080548077525826,CI_WIDENED,47.532830670546126,2.0638985616280245,2.7764451051977934,9.506566134109224,21.257328108465607,19.62058817020972,59.0198045763328
HWIN-VAR-031,linear_regression,r2,25,5,-0.0178344082912814,-0.0178344082912814,-0.026524248004267836,-0.009144568578294968,-0.04397392241852958,0.008305105835966775,0.05227902825449635,3.0080548077525835,CI_WIDENED,0.021052002929184174,2.0638985616280245,2.7764451051977934,0.004210400585836835,0.0094147419224361,0.008689839712986435,0.026139514127248176
HWIN-VAR-031,linear_regression,mape,25,5,1382.063233475186,1382.063233475186,1276.6007588944485,1487.5257080559236,1064.826329775114,1699.3001371752582,634.4738074001443,3.0080548077525835,CI_WIDENED,255.49335742922278,2.0638985616280245,2.7764451051977934,51.098671485844555,114.26010300227861,105.46247458073753,317.23690370007216
HWIN-VAR-031,linear_regression,medae,25,5,0.4050223473210846,0.4050223473210846,0.3809863878111886,0.4290583068309806,0.3327208637583955,0.4773238308837737,0.14460296712537823,3.008054807752583,CI_WIDENED,0.05822950787594957,2.0638985616280245,2.7764451051977934,0.011645901575189913,0.026041027581396526,0.02403595950989601,0.07230148356268912
HWIN-VAR-031,ridge,mae,25,5,0.7220410488691984,0.7220410488691984,0.6359651995849761,0.8081168981534207,0.46312017659840676,0.98096192113999,0.5178417445415833,3.0080548077525835,CI_WIDENED,0.20852732514219297,2.0638985616280245,2.7764451051977934,0.041705465028438596,0.0932562548368289,0.0860758492842223,0.25892087227079164
HWIN-VAR-031,ridge,rmse,25,5,27.026478043054336,27.026478043054336,7.405889835921251,46.64706625018742,-31.99332664434598,86.04628273045465,118.03960937480063,3.0080548077525835,CI_WIDENED,47.532830759996656,2.0638985616280245,2.7764451051977934,9.506566151999332,21.257328148469103,19.620588207133085,59.01980468740032
HWIN-VAR-031,ridge,r2,25,5,-0.017834226883645155,-0.017834226883645155,-0.026523964141517965,-0.009144489625772346,-0.04397343282029621,0.008304979053005899,0.05227841187330211,3.0080548077525835,CI_WIDENED,0.02105175472145844,2.0638985616280245,2.7764451051977934,0.004210350944291688,0.009414630920566644,0.00868973725787281,0.026139205936651054
HWIN-VAR-031,ridge,mape,25,5,1382.0627590768468,1382.0627590768468,1276.6003086859482,1487.5252094677453,1064.825928141136,1699.2995900125575,634.4736618714214,3.008054807752584,CI_WIDENED,255.49329882692652,2.0638985616280245,2.7764451051977934,51.09865976538531,114.260076794535,105.46245039089854,317.23683093571066
HWIN-VAR-031,ridge,medae,25,5,0.40501969911660995,0.40501969911660995,0.38098453889285017,0.42905485934036974,0.33272061985042567,0.47731877838279424,0.14459815853236857,3.008054807752583,CI_WIDENED,0.05822757152560978,2.0638985616280245,2.7764451051977934,0.011645514305121955,0.026040161619198917,0.02403516022375979,0.07229907926618429
HWIN-VAR-031,lasso,mae,25,5,0.718107250239995,0.718107250239995,0.6316253757518361,0.8045891247281539,0.4579650319024331,0.9782494685775569,0.5202844366751238,3.008054807752583,CI_WIDENED,0.20951096167231475,2.0638985616280245,2.7764451051977934,0.04190219233446295,0.09369615046612975,0.08648187448815892,0.2601422183375619
HWIN-VAR-031,lasso,rmse,25,5,27.02437276518771,27.02437276518771,7.403323886930245,46.645421643445175,-31.996817646203095,86.04556317657851,118.04238082278161,3.0080548077525835,CI_WIDENED,47.533946781716296,2.0638985616280245,2.7764451051977934,9.506789356343258,21.257827248555,19.621048878257465,59.021190411390805
HWIN-VAR-031,lasso,r2,25,5,-0.015626083915831535,-0.015626083915831535,-0.02315241857580691,-0.008099749255856157,-0.03826571107452537,0.007013543242862304,0.04527925431738768,3.0080548077525835,CI_WIDENED,0.018233295957235725,2.0638985616280245,2.7764451051977934,0.003646659191447145,0.008154177842850236,0.007526334659975376,0.02263962715869384
HWIN-VAR-031,lasso,mape,25,5,1377.6040572153777,1377.6040572153777,1274.0296589098386,1481.1784555209167,1066.04659043232,1689.1615239984353,623.1149335661153,3.0080548077525826,CI_WIDENED,250.9193044444938,2.0638985616280245,2.7764451051977934,50.183860888898764,112.21452432097064,103.57439830553903,311.5574667830577
HWIN-VAR-031,lasso,medae,25,5,0.4049485997566966,0.4049485997566966,0.3808338542087723,0.4290633453046209,0.3324101234735327,0.4774870760398605,0.1450769525663278,3.008054807752582,CI_WIDENED,0.05842037490665808,2.0638985616280245,2.7764451051977934,0.011684074981331616,0.026126385912462077,0.02411474554792431,0.07253847628316391
HWIN-VAR-031,elasticnet,mae,25,5,0.7191030373721435,0.7191030373721435,0.6327003420132447,0.8055057327310424,0.4591989941950259,0.9790070805492612,0.5198080863542354,3.0080548077525844,CI_WIDENED,0.20931914233891308,2.0638985616280245,2.7764451051977934,0.04186382846778262,0.09361036625235279,0.08640269535889888,0.2599040431771176
HWIN-VAR-031,elasticnet,rmse,25,5,27.02490174982068,27.02490174982068,7.4039715106108375,46.64583198903052,-31.995931788812534,86.0457352884539,118.04166707726642,3.0080548077525835,CI_WIDENED,47.533659366797195,2.0638985616280245,2.7764451051977934,9.506731873359438,21.25769871269563,19.62093023920984,59.02083353863321
HWIN-VAR-031,elasticnet,r2,25,5,-0.016165186951629183,-0.016165186951629183,-0.023912795817050345,-0.00841757808620802,-0.039470419047845845,0.0071400451445874785,0.046610464192433324,3.008054807752583,CI_WIDENED,0.018769354777082088,2.0638985616280245,2.7764451051977934,0.0037538709554164177,0.008393910635073191,0.007747608865421162,0.023305232096216662
HWIN-VAR-031,elasticnet,mape,25,5,1378.5172778736503,1378.5172778736503,1274.0107895639328,1483.0237661833678,1064.1560332722654,1692.8785224750352,628.7224892027698,3.0080548077525835,CI_WIDENED,253.1773853926273,2.0638985616280245,2.7764451051977934,50.635477078525454,113.22436882071537,104.5064883097175,314.36124460138484
HWIN-VAR-031,elasticnet,medae,25,5,0.4052996169317967,0.4052996169317967,0.3811524664957585,0.42944676736783494,0.3326636649691471,0.4779355688944463,0.1452719039252992,3.008054807752582,CI_WIDENED,0.058498878978312505,2.0638985616280245,2.7764451051977934,0.0116997757956625,0.02616149400060804,0.02414715043603821,0.07263595196264963
HWIN-VAR-031,random_forest,mae,25,5,1.0163108168437673,1.0163108168437673,0.9282228909640334,1.1043987427235011,0.7513375078962807,1.281284125791254,0.5299466178949732,3.008054807752583,CI_WIDENED,0.2134017812635355,2.0638985616280245,2.7764451051977934,0.0426803562527071,0.09543617788496127,0.08808792587973385,0.2649733089474866
HWIN-VAR-031,random_forest,rmse,25,5,62.90969850114922,62.90969850114922,47.36076218922567,78.45863481307278,16.137645872628845,109.6817511296696,93.54410525704077,3.0080548077525844,CI_WIDENED,37.668848171632995,2.0638985616280245,2.7764451051977934,7.533769634326599,16.846021029178008,15.548936311923555,46.77205262852038
HWIN-VAR-031,random_forest,r2,25,5,-886.0290097170056,-886.0290097170056,-1486.741106824404,-285.31691260960724,-2693.0039214960516,920.9459020620405,3613.9498235580922,3.008054807752583,CI_WIDENED,1455.2849356936185,2.0638985616280245,2.7764451051977934,291.0569871387237,650.8232085684682,600.7120971073983,1806.9749117790461
HWIN-VAR-031,random_forest,mape,25,5,1562.892362178947,1562.892362178947,1114.3842537151495,2011.4004706427445,213.7553901984038,2912.02933415949,2698.2739439610864,3.0080548077525835,CI_WIDENED,1086.5556011386764,2.0638985616280245,2.7764451051977934,217.31112022773527,485.9224370958456,448.5081084637975,1349.1369719805432
HWIN-VAR-031,random_forest,medae,25,5,0.0687844499999999,0.0687844499999999,0.06766756489069994,0.06990133510929986,0.0654247983772629,0.0721441016227369,0.006719303245474012,3.0080548077525866,CI_WIDENED,0.002705765511118302,2.0638985616280245,2.7764451051977934,0.0005411531022236604,0.0012100551228069972,0.001116885109299956,0.003359651622737002
HWIN-VAR-031,extra_trees,mae,25,5,0.7889577143366673,0.7889577143366673,0.6576448731960552,0.9202705554772793,0.39396149122399804,1.1839539374493366,0.7899924462253386,3.0080548077525835,CI_WIDENED,0.3181184472482773,2.0638985616280245,2.7764451051977934,0.06362368944965546,0.1422668945887658,0.13131284114061204,0.39499622311266924
HWIN-VAR-031,extra_trees,rmse,25,5,52.88636346680436,52.88636346680436,29.46720912953341,76.30551780407532,-17.559736330923293,123.33246326453201,140.8921995954553,3.008054807752583,CI_WIDENED,56.73523586061731,2.0638985616280245,2.7764451051977934,11.347047172123462,25.372768820764815,23.419154337270957,70.44609979772765
HWIN-VAR-031,extra_trees,r2,25,5,-1459.6102221954525,-1459.6102221954525,-2686.6577425182895,-232.56270187261566,-5150.636415043447,2231.415970652543,7382.05238569599,3.0080548077525826,CI_WIDENED,2972.644933079776,2.0638985616280245,2.7764451051977934,594.5289866159552,1329.4072286673384,1227.047520322837,3691.0261928479954
HWIN-VAR-031,extra_trees,mape,25,5,829.6121457950481,829.6121457950481,680.3804276382011,978.8438639518952,380.71495852416604,1278.5093330659302,897.7943745417641,3.0080548077525826,CI_WIDENED,361.5287130175901,2.0638985616280245,2.7764451051977934,72.30574260351803,161.6805556250689,149.23171815684702,448.8971872708821
HWIN-VAR-031,extra_trees,medae,25,5,0.07317250000000002,0.07317250000000002,0.0724491767408136,0.07389582325918644,0.07099670399264503,0.075348296007355,0.004351592014709971,3.0080548077525915,CI_WIDENED,0.001752322698010544,2.0638985616280245,2.7764451051977934,0.0003504645396021088,0.0007836625342534823,0.0007233232591864203,0.0021757960073549793
HWIN-VAR-031,gradient_boosting,mae,25,5,2.5682812928901995,2.5682812928901995,1.5923960284694114,3.5441665573109873,-0.36723506856565313,5.503797654346052,5.871032722911705,3.008054807752584,CI_WIDENED,2.3641793316891495,2.0638985616280245,2.7764451051977934,0.4728358663378299,1.0572931393313922,0.9758852644207879,2.9355163614558526
HWIN-VAR-031,gradient_boosting,rmse,25,5,129.46603187706268,129.46603187706268,80.11650977440345,178.8155539797219,-18.980035344133768,277.9120990982591,296.89213444239283,3.0080548077525826,CI_WIDENED,119.55413657474476,2.0638985616280245,2.7764451051977934,23.910827314948953,53.466235274484625,49.34952210265922,148.44606722119644
HWIN-VAR-031,gradient_boosting,r2,25,5,-5130.755630632826,-5130.755630632826,-9211.370492559689,-1050.140768705964,-17405.46878463857,7143.957523372919,24549.42630801149,3.008054807752584,CI_WIDENED,9885.696268686848,2.0638985616280245,2.7764451051977934,1977.1392537373697,4421.017772339964,4080.6148619268624,12274.713154005745
HWIN-VAR-031,gradient_boosting,mape,25,5,6442.991920481957,6442.991920481957,2293.4590780809876,10592.524762882927,-6039.030296029522,18925.014136993435,24964.04443302296,3.0080548077525835,CI_WIDENED,10052.656946298212,2.0638985616280245,2.7764451051977934,2010.5313892596423,4495.684857281651,4149.5328424009695,12482.02221651148
HWIN-VAR-031,gradient_boosting,medae,25,5,0.19209786972533796,0.19209786972533796,0.1875663409547992,0.1966293984958767,0.1784667828206497,0.20572895663002622,0.02726217380937651,3.008054807752586,CI_WIDENED,0.010978080160500316,2.0638985616280245,2.7764451051977934,0.002195616032100063,0.004909546700264101,0.004531528770538751,0.013631086904688242
HWIN-VAR-033,linear_regression,mae,25,5,0.07649528765610897,0.07649528765610897,0.07474647330391868,0.07824410200829926,0.07123475823613624,0.08175581707608169,0.010521058839945446,3.008054807752581,CI_WIDENED,0.004236677094272524,2.0638985616280245,2.7764451051977934,0.0008473354188545048,0.0018946995963019296,0.0017488143521902921,0.0052605294199727275
HWIN-VAR-033,linear_regression,rmse,25,5,0.7743716318242524,0.7743716318242524,0.6993889169081398,0.849354346740365,0.5488195157224984,0.9999237479260064,0.4511042322035079,3.0080548077525835,CI_WIDENED,0.18165310134468404,2.0638985616280245,2.7764451051977934,0.03633062026893681,0.08123773658607439,0.07498271491611264,0.22555211610175394
HWIN-VAR-033,linear_regression,r2,25,5,0.0004060724721796527,0.0004060724721796527,9.35306882341372e-05,0.0007186142561251682,-0.0005340703436412244,0.0013462152880005297,0.001880285631641754,3.0080548077525835,CI_WIDENED,0.0007571636265373897,2.0638985616280245,2.7764451051977934,0.00015143272530747793,0.0003386138678055734,0.0003125417839455155,0.000940142815820877
HWIN-VAR-033,linear_regression,mape,25,5,773.801613927333,773.801613927333,761.4624427430929,786.1407851115732,736.6847107228973,810.9185171317688,74.23380640887149,3.00805480775258,CI_WIDENED,29.892872192582242,2.0638985616280245,2.7764451051977934,5.978574438516448,13.368498853065415,12.339171184240172,37.116903204435786
HWIN-VAR-033,linear_regression,medae,25,5,0.04033587498485369,0.04033587498485369,0.040019440209469875,0.04065230976023751,0.03938402183742029,0.041287728132287094,0.0019037062948668027,3.008054807752589,CI_WIDENED,0.0007665947863595826,2.0638985616280245,2.7764451051977934,0.00015331895727191652,0.00034283161069939105,0.00031643477538381704,0.0009518531474333997
HWIN-VAR-033,ridge,mae,25,5,0.07649528741216419,0.07649528741216419,0.07474647317022418,0.0782441016541042,0.07123475832383035,0.08175581650049803,0.01052105817666768,3.0080548077525835,CI_WIDENED,0.004236676827180228,2.0638985616280245,2.7764451051977934,0.0008473353654360456,0.0018946994768546236,0.001748814241940011,0.005260529088333839
HWIN-VAR-033,ridge,rmse,25,5,0.7743716317426456,0.7743716317426456,0.6993889168741609,0.8493543466111302,0.5488195157841593,0.9999237477011318,0.45110423191697246,3.0080548077525826,CI_WIDENED,0.18165310122930045,2.0638985616280245,2.7764451051977934,0.03633062024586009,0.08123773653447328,0.07498271486848462,0.2255521159584863
HWIN-VAR-033,ridge,r2,25,5,0.00040607262526721756,0.00040607262526721756,9.353075471341951e-05,0.0007186144958210156,-0.0005340704510761202,0.0013462157016105552,0.0018802861526866755,3.008054807752583,CI_WIDENED,0.0007571638363545876,2.0638985616280245,2.7764451051977934,0.00015143276727091752,0.00033861396163867687,0.00031254187055379805,0.0009401430763433377
HWIN-VAR-033,ridge,mape,25,5,773.8016296355182,773.8016296355182,761.4624601285084,786.1407991425281,736.6847314762832,810.9185277947532,74.23379631847001,3.0080548077525813,CI_WIDENED,29.892868129324576,2.0638985616280245,2.7764451051977934,5.978573625864915,13.368497035921344,12.339169507009842,37.11689815923503
HWIN-VAR-033,ridge,medae,25,5,0.04033587654046822,0.04033587654046822,0.04001943964166714,0.0406523134392693,0.03938401700567932,0.04128773607525712,0.0019037190695778,3.0080548077525773,CI_WIDENED,0.0007665999305495659,2.0638985616280245,2.7764451051977934,0.00015331998610991317,0.00034283391125108936,0.0003164368988010785,0.0009518595347889017
HWIN-VAR-033,lasso,mae,25,5,0.0764165686367599,0.0764165686367599,0.07464513228581816,0.07818800498770163,0.07108799100468192,0.08174514626883787,0.010657155264155949,3.0080548077525804,CI_WIDENED,0.004291481141264055,2.0638985616280245,2.7764451051977934,0.000858296228252811,0.0019192087112049607,0.0017714363509417352,0.005328577632077979
HWIN-VAR-033,lasso,rmse,25,5,0.7743949436617408,0.7743949436617408,0.699310658206261,0.8494792291172205,0.5485372978107176,1.000252589512764,0.4517152917020465,3.008054807752584,CI_WIDENED,0.18189916610110063,2.0638985616280245,2.7764451051977934,0.03637983322022013,0.08134778009051727,0.07508428545547974,0.2258576458510232
HWIN-VAR-033,lasso,r2,25,5,0.0004891671125256015,0.0004891671125256015,0.0004164693611394403,0.0005618648639117627,0.00027048829195565723,0.0007078459330955456,0.0004373576411398884,3.0080548077525826,CI_WIDENED,0.00017611754942262393,2.0638985616280245,2.7764451051977934,3.5223509884524784e-05,7.876216250793318e-05,7.26977513861612e-05,0.00021867882056994422
HWIN-VAR-033,lasso,mape,25,5,789.5523235604036,789.5523235604036,779.4425707396317,799.6620763811754,759.1416329826906,819.9630141381166,60.821381155426025,3.0080548077525813,CI_WIDENED,24.4918839732055,2.0638985616280245,2.7764451051977934,4.8983767946411,10.953103492225027,10.10975282077186,30.410690577713034
HWIN-VAR-033,lasso,medae,25,5,0.043505889222779724,0.043505889222779724,0.04316833259378068,0.04384344585177877,0.0424905003820304,0.04452127806352905,0.0020307776814986467,3.0080548077525733,CI_WIDENED,0.0008177645822204918,2.0638985616280245,2.7764451051977934,0.00016355291644409837,0.00036571543908734707,0.0003375566289990431,0.0010153888407493266
HWIN-VAR-033,elasticnet,mae,25,5,0.07637139233205263,0.07637139233205263,0.07461028825056398,0.07813249641354128,0.071073894732778,0.08166888993132726,0.010594995198549256,3.008054807752584,CI_WIDENED,0.0042664501885680646,2.0638985616280245,2.7764451051977934,0.0008532900377136129,0.0019080145288509977,0.0017611040814886486,0.005297497599274626
HWIN-VAR-033,elasticnet,rmse,25,5,0.7743623364644834,0.7743623364644834,0.6993272261145618,0.849397446814405,0.5486526120261561,1.0000720609028106,0.4514194488766545,3.0080548077525826,CI_WIDENED,0.18178003450599126,2.0638985616280245,2.7764451051977934,0.03635600690119825,0.08129450282153076,0.07503511034992161,0.2257097244383273
HWIN-VAR-033,elasticnet,r2,25,5,0.0005072589916357284,0.0005072589916357284,0.0003346522257057392,0.0006798657575657176,-1.1951620470600417e-05,0.0010264696037420571,0.0010384212242126574,3.0080548077525826,CI_WIDENED,0.0004181570963299553,2.0638985616280245,2.7764451051977934,8.363141926599107e-05,0.00018700553853354156,0.0001726067659299892,0.0005192106121063288
HWIN-VAR-033,elasticnet,mape,25,5,780.253109918718,780.253109918718,768.986729706761,791.519490130675,746.3632207561723,814.1429990812637,67.77977832509146,3.0080548077525826,CI_WIDENED,27.293929123798442,2.0638985616280245,2.7764451051977934,5.458785824759689,12.206216178774918,11.266380211956971,33.889889162545735
HWIN-VAR-033,elasticnet,medae,25,5,0.04187377393991869,0.04187377393991869,0.041512167320870326,0.04223538055896705,0.04078604141097511,0.042961506468862265,0.002175465057887155,3.0080548077525733,CI_WIDENED,0.0008760280804767909,2.0638985616280245,2.7764451051977934,0.00017520561609535816,0.00039177166762895214,0.0003616066190483616,0.0010877325289435809
HWIN-VAR-033,random_forest,mae,25,5,0.05747381236843675,0.05747381236843675,0.05590596116433107,0.05904166357254244,0.052757630016085966,0.06218999472078754,0.009432364704701574,3.0080548077525844,CI_WIDENED,0.003798275829188399,2.0638985616280245,2.7764451051977934,0.0007596551658376799,0.001698640590271928,0.0015678512041056858,0.004716182352350785
HWIN-VAR-033,random_forest,rmse,25,5,0.7118827347138778,0.7118827347138778,0.6362617255290127,0.7875037438987428,0.48441059446824225,0.9393548749595133,0.45494428049127106,3.0080548077525835,CI_WIDENED,0.18319943283747045,2.0638985616280245,2.7764451051977934,0.03663988656749409,0.08192927705279822,0.07562100918486503,0.2274721402456355
HWIN-VAR-033,random_forest,r2,25,5,0.1521085740296828,0.1521085740296828,0.10002919519510914,0.20418795286425648,-0.004549051858424635,0.30876619991779025,0.3133152517762149,3.008054807752583,CI_WIDENED,0.1261674866266027,2.0638985616280245,2.7764451051977934,0.025233497325320542,0.05642381532947585,0.05207937883457367,0.15665762588810744
HWIN-VAR-033,random_forest,mape,25,5,391.0700260378849,391.0700260378849,328.61565932149114,453.5243927542786,203.20386797149376,578.936184104276,375.7323161327822,3.0080548077525835,CI_WIDENED,151.30192897447702,2.0638985616280245,2.7764451051977934,30.260385794895406,67.66427966275513,62.454366716393736,187.8661580663911
HWIN-VAR-033,random_forest,medae,25,5,0.010265151889833332,0.010265151889833332,0.010117089302306927,0.010413214477359737,0.009819771511576241,0.010710532268090423,0.000890760756514182,3.0080548077525853,CI_WIDENED,0.0003586963775235442,2.0638985616280245,2.7764451051977934,7.173927550470883e-05,0.0001604138966851145,0.00014806258752640515,0.0004453803782570907
HWIN-VAR-033,extra_trees,mae,25,5,0.05700444936578642,0.05700444936578642,0.05537188139530921,0.058637017336263635,0.05209359543320956,0.06191530329836328,0.009821707865153725,3.0080548077525844,CI_WIDENED,0.003955058646848969,2.0638985616280245,2.7764451051977934,0.0007910117293697938,0.001768755997870526,0.001632567970477214,0.00491085393257686
HWIN-VAR-033,extra_trees,rmse,25,5,0.7304097213305725,0.7304097213305725,0.649323103141058,0.8114963395200869,0.48649672964120544,0.9743227130199394,0.487825983378734,3.008054807752583,CI_WIDENED,0.196440415476506,2.0638985616280245,2.7764451051977934,0.0392880830953012,0.08785082450675383,0.08108661818951446,0.24391299168936703
HWIN-VAR-033,extra_trees,r2,25,5,0.11709926508542096,0.11709926508542096,0.07214272943356928,0.16205580073727263,-0.018132458122031875,0.2523309882928738,0.2704634464149057,3.0080548077525835,CI_WIDENED,0.10891168899403053,2.0638985616280245,2.7764451051977934,0.021782337798806107,0.04870678802699359,0.044956535651851676,0.13523172320745283
HWIN-VAR-033,extra_trees,mape,25,5,383.4166116681281,383.4166116681281,346.5500042639538,420.2832190723024,272.5198360204746,494.3133873157816,221.793551295307,3.008054807752582,CI_WIDENED,89.31303139019961,2.0638985616280245,2.7764451051977934,17.862606278039923,39.94200189301177,36.86660740417432,110.89677564765353
HWIN-VAR-033,extra_trees,medae,25,5,0.0106286031030355,0.0106286031030355,0.010523074472435605,0.010734131733635396,0.010311167198403937,0.010946039007667064,0.0006348718092631274,3.008054807752591,CI_WIDENED,0.00025565362698022745,2.0638985616280245,2.7764451051977934,5.113072539604549e-05,0.00011433177772443257,0.00010552863059989578,0.00031743590463156294
HWIN-VAR-033,gradient_boosting,mae,25,5,0.0735010601760265,0.0735010601760265,0.07184808965614396,0.07515403069590905,0.06852883425662054,0.07847328609543247,0.00994445183881193,3.008054807752579,CI_WIDENED,0.004004485856559402,2.0638985616280245,2.7764451051977934,0.0008008971713118803,0.0017908605180406588,0.0016529705198825434,0.004972225919405972
HWIN-VAR-033,gradient_boosting,rmse,25,5,0.7387046908565672,0.7387046908565672,0.6728963471817981,0.8045130345313363,0.5407495862754438,0.9366597954376906,0.39591020916224684,3.008054807752584,CI_WIDENED,0.15942727248876698,2.0638985616280245,2.7764451051977934,0.031885454497753395,0.07129804375045301,0.06580834367476907,0.1979551045811234
HWIN-VAR-033,gradient_boosting,r2,25,5,0.07637561874414973,0.07637561874414973,0.03635760819677043,0.11639362929152904,-0.04400075027958816,0.19675198776788763,0.2407527380474758,3.0080548077525835,CI_WIDENED,0.0969476196441861,2.0638985616280245,2.7764451051977934,0.01938952392883722,0.043356293556238816,0.0400180105473793,0.1203763690237379
HWIN-VAR-033,gradient_boosting,mape,25,5,852.0845805702887,852.0845805702887,825.5817316615828,878.5874294789946,772.3625584913156,931.8066026492619,159.44404415794634,3.008054807752585,CI_WIDENED,64.20579335013488,2.0638985616280245,2.7764451051977934,12.841158670026976,28.713703696041108,26.502848908705914,79.72202207897313
HWIN-VAR-033,gradient_boosting,medae,25,5,0.028095672781904536,0.028095672781904536,0.027678338510832214,0.02851300705297686,0.026840308421365516,0.029351037142443557,0.0025107287210780413,3.008054807752585,CI_WIDENED,0.0010110338725734783,2.0638985616280245,2.7764451051977934,0.00020220677451469565,0.00045214809332583153,0.0004173342710723227,0.00125536436053902
