observation_id,dataset_id,station_id,variable,value,unit,timestamp,latitude,longitude,country,state,county,site_name,param_name,source,quality_flag,canonical_variable_id,original_value,original_unit
STORET_Rhode_UNB10_19610719_      0920,STORET_Rhode,UNB10,00010,25.5556,,1961-07-19T09:20:00,41.720278,-71.338056,US,Rhode,RI_Bristol,UPPER NARRAGANSETT BAY STA 10 / NORTHEAST / NARRAGANSETT BAY,00010,STORET Rhode,$,HWIN-VAR-001,25.5556,
STORET_Rhode_UNB10_19610802_      0845,STORET_Rhode,UNB10,00010,21.6667,,1961-08-02T08:45:00,41.720278,-71.338056,US,Rhode,RI_Bristol,UPPER NARRAGANSETT BAY STA 10 / NORTHEAST / NARRAGANSETT BAY,00010,STORET Rhode,$,HWIN-VAR-001,21.6667,
STORET_Rhode_UNB10_19610809_      1000,STORET_Rhode,UNB10,00010,24.4444,,1961-08-09T10:00:00,41.720278,-71.338056,US,Rhode,RI_Bristol,UPPER NARRAGANSETT BAY STA 10 / NORTHEAST / NARRAGANSETT BAY,00010,STORET Rhode,$,HWIN-VAR-001,24.4444,
STORET_Rhode_UNB10_19610906_      0848,STORET_Rhode,UNB10,00010,24.4444,,1961-09-06T08:48:00,41.720278,-71.338056,US,Rhode,RI_Bristol,UPPER NARRAGANSETT BAY STA 10 / NORTHEAST / NARRAGANSETT BAY,00010,STORET Rhode,$,HWIN-VAR-001,24.4444,
STORET_Rhode_UNB10_19610913_      0840,STORET_Rhode,UNB10,00010,23.8889,,1961-09-13T08:40:00,41.720278,-71.338056,US,Rhode,RI_Bristol,UPPER NARRAGANSETT BAY STA 10 / NORTHEAST / NARRAGANSETT BAY,00010,STORET Rhode,$,HWIN-VAR-001,23.8889,
STORET_Rhode_UNB10_19610927_      0915,STORET_Rhode,UNB10,00010,19.4444,,1961-09-27T09:15:00,41.720278,-71.338056,US,Rhode,RI_Bristol,UPPER NARRAGANSETT BAY STA 10 / NORTHEAST / NARRAGANSETT BAY,00010,STORET Rhode,$,HWIN-VAR-001,19.4444,
STORET_Rhode_UNB10_19611011_      0836,STORET_Rhode,UNB10,00010,17.7778,,1961-10-11T08:36:00,41.720278,-71.338056,US,Rhode,RI_Bristol,UPPER NARRAGANSETT BAY STA 10 / NORTHEAST / NARRAGANSETT BAY,00010,STORET Rhode,$,HWIN-VAR-001,17.7778,
STORET_Rhode_UNB10_19611018_      0832,STORET_Rhode,UNB10,00010,15.5556,,1961-10-18T08:32:00,41.720278,-71.338056,US,Rhode,RI_Bristol,UPPER NARRAGANSETT BAY STA 10 / NORTHEAST / NARRAGANSETT BAY,00010,STORET Rhode,$,HWIN-VAR-001,15.5556,
STORET_Rhode_UNB10_19611025_      0836,STORET_Rhode,UNB10,00010,11.6667,,1961-10-25T08:36:00,41.720278,-71.338056,US,Rhode,RI_Bristol,UPPER NARRAGANSETT BAY STA 10 / NORTHEAST / NARRAGANSETT BAY,00010,STORET Rhode,$,HWIN-VAR-001,11.6667,
STORET_Rhode_UNB10_19611101_      0943,STORET_Rhode,UNB10,00010,12.2222,,1961-11-01T09:43:00,41.720278,-71.338056,US,Rhode,RI_Bristol,UPPER NARRAGANSETT BAY STA 10 / NORTHEAST / NARRAGANSETT BAY,00010,STORET Rhode,$,HWIN-VAR-001,12.2222,
STORET_Rhode_UNB10_19611108_      0927,STORET_Rhode,UNB10,00010,12.2222,,1961-11-08T09:27:00,41.720278,-71.338056,US,Rhode,RI_Bristol,UPPER NARRAGANSETT BAY STA 10 / NORTHEAST / NARRAGANSETT BAY,00010,STORET Rhode,$,HWIN-VAR-001,12.2222,
STORET_Rhode_UNB10_19611206_      1100,STORET_Rhode,UNB10,00010,6.66667,,1961-12-06T11:00:00,41.720278,-71.338056,US,Rhode,RI_Bristol,UPPER NARRAGANSETT BAY STA 10 / NORTHEAST / NARRAGANSETT BAY,00010,STORET Rhode,$,HWIN-VAR-001,6.66667,
STORET_Rhode_UNB10_19611220_      0937,STORET_Rhode,UNB10,00010,3.88889,,1961-12-20T09:37:00,41.720278,-71.338056,US,Rhode,RI_Bristol,UPPER NARRAGANSETT BAY STA 10 / NORTHEAST / NARRAGANSETT BAY,00010,STORET Rhode,$,HWIN-VAR-001,3.88889,
STORET_Rhode_UNB10_19611227_      1005,STORET_Rhode,UNB10,00010,2.77778,,1961-12-27T10:05:00,41.720278,-71.338056,US,Rhode,RI_Bristol,UPPER NARRAGANSETT BAY STA 10 / NORTHEAST / NARRAGANSETT BAY,00010,STORET Rhode,$,HWIN-VAR-001,2.77778,
STORET_Rhode_UNB10_19620103_      1000,STORET_Rhode,UNB10,00010,1.66667,,1962-01-03T10:00:00,41.720278,-71.338056,US,Rhode,RI_Bristol,UPPER NARRAGANSETT BAY STA 10 / NORTHEAST / NARRAGANSETT BAY,00010,STORET Rhode,$,HWIN-VAR-001,1.66667,
STORET_Rhode_UNB10_19620110_      0937,STORET_Rhode,UNB10,00010,1.11111,,1962-01-10T09:37:00,41.720278,-71.338056,US,Rhode,RI_Bristol,UPPER NARRAGANSETT BAY STA 10 / NORTHEAST / NARRAGANSETT BAY,00010,STORET Rhode,$,HWIN-VAR-001,1.11111,
STORET_Rhode_UNB10_19620314_      1032,STORET_Rhode,UNB10,00010,4.44444,,1962-03-14T10:32:00,41.720278,-71.338056,US,Rhode,RI_Bristol,UPPER NARRAGANSETT BAY STA 10 / NORTHEAST / NARRAGANSETT BAY,00010,STORET Rhode,$,HWIN-VAR-001,4.44444,
STORET_Rhode_UNB10_19620321_      0941,STORET_Rhode,UNB10,00010,6.11111,,1962-03-21T09:41:00,41.720278,-71.338056,US,Rhode,RI_Bristol,UPPER NARRAGANSETT BAY STA 10 / NORTHEAST / NARRAGANSETT BAY,00010,STORET Rhode,$,HWIN-VAR-001,6.11111,
STORET_Rhode_UNB10_19620404_      1035,STORET_Rhode,UNB10,00010,7.77778,,1962-04-04T10:35:00,41.720278,-71.338056,US,Rhode,RI_Bristol,UPPER NARRAGANSETT BAY STA 10 / NORTHEAST / NARRAGANSETT BAY,00010,STORET Rhode,$,HWIN-VAR-001,7.77778,
STORET_Rhode_UNB10_19620411_      1026,STORET_Rhode,UNB10,00010,10.0,,1962-04-11T10:26:00,41.720278,-71.338056,US,Rhode,RI_Bristol,UPPER NARRAGANSETT BAY STA 10 / NORTHEAST / NARRAGANSETT BAY,00010,STORET Rhode,$,HWIN-VAR-001,10.0,
STORET_Rhode_UNB10_19620502_      0840,STORET_Rhode,UNB10,00010,10.0,,1962-05-02T08:40:00,41.720278,-71.338056,US,Rhode,RI_Bristol,UPPER NARRAGANSETT BAY STA 10 / NORTHEAST / NARRAGANSETT BAY,00010,STORET Rhode,$,HWIN-VAR-001,10.0,
STORET_Rhode_UNB10_19620516_      0835,STORET_Rhode,UNB10,00010,13.3333,,1962-05-16T08:35:00,41.720278,-71.338056,US,Rhode,RI_Bristol,UPPER NARRAGANSETT BAY STA 10 / NORTHEAST / NARRAGANSETT BAY,00010,STORET Rhode,$,HWIN-VAR-001,13.3333,
STORET_Rhode_UNB10_19620523_      0840,STORET_Rhode,UNB10,00010,17.2222,,1962-05-23T08:40:00,41.720278,-71.338056,US,Rhode,RI_Bristol,UPPER NARRAGANSETT BAY STA 10 / NORTHEAST / NARRAGANSETT BAY,00010,STORET Rhode,$,HWIN-VAR-001,17.2222,
STORET_Rhode_UNB10_19620620_      0850,STORET_Rhode,UNB10,00010,22.2222,,1962-06-20T08:50:00,41.720278,-71.338056,US,Rhode,RI_Bristol,UPPER NARRAGANSETT BAY STA 10 / NORTHEAST / NARRAGANSETT BAY,00010,STORET Rhode,$,HWIN-VAR-001,22.2222,
STORET_Rhode_UNB10_19620627_      0900,STORET_Rhode,UNB10,00010,20.0,,1962-06-27T09:00:00,41.720278,-71.338056,US,Rhode,RI_Bristol,UPPER NARRAGANSETT BAY STA 10 / NORTHEAST / NARRAGANSETT BAY,00010,STORET Rhode,$,HWIN-VAR-001,20.0,
STORET_Rhode_UNB10_19620725_      0900,STORET_Rhode,UNB10,00010,20.0,,1962-07-25T09:00:00,41.720278,-71.338056,US,Rhode,RI_Bristol,UPPER NARRAGANSETT BAY STA 10 / NORTHEAST / NARRAGANSETT BAY,00010,STORET Rhode,$,HWIN-VAR-001,20.0,
STORET_Rhode_UNB10_19620801_      0900,STORET_Rhode,UNB10,00010,22.2222,,1962-08-01T09:00:00,41.720278,-71.338056,US,Rhode,RI_Bristol,UPPER NARRAGANSETT BAY STA 10 / NORTHEAST / NARRAGANSETT BAY,00010,STORET Rhode,$,HWIN-VAR-001,22.2222,
STORET_Rhode_UNB10_19620822_      1128,STORET_Rhode,UNB10,00010,23.3333,,1962-08-22T11:28:00,41.720278,-71.338056,US,Rhode,RI_Bristol,UPPER NARRAGANSETT BAY STA 10 / NORTHEAST / NARRAGANSETT BAY,00010,STORET Rhode,$,HWIN-VAR-001,23.3333,
STORET_Rhode_UNB10_19620905_      0827,STORET_Rhode,UNB10,00010,20.0,,1962-09-05T08:27:00,41.720278,-71.338056,US,Rhode,RI_Bristol,UPPER NARRAGANSETT BAY STA 10 / NORTHEAST / NARRAGANSETT BAY,00010,STORET Rhode,$,HWIN-VAR-001,20.0,
STORET_Rhode_UNB10_19620912_      0955,STORET_Rhode,UNB10,00010,17.7778,,1962-09-12T09:55:00,41.720278,-71.338056,US,Rhode,RI_Bristol,UPPER NARRAGANSETT BAY STA 10 / NORTHEAST / NARRAGANSETT BAY,00010,STORET Rhode,$,HWIN-VAR-001,17.7778,
STORET_Rhode_UNB10_19620926_      0920,STORET_Rhode,UNB10,00010,16.1111,,1962-09-26T09:20:00,41.720278,-71.338056,US,Rhode,RI_Bristol,UPPER NARRAGANSETT BAY STA 10 / NORTHEAST / NARRAGANSETT BAY,00010,STORET Rhode,$,HWIN-VAR-001,16.1111,
STORET_Rhode_UNB10_19621011_      0837,STORET_Rhode,UNB10,00010,15.5556,,1962-10-11T08:37:00,41.720278,-71.338056,US,Rhode,RI_Bristol,UPPER NARRAGANSETT BAY STA 10 / NORTHEAST / NARRAGANSETT BAY,00010,STORET Rhode,$,HWIN-VAR-001,15.5556,
STORET_Rhode_UNB10_19621017_      0858,STORET_Rhode,UNB10,00010,16.6667,,1962-10-17T08:58:00,41.720278,-71.338056,US,Rhode,RI_Bristol,UPPER NARRAGANSETT BAY STA 10 / NORTHEAST / NARRAGANSETT BAY,00010,STORET Rhode,$,HWIN-VAR-001,16.6667,
STORET_Rhode_UNB10_19621025_      0855,STORET_Rhode,UNB10,00010,13.3333,,1962-10-25T08:55:00,41.720278,-71.338056,US,Rhode,RI_Bristol,UPPER NARRAGANSETT BAY STA 10 / NORTHEAST / NARRAGANSETT BAY,00010,STORET Rhode,$,HWIN-VAR-001,13.3333,
STORET_Rhode_UNB10_19621108_      0942,STORET_Rhode,UNB10,00010,10.0,,1962-11-08T09:42:00,41.720278,-71.338056,US,Rhode,RI_Bristol,UPPER NARRAGANSETT BAY STA 10 / NORTHEAST / NARRAGANSETT BAY,00010,STORET Rhode,$,HWIN-VAR-001,10.0,
STORET_Rhode_UNB10_19621121_      0955,STORET_Rhode,UNB10,00010,7.22222,,1962-11-21T09:55:00,41.720278,-71.338056,US,Rhode,RI_Bristol,UPPER NARRAGANSETT BAY STA 10 / NORTHEAST / NARRAGANSETT BAY,00010,STORET Rhode,$,HWIN-VAR-001,7.22222,
STORET_Rhode_UNB10_19621219_      0940,STORET_Rhode,UNB10,00010,3.33333,,1962-12-19T09:40:00,41.720278,-71.338056,US,Rhode,RI_Bristol,UPPER NARRAGANSETT BAY STA 10 / NORTHEAST / NARRAGANSETT BAY,00010,STORET Rhode,$,HWIN-VAR-001,3.33333,
STORET_Rhode_UNB10_19630103_      1008,STORET_Rhode,UNB10,00010,0.555556,,1963-01-03T10:08:00,41.720278,-71.338056,US,Rhode,RI_Bristol,UPPER NARRAGANSETT BAY STA 10 / NORTHEAST / NARRAGANSETT BAY,00010,STORET Rhode,$,HWIN-VAR-001,0.555556,
STORET_Rhode_UNB10_19630109_      0935,STORET_Rhode,UNB10,00010,2.22222,,1963-01-09T09:35:00,41.720278,-71.338056,US,Rhode,RI_Bristol,UPPER NARRAGANSETT BAY STA 10 / NORTHEAST / NARRAGANSETT BAY,00010,STORET Rhode,$,HWIN-VAR-001,2.22222,
STORET_Rhode_UNB10_19630116_      1015,STORET_Rhode,UNB10,00010,0.0,,1963-01-16T10:15:00,41.720278,-71.338056,US,Rhode,RI_Bristol,UPPER NARRAGANSETT BAY STA 10 / NORTHEAST / NARRAGANSETT BAY,00010,STORET Rhode,$,HWIN-VAR-001,0.0,
STORET_Rhode_UNB10_19630206_      1000,STORET_Rhode,UNB10,00010,0.555556,,1963-02-06T10:00:00,41.720278,-71.338056,US,Rhode,RI_Bristol,UPPER NARRAGANSETT BAY STA 10 / NORTHEAST / NARRAGANSETT BAY,00010,STORET Rhode,$,HWIN-VAR-001,0.555556,
STORET_Rhode_UNB10_19630327_      0945,STORET_Rhode,UNB10,00010,7.22222,,1963-03-27T09:45:00,41.720278,-71.338056,US,Rhode,RI_Bristol,UPPER NARRAGANSETT BAY STA 10 / NORTHEAST / NARRAGANSETT BAY,00010,STORET Rhode,$,HWIN-VAR-001,7.22222,
STORET_Rhode_UNB10_19630403_      1000,STORET_Rhode,UNB10,00010,9.44444,,1963-04-03T10:00:00,41.720278,-71.338056,US,Rhode,RI_Bristol,UPPER NARRAGANSETT BAY STA 10 / NORTHEAST / NARRAGANSETT BAY,00010,STORET Rhode,$,HWIN-VAR-001,9.44444,
STORET_Rhode_UNB10_19630417_      0945,STORET_Rhode,UNB10,00010,8.88889,,1963-04-17T09:45:00,41.720278,-71.338056,US,Rhode,RI_Bristol,UPPER NARRAGANSETT BAY STA 10 / NORTHEAST / NARRAGANSETT BAY,00010,STORET Rhode,$,HWIN-VAR-001,8.88889,
STORET_Rhode_UNB10_19630508_      0845,STORET_Rhode,UNB10,00010,13.8889,,1963-05-08T08:45:00,41.720278,-71.338056,US,Rhode,RI_Bristol,UPPER NARRAGANSETT BAY STA 10 / NORTHEAST / NARRAGANSETT BAY,00010,STORET Rhode,$,HWIN-VAR-001,13.8889,
STORET_Rhode_UNB10_19630515_      0900,STORET_Rhode,UNB10,00010,12.7778,,1963-05-15T09:00:00,41.720278,-71.338056,US,Rhode,RI_Bristol,UPPER NARRAGANSETT BAY STA 10 / NORTHEAST / NARRAGANSETT BAY,00010,STORET Rhode,$,HWIN-VAR-001,12.7778,
STORET_Rhode_UNB10_19630522_      0845,STORET_Rhode,UNB10,00010,16.6667,,1963-05-22T08:45:00,41.720278,-71.338056,US,Rhode,RI_Bristol,UPPER NARRAGANSETT BAY STA 10 / NORTHEAST / NARRAGANSETT BAY,00010,STORET Rhode,$,HWIN-VAR-001,16.6667,
STORET_Rhode_UNB10_19630619_      0850,STORET_Rhode,UNB10,00010,20.0,,1963-06-19T08:50:00,41.720278,-71.338056,US,Rhode,RI_Bristol,UPPER NARRAGANSETT BAY STA 10 / NORTHEAST / NARRAGANSETT BAY,00010,STORET Rhode,$,HWIN-VAR-001,20.0,
STORET_Rhode_UNB10_19630626_      0845,STORET_Rhode,UNB10,00010,21.1111,,1963-06-26T08:45:00,41.720278,-71.338056,US,Rhode,RI_Bristol,UPPER NARRAGANSETT BAY STA 10 / NORTHEAST / NARRAGANSETT BAY,00010,STORET Rhode,$,HWIN-VAR-001,21.1111,
STORET_Rhode_UNB10_19630703_      0855,STORET_Rhode,UNB10,00010,24.4444,,1963-07-03T08:55:00,41.720278,-71.338056,US,Rhode,RI_Bristol,UPPER NARRAGANSETT BAY STA 10 / NORTHEAST / NARRAGANSETT BAY,00010,STORET Rhode,$,HWIN-VAR-001,24.4444,
STORET_Rhode_UNB10_19630710_      0850,STORET_Rhode,UNB10,00010,19.4444,,1963-07-10T08:50:00,41.720278,-71.338056,US,Rhode,RI_Bristol,UPPER NARRAGANSETT BAY STA 10 / NORTHEAST / NARRAGANSETT BAY,00010,STORET Rhode,$,HWIN-VAR-001,19.4444,
STORET_Rhode_UNB10_19630807_      0845,STORET_Rhode,UNB10,00010,22.2222,,1963-08-07T08:45:00,41.720278,-71.338056,US,Rhode,RI_Bristol,UPPER NARRAGANSETT BAY STA 10 / NORTHEAST / NARRAGANSETT BAY,00010,STORET Rhode,$,HWIN-VAR-001,22.2222,
STORET_Rhode_UNB10_19630823_      0827,STORET_Rhode,UNB10,00010,20.5555,,1963-08-23T08:27:00,41.720278,-71.338056,US,Rhode,RI_Bristol,UPPER NARRAGANSETT BAY STA 10 / NORTHEAST / NARRAGANSETT BAY,00010,STORET Rhode,$,HWIN-VAR-001,20.5555,
STORET_Rhode_UNB10_19630911_      0953,STORET_Rhode,UNB10,00010,18.8889,,1963-09-11T09:53:00,41.720278,-71.338056,US,Rhode,RI_Bristol,UPPER NARRAGANSETT BAY STA 10 / NORTHEAST / NARRAGANSETT BAY,00010,STORET Rhode,$,HWIN-VAR-001,18.8889,
STORET_Rhode_UNB10_19630918_      0927,STORET_Rhode,UNB10,00010,18.8889,,1963-09-18T09:27:00,41.720278,-71.338056,US,Rhode,RI_Bristol,UPPER NARRAGANSETT BAY STA 10 / NORTHEAST / NARRAGANSETT BAY,00010,STORET Rhode,$,HWIN-VAR-001,18.8889,
STORET_Rhode_UNB10_19630925_      0841,STORET_Rhode,UNB10,00010,15.5556,,1963-09-25T08:41:00,41.720278,-71.338056,US,Rhode,RI_Bristol,UPPER NARRAGANSETT BAY STA 10 / NORTHEAST / NARRAGANSETT BAY,00010,STORET Rhode,$,HWIN-VAR-001,15.5556,
STORET_Rhode_UNB10_19631002_      0852,STORET_Rhode,UNB10,00010,16.1111,,1963-10-02T08:52:00,41.720278,-71.338056,US,Rhode,RI_Bristol,UPPER NARRAGANSETT BAY STA 10 / NORTHEAST / NARRAGANSETT BAY,00010,STORET Rhode,$,HWIN-VAR-001,16.1111,
STORET_Rhode_UNB10_19631009_      0823,STORET_Rhode,UNB10,00010,14.4444,,1963-10-09T08:23:00,41.720278,-71.338056,US,Rhode,RI_Bristol,UPPER NARRAGANSETT BAY STA 10 / NORTHEAST / NARRAGANSETT BAY,00010,STORET Rhode,$,HWIN-VAR-001,14.4444,
STORET_Rhode_UNB10_19631016_      0842,STORET_Rhode,UNB10,00010,15.5556,,1963-10-16T08:42:00,41.720278,-71.338056,US,Rhode,RI_Bristol,UPPER NARRAGANSETT BAY STA 10 / NORTHEAST / NARRAGANSETT BAY,00010,STORET Rhode,$,HWIN-VAR-001,15.5556,
STORET_Rhode_UNB10_19631030_      1002,STORET_Rhode,UNB10,00010,11.1111,,1963-10-30T10:02:00,41.720278,-71.338056,US,Rhode,RI_Bristol,UPPER NARRAGANSETT BAY STA 10 / NORTHEAST / NARRAGANSETT BAY,00010,STORET Rhode,$,HWIN-VAR-001,11.1111,
STORET_Rhode_UNB10_19631127_      0933,STORET_Rhode,UNB10,00010,10.0,,1963-11-27T09:33:00,41.720278,-71.338056,US,Rhode,RI_Bristol,UPPER NARRAGANSETT BAY STA 10 / NORTHEAST / NARRAGANSETT BAY,00010,STORET Rhode,$,HWIN-VAR-001,10.0,
STORET_Rhode_UNB10_19631205_      0935,STORET_Rhode,UNB10,00010,6.66667,,1963-12-05T09:35:00,41.720278,-71.338056,US,Rhode,RI_Bristol,UPPER NARRAGANSETT BAY STA 10 / NORTHEAST / NARRAGANSETT BAY,00010,STORET Rhode,$,HWIN-VAR-001,6.66667,
STORET_Rhode_UNB10_19640108_      1016,STORET_Rhode,UNB10,00010,1.11111,,1964-01-08T10:16:00,41.720278,-71.338056,US,Rhode,RI_Bristol,UPPER NARRAGANSETT BAY STA 10 / NORTHEAST / NARRAGANSETT BAY,00010,STORET Rhode,$,HWIN-VAR-001,1.11111,
STORET_Rhode_UNB10_19640122_      0928,STORET_Rhode,UNB10,00010,1.11111,,1964-01-22T09:28:00,41.720278,-71.338056,US,Rhode,RI_Bristol,UPPER NARRAGANSETT BAY STA 10 / NORTHEAST / NARRAGANSETT BAY,00010,STORET Rhode,$,HWIN-VAR-001,1.11111,
STORET_Rhode_UNB10_19640204_      0935,STORET_Rhode,UNB10,00010,1.11111,,1964-02-04T09:35:00,41.720278,-71.338056,US,Rhode,RI_Bristol,UPPER NARRAGANSETT BAY STA 10 / NORTHEAST / NARRAGANSETT BAY,00010,STORET Rhode,$,HWIN-VAR-001,1.11111,
STORET_Rhode_UNB10_19640325_      0940,STORET_Rhode,UNB10,00010,4.44444,,1964-03-25T09:40:00,41.720278,-71.338056,US,Rhode,RI_Bristol,UPPER NARRAGANSETT BAY STA 10 / NORTHEAST / NARRAGANSETT BAY,00010,STORET Rhode,$,HWIN-VAR-001,4.44444,
STORET_Rhode_UNB10_19640506_      0941,STORET_Rhode,UNB10,00010,14.4444,,1964-05-06T09:41:00,41.720278,-71.338056,US,Rhode,RI_Bristol,UPPER NARRAGANSETT BAY STA 10 / NORTHEAST / NARRAGANSETT BAY,00010,STORET Rhode,$,HWIN-VAR-001,14.4444,
STORET_Rhode_UNB10_19640603_      0837,STORET_Rhode,UNB10,00010,15.5556,,1964-06-03T08:37:00,41.720278,-71.338056,US,Rhode,RI_Bristol,UPPER NARRAGANSETT BAY STA 10 / NORTHEAST / NARRAGANSETT BAY,00010,STORET Rhode,$,HWIN-VAR-001,15.5556,
STORET_Rhode_UNB10_19640610_      0918,STORET_Rhode,UNB10,00010,15.5556,,1964-06-10T09:18:00,41.720278,-71.338056,US,Rhode,RI_Bristol,UPPER NARRAGANSETT BAY STA 10 / NORTHEAST / NARRAGANSETT BAY,00010,STORET Rhode,$,HWIN-VAR-001,15.5556,
STORET_Rhode_UNB10_19640624_      0930,STORET_Rhode,UNB10,00010,17.7778,,1964-06-24T09:30:00,41.720278,-71.338056,US,Rhode,RI_Bristol,UPPER NARRAGANSETT BAY STA 10 / NORTHEAST / NARRAGANSETT BAY,00010,STORET Rhode,$,HWIN-VAR-001,17.7778,
STORET_Rhode_UNB10_19640708_      0845,STORET_Rhode,UNB10,00010,20.0,,1964-07-08T08:45:00,41.720278,-71.338056,US,Rhode,RI_Bristol,UPPER NARRAGANSETT BAY STA 10 / NORTHEAST / NARRAGANSETT BAY,00010,STORET Rhode,$,HWIN-VAR-001,20.0,
STORET_Rhode_UNB10_19640715_      0848,STORET_Rhode,UNB10,00010,17.2222,,1964-07-15T08:48:00,41.720278,-71.338056,US,Rhode,RI_Bristol,UPPER NARRAGANSETT BAY STA 10 / NORTHEAST / NARRAGANSETT BAY,00010,STORET Rhode,$,HWIN-VAR-001,17.2222,
STORET_Rhode_UNB10_19640819_      0958,STORET_Rhode,UNB10,00010,20.5555,,1964-08-19T09:58:00,41.720278,-71.338056,US,Rhode,RI_Bristol,UPPER NARRAGANSETT BAY STA 10 / NORTHEAST / NARRAGANSETT BAY,00010,STORET Rhode,$,HWIN-VAR-001,20.5555,
STORET_Rhode_UNB10_19640826_      0833,STORET_Rhode,UNB10,00010,21.1111,,1964-08-26T08:33:00,41.720278,-71.338056,US,Rhode,RI_Bristol,UPPER NARRAGANSETT BAY STA 10 / NORTHEAST / NARRAGANSETT BAY,00010,STORET Rhode,$,HWIN-VAR-001,21.1111,
STORET_Rhode_UNB10_19640902_      1030,STORET_Rhode,UNB10,00010,21.6667,,1964-09-02T10:30:00,41.720278,-71.338056,US,Rhode,RI_Bristol,UPPER NARRAGANSETT BAY STA 10 / NORTHEAST / NARRAGANSETT BAY,00010,STORET Rhode,$,HWIN-VAR-001,21.6667,
STORET_Rhode_UNB10_19640916_      0850,STORET_Rhode,UNB10,00010,17.7778,,1964-09-16T08:50:00,41.720278,-71.338056,US,Rhode,RI_Bristol,UPPER NARRAGANSETT BAY STA 10 / NORTHEAST / NARRAGANSETT BAY,00010,STORET Rhode,$,HWIN-VAR-001,17.7778,
STORET_Rhode_UNB10_19641001_      0847,STORET_Rhode,UNB10,00010,16.1111,,1964-10-01T08:47:00,41.720278,-71.338056,US,Rhode,RI_Bristol,UPPER NARRAGANSETT BAY STA 10 / NORTHEAST / NARRAGANSETT BAY,00010,STORET Rhode,$,HWIN-VAR-001,16.1111,
STORET_Rhode_UNB10_19641015_      0945,STORET_Rhode,UNB10,00010,14.4444,,1964-10-15T09:45:00,41.720278,-71.338056,US,Rhode,RI_Bristol,UPPER NARRAGANSETT BAY STA 10 / NORTHEAST / NARRAGANSETT BAY,00010,STORET Rhode,$,HWIN-VAR-001,14.4444,
STORET_Rhode_UNB10_19641020_      1043,STORET_Rhode,UNB10,00010,13.3333,,1964-10-20T10:43:00,41.720278,-71.338056,US,Rhode,RI_Bristol,UPPER NARRAGANSETT BAY STA 10 / NORTHEAST / NARRAGANSETT BAY,00010,STORET Rhode,$,HWIN-VAR-001,13.3333,
STORET_Rhode_UNB10_19641110_      0943,STORET_Rhode,UNB10,00010,11.6667,,1964-11-10T09:43:00,41.720278,-71.338056,US,Rhode,RI_Bristol,UPPER NARRAGANSETT BAY STA 10 / NORTHEAST / NARRAGANSETT BAY,00010,STORET Rhode,$,HWIN-VAR-001,11.6667,
STORET_Rhode_UNB10_19641125_      0937,STORET_Rhode,UNB10,00010,6.66667,,1964-11-25T09:37:00,41.720278,-71.338056,US,Rhode,RI_Bristol,UPPER NARRAGANSETT BAY STA 10 / NORTHEAST / NARRAGANSETT BAY,00010,STORET Rhode,$,HWIN-VAR-001,6.66667,
STORET_Rhode_UNB10_19641216_      1015,STORET_Rhode,UNB10,00010,1.66667,,1964-12-16T10:15:00,41.720278,-71.338056,US,Rhode,RI_Bristol,UPPER NARRAGANSETT BAY STA 10 / NORTHEAST / NARRAGANSETT BAY,00010,STORET Rhode,$,HWIN-VAR-001,1.66667,
STORET_Rhode_UNB10_19650107_      1108,STORET_Rhode,UNB10,00010,1.11111,,1965-01-07T11:08:00,41.720278,-71.338056,US,Rhode,RI_Bristol,UPPER NARRAGANSETT BAY STA 10 / NORTHEAST / NARRAGANSETT BAY,00010,STORET Rhode,$,HWIN-VAR-001,1.11111,
STORET_Rhode_UNB10_19650113_      0958,STORET_Rhode,UNB10,00010,1.11111,,1965-01-13T09:58:00,41.720278,-71.338056,US,Rhode,RI_Bristol,UPPER NARRAGANSETT BAY STA 10 / NORTHEAST / NARRAGANSETT BAY,00010,STORET Rhode,$,HWIN-VAR-001,1.11111,
STORET_Rhode_UNB10_19650217_      1000,STORET_Rhode,UNB10,00010,0.0,,1965-02-17T10:00:00,41.720278,-71.338056,US,Rhode,RI_Bristol,UPPER NARRAGANSETT BAY STA 10 / NORTHEAST / NARRAGANSETT BAY,00010,STORET Rhode,$,HWIN-VAR-001,0.0,
STORET_Rhode_UNB10_19650303_      1023,STORET_Rhode,UNB10,00010,2.22222,,1965-03-03T10:23:00,41.720278,-71.338056,US,Rhode,RI_Bristol,UPPER NARRAGANSETT BAY STA 10 / NORTHEAST / NARRAGANSETT BAY,00010,STORET Rhode,$,HWIN-VAR-001,2.22222,
STORET_Rhode_UNB10_19650310_      0940,STORET_Rhode,UNB10,00010,3.33333,,1965-03-10T09:40:00,41.720278,-71.338056,US,Rhode,RI_Bristol,UPPER NARRAGANSETT BAY STA 10 / NORTHEAST / NARRAGANSETT BAY,00010,STORET Rhode,$,HWIN-VAR-001,3.33333,
STORET_Rhode_UNB10_19650317_      0946,STORET_Rhode,UNB10,00010,4.44444,,1965-03-17T09:46:00,41.720278,-71.338056,US,Rhode,RI_Bristol,UPPER NARRAGANSETT BAY STA 10 / NORTHEAST / NARRAGANSETT BAY,00010,STORET Rhode,$,HWIN-VAR-001,4.44444,
STORET_Rhode_UNB10_19650324_      0955,STORET_Rhode,UNB10,00010,0.555556,,1965-03-24T09:55:00,41.720278,-71.338056,US,Rhode,RI_Bristol,UPPER NARRAGANSETT BAY STA 10 / NORTHEAST / NARRAGANSETT BAY,00010,STORET Rhode,$,HWIN-VAR-001,0.555556,
STORET_Rhode_UNB10_19650407_      1003,STORET_Rhode,UNB10,00010,6.11111,,1965-04-07T10:03:00,41.720278,-71.338056,US,Rhode,RI_Bristol,UPPER NARRAGANSETT BAY STA 10 / NORTHEAST / NARRAGANSETT BAY,00010,STORET Rhode,$,HWIN-VAR-001,6.11111,
STORET_Rhode_UNB10_19650421_      0928,STORET_Rhode,UNB10,00010,9.44444,,1965-04-21T09:28:00,41.720278,-71.338056,US,Rhode,RI_Bristol,UPPER NARRAGANSETT BAY STA 10 / NORTHEAST / NARRAGANSETT BAY,00010,STORET Rhode,$,HWIN-VAR-001,9.44444,
STORET_Rhode_UNB10_19650428_      1000,STORET_Rhode,UNB10,00010,7.22222,,1965-04-28T10:00:00,41.720278,-71.338056,US,Rhode,RI_Bristol,UPPER NARRAGANSETT BAY STA 10 / NORTHEAST / NARRAGANSETT BAY,00010,STORET Rhode,$,HWIN-VAR-001,7.22222,
STORET_Rhode_UNB10_19650506_      0940,STORET_Rhode,UNB10,00010,12.7778,,1965-05-06T09:40:00,41.720278,-71.338056,US,Rhode,RI_Bristol,UPPER NARRAGANSETT BAY STA 10 / NORTHEAST / NARRAGANSETT BAY,00010,STORET Rhode,$,HWIN-VAR-001,12.7778,
STORET_Rhode_UNB10_19650512_      0858,STORET_Rhode,UNB10,00010,15.0,,1965-05-12T08:58:00,41.720278,-71.338056,US,Rhode,RI_Bristol,UPPER NARRAGANSETT BAY STA 10 / NORTHEAST / NARRAGANSETT BAY,00010,STORET Rhode,$,HWIN-VAR-001,15.0,
STORET_Rhode_UNB10_19650519_      0842,STORET_Rhode,UNB10,00010,12.7778,,1965-05-19T08:42:00,41.720278,-71.338056,US,Rhode,RI_Bristol,UPPER NARRAGANSETT BAY STA 10 / NORTHEAST / NARRAGANSETT BAY,00010,STORET Rhode,$,HWIN-VAR-001,12.7778,
STORET_Rhode_UNB10_19650526_      0855,STORET_Rhode,UNB10,00010,17.2222,,1965-05-26T08:55:00,41.720278,-71.338056,US,Rhode,RI_Bristol,UPPER NARRAGANSETT BAY STA 10 / NORTHEAST / NARRAGANSETT BAY,00010,STORET Rhode,$,HWIN-VAR-001,17.2222,
STORET_Rhode_UNB10_19650609_      0858,STORET_Rhode,UNB10,00010,20.0,,1965-06-09T08:58:00,41.720278,-71.338056,US,Rhode,RI_Bristol,UPPER NARRAGANSETT BAY STA 10 / NORTHEAST / NARRAGANSETT BAY,00010,STORET Rhode,$,HWIN-VAR-001,20.0,
STORET_Rhode_UNB10_19650616_      0853,STORET_Rhode,UNB10,00010,15.5556,,1965-06-16T08:53:00,41.720278,-71.338056,US,Rhode,RI_Bristol,UPPER NARRAGANSETT BAY STA 10 / NORTHEAST / NARRAGANSETT BAY,00010,STORET Rhode,$,HWIN-VAR-001,15.5556,
STORET_Rhode_UNB10_19650629_      0845,STORET_Rhode,UNB10,00010,21.1111,,1965-06-29T08:45:00,41.720278,-71.338056,US,Rhode,RI_Bristol,UPPER NARRAGANSETT BAY STA 10 / NORTHEAST / NARRAGANSETT BAY,00010,STORET Rhode,$,HWIN-VAR-001,21.1111,
STORET_Rhode_UNB10_19650707_      0850,STORET_Rhode,UNB10,00010,20.0,,1965-07-07T08:50:00,41.720278,-71.338056,US,Rhode,RI_Bristol,UPPER NARRAGANSETT BAY STA 10 / NORTHEAST / NARRAGANSETT BAY,00010,STORET Rhode,$,HWIN-VAR-001,20.0,
STORET_Rhode_UNB10_19650715_      0845,STORET_Rhode,UNB10,00010,24.4444,,1965-07-15T08:45:00,41.720278,-71.338056,US,Rhode,RI_Bristol,UPPER NARRAGANSETT BAY STA 10 / NORTHEAST / NARRAGANSETT BAY,00010,STORET Rhode,$,HWIN-VAR-001,24.4444,
STORET_Rhode_UNB10_19650721_      0920,STORET_Rhode,UNB10,00010,22.2222,,1965-07-21T09:20:00,41.720278,-71.338056,US,Rhode,RI_Bristol,UPPER NARRAGANSETT BAY STA 10 / NORTHEAST / NARRAGANSETT BAY,00010,STORET Rhode,$,HWIN-VAR-001,22.2222,
STORET_Rhode_UNB10_19650804_      0919,STORET_Rhode,UNB10,00010,21.6667,,1965-08-04T09:19:00,41.720278,-71.338056,US,Rhode,RI_Bristol,UPPER NARRAGANSETT BAY STA 10 / NORTHEAST / NARRAGANSETT BAY,00010,STORET Rhode,$,HWIN-VAR-001,21.6667,
STORET_Rhode_UNB10_19650825_      0916,STORET_Rhode,UNB10,00010,22.7778,,1965-08-25T09:16:00,41.720278,-71.338056,US,Rhode,RI_Bristol,UPPER NARRAGANSETT BAY STA 10 / NORTHEAST / NARRAGANSETT BAY,00010,STORET Rhode,$,HWIN-VAR-001,22.7778,
STORET_Rhode_UNB10_19650903_      0905,STORET_Rhode,UNB10,00010,20.0,,1965-09-03T09:05:00,41.720278,-71.338056,US,Rhode,RI_Bristol,UPPER NARRAGANSETT BAY STA 10 / NORTHEAST / NARRAGANSETT BAY,00010,STORET Rhode,$,HWIN-VAR-001,20.0,
STORET_Rhode_UNB10_19650930_      1215,STORET_Rhode,UNB10,00010,17.2222,,1965-09-30T12:15:00,41.720278,-71.338056,US,Rhode,RI_Bristol,UPPER NARRAGANSETT BAY STA 10 / NORTHEAST / NARRAGANSETT BAY,00010,STORET Rhode,$,HWIN-VAR-001,17.2222,
STORET_Rhode_UNB10_19651007_      0912,STORET_Rhode,UNB10,00010,12.2222,,1965-10-07T09:12:00,41.720278,-71.338056,US,Rhode,RI_Bristol,UPPER NARRAGANSETT BAY STA 10 / NORTHEAST / NARRAGANSETT BAY,00010,STORET Rhode,$,HWIN-VAR-001,12.2222,
STORET_Rhode_UNB10_19651027_      0848,STORET_Rhode,UNB10,00010,13.3333,,1965-10-27T08:48:00,41.720278,-71.338056,US,Rhode,RI_Bristol,UPPER NARRAGANSETT BAY STA 10 / NORTHEAST / NARRAGANSETT BAY,00010,STORET Rhode,$,HWIN-VAR-001,13.3333,
STORET_Rhode_UNB10_19651103_      1012,STORET_Rhode,UNB10,00010,8.88889,,1965-11-03T10:12:00,41.720278,-71.338056,US,Rhode,RI_Bristol,UPPER NARRAGANSETT BAY STA 10 / NORTHEAST / NARRAGANSETT BAY,00010,STORET Rhode,$,HWIN-VAR-001,8.88889,
STORET_Rhode_UNB10_19651110_      1000,STORET_Rhode,UNB10,00010,7.77778,,1965-11-10T10:00:00,41.720278,-71.338056,US,Rhode,RI_Bristol,UPPER NARRAGANSETT BAY STA 10 / NORTHEAST / NARRAGANSETT BAY,00010,STORET Rhode,$,HWIN-VAR-001,7.77778,
STORET_Rhode_UNB10_19651124_      0945,STORET_Rhode,UNB10,00010,6.66667,,1965-11-24T09:45:00,41.720278,-71.338056,US,Rhode,RI_Bristol,UPPER NARRAGANSETT BAY STA 10 / NORTHEAST / NARRAGANSETT BAY,00010,STORET Rhode,$,HWIN-VAR-001,6.66667,
STORET_Rhode_UNB10_19651201_      0953,STORET_Rhode,UNB10,00010,5.0,,1965-12-01T09:53:00,41.720278,-71.338056,US,Rhode,RI_Bristol,UPPER NARRAGANSETT BAY STA 10 / NORTHEAST / NARRAGANSETT BAY,00010,STORET Rhode,$,HWIN-VAR-001,5.0,
STORET_Rhode_UNB10_19651208_      0954,STORET_Rhode,UNB10,00010,3.33333,,1965-12-08T09:54:00,41.720278,-71.338056,US,Rhode,RI_Bristol,UPPER NARRAGANSETT BAY STA 10 / NORTHEAST / NARRAGANSETT BAY,00010,STORET Rhode,$,HWIN-VAR-001,3.33333,
STORET_Rhode_UNB10_19651215_      1010,STORET_Rhode,UNB10,00010,5.0,,1965-12-15T10:10:00,41.720278,-71.338056,US,Rhode,RI_Bristol,UPPER NARRAGANSETT BAY STA 10 / NORTHEAST / NARRAGANSETT BAY,00010,STORET Rhode,$,HWIN-VAR-001,5.0,
STORET_Rhode_UNB10_19651222_      0957,STORET_Rhode,UNB10,00010,2.77778,,1965-12-22T09:57:00,41.720278,-71.338056,US,Rhode,RI_Bristol,UPPER NARRAGANSETT BAY STA 10 / NORTHEAST / NARRAGANSETT BAY,00010,STORET Rhode,$,HWIN-VAR-001,2.77778,
STORET_Rhode_UNB10_19660112_      1017,STORET_Rhode,UNB10,00010,-1.11111,,1966-01-12T10:17:00,41.720278,-71.338056,US,Rhode,RI_Bristol,UPPER NARRAGANSETT BAY STA 10 / NORTHEAST / NARRAGANSETT BAY,00010,STORET Rhode,$,HWIN-VAR-001,-1.11111,
STORET_Rhode_UNB10_19660119_      1159,STORET_Rhode,UNB10,00010,0.555556,,1966-01-19T11:59:00,41.720278,-71.338056,US,Rhode,RI_Bristol,UPPER NARRAGANSETT BAY STA 10 / NORTHEAST / NARRAGANSETT BAY,00010,STORET Rhode,$,HWIN-VAR-001,0.555556,
STORET_Rhode_UNB10_19660223_      0944,STORET_Rhode,UNB10,00010,1.11111,,1966-02-23T09:44:00,41.720278,-71.338056,US,Rhode,RI_Bristol,UPPER NARRAGANSETT BAY STA 10 / NORTHEAST / NARRAGANSETT BAY,00010,STORET Rhode,$,HWIN-VAR-001,1.11111,
STORET_Rhode_UNB10_19660309_      0945,STORET_Rhode,UNB10,00010,2.77778,,1966-03-09T09:45:00,41.720278,-71.338056,US,Rhode,RI_Bristol,UPPER NARRAGANSETT BAY STA 10 / NORTHEAST / NARRAGANSETT BAY,00010,STORET Rhode,$,HWIN-VAR-001,2.77778,
STORET_Rhode_UNB10_19660316_      1004,STORET_Rhode,UNB10,00010,3.33333,,1966-03-16T10:04:00,41.720278,-71.338056,US,Rhode,RI_Bristol,UPPER NARRAGANSETT BAY STA 10 / NORTHEAST / NARRAGANSETT BAY,00010,STORET Rhode,$,HWIN-VAR-001,3.33333,
STORET_Rhode_UNB10_19660323_      0945,STORET_Rhode,UNB10,00010,7.22222,,1966-03-23T09:45:00,41.720278,-71.338056,US,Rhode,RI_Bristol,UPPER NARRAGANSETT BAY STA 10 / NORTHEAST / NARRAGANSETT BAY,00010,STORET Rhode,$,HWIN-VAR-001,7.22222,
STORET_Rhode_UNB10_19660406_      1025,STORET_Rhode,UNB10,00010,6.66667,,1966-04-06T10:25:00,41.720278,-71.338056,US,Rhode,RI_Bristol,UPPER NARRAGANSETT BAY STA 10 / NORTHEAST / NARRAGANSETT BAY,00010,STORET Rhode,$,HWIN-VAR-001,6.66667,
STORET_Rhode_UNB10_19660420_      0920,STORET_Rhode,UNB10,00010,8.33333,,1966-04-20T09:20:00,41.720278,-71.338056,US,Rhode,RI_Bristol,UPPER NARRAGANSETT BAY STA 10 / NORTHEAST / NARRAGANSETT BAY,00010,STORET Rhode,$,HWIN-VAR-001,8.33333,
STORET_Rhode_UNB10_19660505_      0845,STORET_Rhode,UNB10,00010,9.44444,,1966-05-05T08:45:00,41.720278,-71.338056,US,Rhode,RI_Bristol,UPPER NARRAGANSETT BAY STA 10 / NORTHEAST / NARRAGANSETT BAY,00010,STORET Rhode,$,HWIN-VAR-001,9.44444,
STORET_Rhode_UNB10_19660518_      0929,STORET_Rhode,UNB10,00010,12.7778,,1966-05-18T09:29:00,41.720278,-71.338056,US,Rhode,RI_Bristol,UPPER NARRAGANSETT BAY STA 10 / NORTHEAST / NARRAGANSETT BAY,00010,STORET Rhode,$,HWIN-VAR-001,12.7778,
STORET_Rhode_UNB10_19660525_      0856,STORET_Rhode,UNB10,00010,15.5556,,1966-05-25T08:56:00,41.720278,-71.338056,US,Rhode,RI_Bristol,UPPER NARRAGANSETT BAY STA 10 / NORTHEAST / NARRAGANSETT BAY,00010,STORET Rhode,$,HWIN-VAR-001,15.5556,
STORET_Rhode_UNB10_19660601_      1026,STORET_Rhode,UNB10,00010,15.5556,,1966-06-01T10:26:00,41.720278,-71.338056,US,Rhode,RI_Bristol,UPPER NARRAGANSETT BAY STA 10 / NORTHEAST / NARRAGANSETT BAY,00010,STORET Rhode,$,HWIN-VAR-001,15.5556,
STORET_Rhode_UNB10_19660608_      0855,STORET_Rhode,UNB10,00010,19.4444,,1966-06-08T08:55:00,41.720278,-71.338056,US,Rhode,RI_Bristol,UPPER NARRAGANSETT BAY STA 10 / NORTHEAST / NARRAGANSETT BAY,00010,STORET Rhode,$,HWIN-VAR-001,19.4444,
STORET_Rhode_UNB10_19660615_      0905,STORET_Rhode,UNB10,00010,18.3333,,1966-06-15T09:05:00,41.720278,-71.338056,US,Rhode,RI_Bristol,UPPER NARRAGANSETT BAY STA 10 / NORTHEAST / NARRAGANSETT BAY,00010,STORET Rhode,$,HWIN-VAR-001,18.3333,
STORET_Rhode_UNB10_19660622_      0920,STORET_Rhode,UNB10,00010,19.4444,,1966-06-22T09:20:00,41.720278,-71.338056,US,Rhode,RI_Bristol,UPPER NARRAGANSETT BAY STA 10 / NORTHEAST / NARRAGANSETT BAY,00010,STORET Rhode,$,HWIN-VAR-001,19.4444,
STORET_Rhode_UNB10_19660629_      1015,STORET_Rhode,UNB10,00010,21.1111,,1966-06-29T10:15:00,41.720278,-71.338056,US,Rhode,RI_Bristol,UPPER NARRAGANSETT BAY STA 10 / NORTHEAST / NARRAGANSETT BAY,00010,STORET Rhode,$,HWIN-VAR-001,21.1111,
STORET_Rhode_UNB10_19660714_      0939,STORET_Rhode,UNB10,00010,25.5556,,1966-07-14T09:39:00,41.720278,-71.338056,US,Rhode,RI_Bristol,UPPER NARRAGANSETT BAY STA 10 / NORTHEAST / NARRAGANSETT BAY,00010,STORET Rhode,$,HWIN-VAR-001,25.5556,
STORET_Rhode_UNB10_19660719_      0840,STORET_Rhode,UNB10,00010,23.3333,,1966-07-19T08:40:00,41.720278,-71.338056,US,Rhode,RI_Bristol,UPPER NARRAGANSETT BAY STA 10 / NORTHEAST / NARRAGANSETT BAY,00010,STORET Rhode,$,HWIN-VAR-001,23.3333,
STORET_Rhode_UNB10_19660726_      0820,STORET_Rhode,UNB10,00010,22.7778,,1966-07-26T08:20:00,41.720278,-71.338056,US,Rhode,RI_Bristol,UPPER NARRAGANSETT BAY STA 10 / NORTHEAST / NARRAGANSETT BAY,00010,STORET Rhode,$,HWIN-VAR-001,22.7778,
STORET_Rhode_UNB10_19660809_      0855,STORET_Rhode,UNB10,00010,23.3333,,1966-08-09T08:55:00,41.720278,-71.338056,US,Rhode,RI_Bristol,UPPER NARRAGANSETT BAY STA 10 / NORTHEAST / NARRAGANSETT BAY,00010,STORET Rhode,$,HWIN-VAR-001,23.3333,
STORET_Rhode_UNB10_19660816_      0843,STORET_Rhode,UNB10,00010,21.6667,,1966-08-16T08:43:00,41.720278,-71.338056,US,Rhode,RI_Bristol,UPPER NARRAGANSETT BAY STA 10 / NORTHEAST / NARRAGANSETT BAY,00010,STORET Rhode,$,HWIN-VAR-001,21.6667,
STORET_Rhode_UNB10_19660824_      0850,STORET_Rhode,UNB10,00010,21.6667,,1966-08-24T08:50:00,41.720278,-71.338056,US,Rhode,RI_Bristol,UPPER NARRAGANSETT BAY STA 10 / NORTHEAST / NARRAGANSETT BAY,00010,STORET Rhode,$,HWIN-VAR-001,21.6667,
STORET_Rhode_UNB10_19661026_      1045,STORET_Rhode,UNB10,00010,12.7778,,1966-10-26T10:45:00,41.720278,-71.338056,US,Rhode,RI_Bristol,UPPER NARRAGANSETT BAY STA 10 / NORTHEAST / NARRAGANSETT BAY,00010,STORET Rhode,$,HWIN-VAR-001,12.7778,
STORET_Rhode_UNB10_19661116_      1145,STORET_Rhode,UNB10,00010,7.77778,,1966-11-16T11:45:00,41.720278,-71.338056,US,Rhode,RI_Bristol,UPPER NARRAGANSETT BAY STA 10 / NORTHEAST / NARRAGANSETT BAY,00010,STORET Rhode,$,HWIN-VAR-001,7.77778,
STORET_Rhode_UNB10_19661123_      1020,STORET_Rhode,UNB10,00010,5.55556,,1966-11-23T10:20:00,41.720278,-71.338056,US,Rhode,RI_Bristol,UPPER NARRAGANSETT BAY STA 10 / NORTHEAST / NARRAGANSETT BAY,00010,STORET Rhode,$,HWIN-VAR-001,5.55556,
STORET_Rhode_UNB10_19661130_      1105,STORET_Rhode,UNB10,00010,8.88889,,1966-11-30T11:05:00,41.720278,-71.338056,US,Rhode,RI_Bristol,UPPER NARRAGANSETT BAY STA 10 / NORTHEAST / NARRAGANSETT BAY,00010,STORET Rhode,$,HWIN-VAR-001,8.88889,
STORET_Rhode_UNB10_19661208_      0950,STORET_Rhode,UNB10,00010,6.66667,,1966-12-08T09:50:00,41.720278,-71.338056,US,Rhode,RI_Bristol,UPPER NARRAGANSETT BAY STA 10 / NORTHEAST / NARRAGANSETT BAY,00010,STORET Rhode,$,HWIN-VAR-001,6.66667,
STORET_Rhode_UNB10_19670110_      0949,STORET_Rhode,UNB10,00010,1.11111,,1967-01-10T09:49:00,41.720278,-71.338056,US,Rhode,RI_Bristol,UPPER NARRAGANSETT BAY STA 10 / NORTHEAST / NARRAGANSETT BAY,00010,STORET Rhode,$,HWIN-VAR-001,1.11111,
STORET_Rhode_UNB10_19670117_      0955,STORET_Rhode,UNB10,00010,2.22222,,1967-01-17T09:55:00,41.720278,-71.338056,US,Rhode,RI_Bristol,UPPER NARRAGANSETT BAY STA 10 / NORTHEAST / NARRAGANSETT BAY,00010,STORET Rhode,$,HWIN-VAR-001,2.22222,
STORET_Rhode_UNB10_19670124_      0945,STORET_Rhode,UNB10,00010,4.44444,,1967-01-24T09:45:00,41.720278,-71.338056,US,Rhode,RI_Bristol,UPPER NARRAGANSETT BAY STA 10 / NORTHEAST / NARRAGANSETT BAY,00010,STORET Rhode,$,HWIN-VAR-001,4.44444,
STORET_Rhode_UNB10_19670131_      0945,STORET_Rhode,UNB10,00010,2.22222,,1967-01-31T09:45:00,41.720278,-71.338056,US,Rhode,RI_Bristol,UPPER NARRAGANSETT BAY STA 10 / NORTHEAST / NARRAGANSETT BAY,00010,STORET Rhode,$,HWIN-VAR-001,2.22222,
STORET_Rhode_UNB10_19670302_      1002,STORET_Rhode,UNB10,00010,0.555556,,1967-03-02T10:02:00,41.720278,-71.338056,US,Rhode,RI_Bristol,UPPER NARRAGANSETT BAY STA 10 / NORTHEAST / NARRAGANSETT BAY,00010,STORET Rhode,$,HWIN-VAR-001,0.555556,
STORET_Rhode_UNB10_19670309_      0953,STORET_Rhode,UNB10,00010,1.66667,,1967-03-09T09:53:00,41.720278,-71.338056,US,Rhode,RI_Bristol,UPPER NARRAGANSETT BAY STA 10 / NORTHEAST / NARRAGANSETT BAY,00010,STORET Rhode,$,HWIN-VAR-001,1.66667,
STORET_Rhode_UNB10_19670330_      1018,STORET_Rhode,UNB10,00010,5.0,,1967-03-30T10:18:00,41.720278,-71.338056,US,Rhode,RI_Bristol,UPPER NARRAGANSETT BAY STA 10 / NORTHEAST / NARRAGANSETT BAY,00010,STORET Rhode,$,HWIN-VAR-001,5.0,
STORET_Rhode_UNB10_19670406_      0938,STORET_Rhode,UNB10,00010,5.55556,,1967-04-06T09:38:00,41.720278,-71.338056,US,Rhode,RI_Bristol,UPPER NARRAGANSETT BAY STA 10 / NORTHEAST / NARRAGANSETT BAY,00010,STORET Rhode,$,HWIN-VAR-001,5.55556,
STORET_Rhode_UNB10_19670413_      1040,STORET_Rhode,UNB10,00010,6.66667,,1967-04-13T10:40:00,41.720278,-71.338056,US,Rhode,RI_Bristol,UPPER NARRAGANSETT BAY STA 10 / NORTHEAST / NARRAGANSETT BAY,00010,STORET Rhode,$,HWIN-VAR-001,6.66667,
STORET_Rhode_UNB10_19670426_      1031,STORET_Rhode,UNB10,00010,7.77778,,1967-04-26T10:31:00,41.720278,-71.338056,US,Rhode,RI_Bristol,UPPER NARRAGANSETT BAY STA 10 / NORTHEAST / NARRAGANSETT BAY,00010,STORET Rhode,$,HWIN-VAR-001,7.77778,
STORET_Rhode_UNB10_19670503_      1103,STORET_Rhode,UNB10,00010,10.5556,,1967-05-03T11:03:00,41.720278,-71.338056,US,Rhode,RI_Bristol,UPPER NARRAGANSETT BAY STA 10 / NORTHEAST / NARRAGANSETT BAY,00010,STORET Rhode,$,HWIN-VAR-001,10.5556,
STORET_Rhode_UNB10_19670510_      0931,STORET_Rhode,UNB10,00010,10.0,,1967-05-10T09:31:00,41.720278,-71.338056,US,Rhode,RI_Bristol,UPPER NARRAGANSETT BAY STA 10 / NORTHEAST / NARRAGANSETT BAY,00010,STORET Rhode,$,HWIN-VAR-001,10.0,
STORET_Rhode_UNB10_19670517_      0907,STORET_Rhode,UNB10,00010,11.6667,,1967-05-17T09:07:00,41.720278,-71.338056,US,Rhode,RI_Bristol,UPPER NARRAGANSETT BAY STA 10 / NORTHEAST / NARRAGANSETT BAY,00010,STORET Rhode,$,HWIN-VAR-001,11.6667,
STORET_Rhode_UNB10_19670524_      0945,STORET_Rhode,UNB10,00010,12.7778,,1967-05-24T09:45:00,41.720278,-71.338056,US,Rhode,RI_Bristol,UPPER NARRAGANSETT BAY STA 10 / NORTHEAST / NARRAGANSETT BAY,00010,STORET Rhode,$,HWIN-VAR-001,12.7778,
STORET_Rhode_UNB10_19670607_      0855,STORET_Rhode,UNB10,00010,20.0,,1967-06-07T08:55:00,41.720278,-71.338056,US,Rhode,RI_Bristol,UPPER NARRAGANSETT BAY STA 10 / NORTHEAST / NARRAGANSETT BAY,00010,STORET Rhode,$,HWIN-VAR-001,20.0,
STORET_Rhode_UNB10_19670614_      0902,STORET_Rhode,UNB10,00010,17.7778,,1967-06-14T09:02:00,41.720278,-71.338056,US,Rhode,RI_Bristol,UPPER NARRAGANSETT BAY STA 10 / NORTHEAST / NARRAGANSETT BAY,00010,STORET Rhode,$,HWIN-VAR-001,17.7778,
STORET_Rhode_UNB10_19670628_      0844,STORET_Rhode,UNB10,00010,20.0,,1967-06-28T08:44:00,41.720278,-71.338056,US,Rhode,RI_Bristol,UPPER NARRAGANSETT BAY STA 10 / NORTHEAST / NARRAGANSETT BAY,00010,STORET Rhode,$,HWIN-VAR-001,20.0,
STORET_Rhode_UNB10_19670705_      0853,STORET_Rhode,UNB10,00010,21.1111,,1967-07-05T08:53:00,41.720278,-71.338056,US,Rhode,RI_Bristol,UPPER NARRAGANSETT BAY STA 10 / NORTHEAST / NARRAGANSETT BAY,00010,STORET Rhode,$,HWIN-VAR-001,21.1111,
STORET_Rhode_UNB10_19670713_      0850,STORET_Rhode,UNB10,00010,21.6667,,1967-07-13T08:50:00,41.720278,-71.338056,US,Rhode,RI_Bristol,UPPER NARRAGANSETT BAY STA 10 / NORTHEAST / NARRAGANSETT BAY,00010,STORET Rhode,$,HWIN-VAR-001,21.6667,
STORET_Rhode_UNB10_19670726_      0820,STORET_Rhode,UNB10,00010,23.3333,,1967-07-26T08:20:00,41.720278,-71.338056,US,Rhode,RI_Bristol,UPPER NARRAGANSETT BAY STA 10 / NORTHEAST / NARRAGANSETT BAY,00010,STORET Rhode,$,HWIN-VAR-001,23.3333,
STORET_Rhode_UNB10_19670802_      0850,STORET_Rhode,UNB10,00010,23.8889,,1967-08-02T08:50:00,41.720278,-71.338056,US,Rhode,RI_Bristol,UPPER NARRAGANSETT BAY STA 10 / NORTHEAST / NARRAGANSETT BAY,00010,STORET Rhode,$,HWIN-VAR-001,23.8889,
STORET_Rhode_UNB10_19670809_      0845,STORET_Rhode,UNB10,00010,22.7778,,1967-08-09T08:45:00,41.720278,-71.338056,US,Rhode,RI_Bristol,UPPER NARRAGANSETT BAY STA 10 / NORTHEAST / NARRAGANSETT BAY,00010,STORET Rhode,$,HWIN-VAR-001,22.7778,
STORET_Rhode_UNB10_19670823_      0857,STORET_Rhode,UNB10,00010,23.8889,,1967-08-23T08:57:00,41.720278,-71.338056,US,Rhode,RI_Bristol,UPPER NARRAGANSETT BAY STA 10 / NORTHEAST / NARRAGANSETT BAY,00010,STORET Rhode,$,HWIN-VAR-001,23.8889,
STORET_Rhode_UNB10_19670830_      0913,STORET_Rhode,UNB10,00010,22.7778,,1967-08-30T09:13:00,41.720278,-71.338056,US,Rhode,RI_Bristol,UPPER NARRAGANSETT BAY STA 10 / NORTHEAST / NARRAGANSETT BAY,00010,STORET Rhode,$,HWIN-VAR-001,22.7778,
STORET_Rhode_UNB10_19670906_      0849,STORET_Rhode,UNB10,00010,20.0,,1967-09-06T08:49:00,41.720278,-71.338056,US,Rhode,RI_Bristol,UPPER NARRAGANSETT BAY STA 10 / NORTHEAST / NARRAGANSETT BAY,00010,STORET Rhode,$,HWIN-VAR-001,20.0,
STORET_Rhode_UNB10_19670920_      0835,STORET_Rhode,UNB10,00010,18.3333,,1967-09-20T08:35:00,41.720278,-71.338056,US,Rhode,RI_Bristol,UPPER NARRAGANSETT BAY STA 10 / NORTHEAST / NARRAGANSETT BAY,00010,STORET Rhode,$,HWIN-VAR-001,18.3333,
STORET_Rhode_UNB10_19671004_      0851,STORET_Rhode,UNB10,00010,18.8889,,1967-10-04T08:51:00,41.720278,-71.338056,US,Rhode,RI_Bristol,UPPER NARRAGANSETT BAY STA 10 / NORTHEAST / NARRAGANSETT BAY,00010,STORET Rhode,$,HWIN-VAR-001,18.8889,
STORET_Rhode_UNB10_19671011_      0905,STORET_Rhode,UNB10,00010,15.5556,,1967-10-11T09:05:00,41.720278,-71.338056,US,Rhode,RI_Bristol,UPPER NARRAGANSETT BAY STA 10 / NORTHEAST / NARRAGANSETT BAY,00010,STORET Rhode,$,HWIN-VAR-001,15.5556,
STORET_Rhode_UNB10_19671018_      0840,STORET_Rhode,UNB10,00010,15.5556,,1967-10-18T08:40:00,41.720278,-71.338056,US,Rhode,RI_Bristol,UPPER NARRAGANSETT BAY STA 10 / NORTHEAST / NARRAGANSETT BAY,00010,STORET Rhode,$,HWIN-VAR-001,15.5556,
STORET_Rhode_UNB10_19671101_      0955,STORET_Rhode,UNB10,00010,11.1111,,1967-11-01T09:55:00,41.720278,-71.338056,US,Rhode,RI_Bristol,UPPER NARRAGANSETT BAY STA 10 / NORTHEAST / NARRAGANSETT BAY,00010,STORET Rhode,$,HWIN-VAR-001,11.1111,
STORET_Rhode_UNB10_19671108_      0945,STORET_Rhode,UNB10,00010,8.88889,,1967-11-08T09:45:00,41.720278,-71.338056,US,Rhode,RI_Bristol,UPPER NARRAGANSETT BAY STA 10 / NORTHEAST / NARRAGANSETT BAY,00010,STORET Rhode,$,HWIN-VAR-001,8.88889,
STORET_Rhode_UNB10_19671115_      1007,STORET_Rhode,UNB10,00010,8.33333,,1967-11-15T10:07:00,41.720278,-71.338056,US,Rhode,RI_Bristol,UPPER NARRAGANSETT BAY STA 10 / NORTHEAST / NARRAGANSETT BAY,00010,STORET Rhode,$,HWIN-VAR-001,8.33333,
STORET_Rhode_UNB10_19671129_      1000,STORET_Rhode,UNB10,00010,4.44444,,1967-11-29T10:00:00,41.720278,-71.338056,US,Rhode,RI_Bristol,UPPER NARRAGANSETT BAY STA 10 / NORTHEAST / NARRAGANSETT BAY,00010,STORET Rhode,$,HWIN-VAR-001,4.44444,
STORET_Rhode_UNB10_19671206_      0955,STORET_Rhode,UNB10,00010,3.33333,,1967-12-06T09:55:00,41.720278,-71.338056,US,Rhode,RI_Bristol,UPPER NARRAGANSETT BAY STA 10 / NORTHEAST / NARRAGANSETT BAY,00010,STORET Rhode,$,HWIN-VAR-001,3.33333,
STORET_Rhode_UNB10_19671213_      1007,STORET_Rhode,UNB10,00010,5.55556,,1967-12-13T10:07:00,41.720278,-71.338056,US,Rhode,RI_Bristol,UPPER NARRAGANSETT BAY STA 10 / NORTHEAST / NARRAGANSETT BAY,00010,STORET Rhode,$,HWIN-VAR-001,5.55556,
STORET_Rhode_UNB10_19680124_      1035,STORET_Rhode,UNB10,00010,0.0,,1968-01-24T10:35:00,41.720278,-71.338056,US,Rhode,RI_Bristol,UPPER NARRAGANSETT BAY STA 10 / NORTHEAST / NARRAGANSETT BAY,00010,STORET Rhode,$,HWIN-VAR-001,0.0,
STORET_Rhode_UNB10_19680207_      1022,STORET_Rhode,UNB10,00010,1.11111,,1968-02-07T10:22:00,41.720278,-71.338056,US,Rhode,RI_Bristol,UPPER NARRAGANSETT BAY STA 10 / NORTHEAST / NARRAGANSETT BAY,00010,STORET Rhode,$,HWIN-VAR-001,1.11111,
STORET_Rhode_UNB10_19680327_      1055,STORET_Rhode,UNB10,00010,5.0,,1968-03-27T10:55:00,41.720278,-71.338056,US,Rhode,RI_Bristol,UPPER NARRAGANSETT BAY STA 10 / NORTHEAST / NARRAGANSETT BAY,00010,STORET Rhode,$,HWIN-VAR-001,5.0,
STORET_Rhode_UNB10_19680403_      1044,STORET_Rhode,UNB10,00010,5.55556,,1968-04-03T10:44:00,41.720278,-71.338056,US,Rhode,RI_Bristol,UPPER NARRAGANSETT BAY STA 10 / NORTHEAST / NARRAGANSETT BAY,00010,STORET Rhode,$,HWIN-VAR-001,5.55556,
STORET_Rhode_UNB10_19680410_      0935,STORET_Rhode,UNB10,00010,6.66667,,1968-04-10T09:35:00,41.720278,-71.338056,US,Rhode,RI_Bristol,UPPER NARRAGANSETT BAY STA 10 / NORTHEAST / NARRAGANSETT BAY,00010,STORET Rhode,$,HWIN-VAR-001,6.66667,
STORET_Rhode_UNB10_19680418_      1027,STORET_Rhode,UNB10,00010,9.44444,,1968-04-18T10:27:00,41.720278,-71.338056,US,Rhode,RI_Bristol,UPPER NARRAGANSETT BAY STA 10 / NORTHEAST / NARRAGANSETT BAY,00010,STORET Rhode,$,HWIN-VAR-001,9.44444,
STORET_Rhode_UNB10_19680501_      0920,STORET_Rhode,UNB10,00010,12.7778,,1968-05-01T09:20:00,41.720278,-71.338056,US,Rhode,RI_Bristol,UPPER NARRAGANSETT BAY STA 10 / NORTHEAST / NARRAGANSETT BAY,00010,STORET Rhode,$,HWIN-VAR-001,12.7778,
STORET_Rhode_UNB10_19680508_      0901,STORET_Rhode,UNB10,00010,11.1111,,1968-05-08T09:01:00,41.720278,-71.338056,US,Rhode,RI_Bristol,UPPER NARRAGANSETT BAY STA 10 / NORTHEAST / NARRAGANSETT BAY,00010,STORET Rhode,$,HWIN-VAR-001,11.1111,
STORET_Rhode_UNB10_19680515_      0915,STORET_Rhode,UNB10,00010,14.4444,,1968-05-15T09:15:00,41.720278,-71.338056,US,Rhode,RI_Bristol,UPPER NARRAGANSETT BAY STA 10 / NORTHEAST / NARRAGANSETT BAY,00010,STORET Rhode,$,HWIN-VAR-001,14.4444,
STORET_Rhode_UNB10_19680522_      0924,STORET_Rhode,UNB10,00010,14.4444,,1968-05-22T09:24:00,41.720278,-71.338056,US,Rhode,RI_Bristol,UPPER NARRAGANSETT BAY STA 10 / NORTHEAST / NARRAGANSETT BAY,00010,STORET Rhode,$,HWIN-VAR-001,14.4444,
STORET_Rhode_UNB10_19680605_      0946,STORET_Rhode,UNB10,00010,15.5556,,1968-06-05T09:46:00,41.720278,-71.338056,US,Rhode,RI_Bristol,UPPER NARRAGANSETT BAY STA 10 / NORTHEAST / NARRAGANSETT BAY,00010,STORET Rhode,$,HWIN-VAR-001,15.5556,
STORET_Rhode_UNB10_19680619_      0957,STORET_Rhode,UNB10,00010,17.7778,,1968-06-19T09:57:00,41.720278,-71.338056,US,Rhode,RI_Bristol,UPPER NARRAGANSETT BAY STA 10 / NORTHEAST / NARRAGANSETT BAY,00010,STORET Rhode,$,HWIN-VAR-001,17.7778,
STORET_Rhode_UNB10_19680724_      0950,STORET_Rhode,UNB10,00010,24.4444,,1968-07-24T09:50:00,41.720278,-71.338056,US,Rhode,RI_Bristol,UPPER NARRAGANSETT BAY STA 10 / NORTHEAST / NARRAGANSETT BAY,00010,STORET Rhode,$,HWIN-VAR-001,24.4444,
STORET_Rhode_UNB10_19680731_      1010,STORET_Rhode,UNB10,00010,21.1111,,1968-07-31T10:10:00,41.720278,-71.338056,US,Rhode,RI_Bristol,UPPER NARRAGANSETT BAY STA 10 / NORTHEAST / NARRAGANSETT BAY,00010,STORET Rhode,$,HWIN-VAR-001,21.1111,
STORET_Rhode_UNB10_19680807_      1010,STORET_Rhode,UNB10,00010,23.3333,,1968-08-07T10:10:00,41.720278,-71.338056,US,Rhode,RI_Bristol,UPPER NARRAGANSETT BAY STA 10 / NORTHEAST / NARRAGANSETT BAY,00010,STORET Rhode,$,HWIN-VAR-001,23.3333,
STORET_Rhode_UNB10_19680828_      0955,STORET_Rhode,UNB10,00010,20.0,,1968-08-28T09:55:00,41.720278,-71.338056,US,Rhode,RI_Bristol,UPPER NARRAGANSETT BAY STA 10 / NORTHEAST / NARRAGANSETT BAY,00010,STORET Rhode,$,HWIN-VAR-001,20.0,
STORET_Rhode_UNB10_19680918_      0903,STORET_Rhode,UNB10,00010,18.8889,,1968-09-18T09:03:00,41.720278,-71.338056,US,Rhode,RI_Bristol,UPPER NARRAGANSETT BAY STA 10 / NORTHEAST / NARRAGANSETT BAY,00010,STORET Rhode,$,HWIN-VAR-001,18.8889,
STORET_Rhode_UNB10_19680925_      0903,STORET_Rhode,UNB10,00010,19.4444,,1968-09-25T09:03:00,41.720278,-71.338056,US,Rhode,RI_Bristol,UPPER NARRAGANSETT BAY STA 10 / NORTHEAST / NARRAGANSETT BAY,00010,STORET Rhode,$,HWIN-VAR-001,19.4444,
STORET_Rhode_UNB10_19681002_      1055,STORET_Rhode,UNB10,00010,20.0,,1968-10-02T10:55:00,41.720278,-71.338056,US,Rhode,RI_Bristol,UPPER NARRAGANSETT BAY STA 10 / NORTHEAST / NARRAGANSETT BAY,00010,STORET Rhode,$,HWIN-VAR-001,20.0,
STORET_Rhode_UNB10_19681009_      0918,STORET_Rhode,UNB10,00010,14.4444,,1968-10-09T09:18:00,41.720278,-71.338056,US,Rhode,RI_Bristol,UPPER NARRAGANSETT BAY STA 10 / NORTHEAST / NARRAGANSETT BAY,00010,STORET Rhode,$,HWIN-VAR-001,14.4444,
STORET_Rhode_UNB10_19681017_      0903,STORET_Rhode,UNB10,00010,16.6667,,1968-10-17T09:03:00,41.720278,-71.338056,US,Rhode,RI_Bristol,UPPER NARRAGANSETT BAY STA 10 / NORTHEAST / NARRAGANSETT BAY,00010,STORET Rhode,$,HWIN-VAR-001,16.6667,
STORET_Rhode_UNB10_19681023_      0915,STORET_Rhode,UNB10,00010,15.5556,,1968-10-23T09:15:00,41.720278,-71.338056,US,Rhode,RI_Bristol,UPPER NARRAGANSETT BAY STA 10 / NORTHEAST / NARRAGANSETT BAY,00010,STORET Rhode,$,HWIN-VAR-001,15.5556,
STORET_Rhode_UNB10_19681030_      1055,STORET_Rhode,UNB10,00010,13.3333,,1968-10-30T10:55:00,41.720278,-71.338056,US,Rhode,RI_Bristol,UPPER NARRAGANSETT BAY STA 10 / NORTHEAST / NARRAGANSETT BAY,00010,STORET Rhode,$,HWIN-VAR-001,13.3333,
STORET_Rhode_UNB10_19681106_      1110,STORET_Rhode,UNB10,00010,12.2222,,1968-11-06T11:10:00,41.720278,-71.338056,US,Rhode,RI_Bristol,UPPER NARRAGANSETT BAY STA 10 / NORTHEAST / NARRAGANSETT BAY,00010,STORET Rhode,$,HWIN-VAR-001,12.2222,
STORET_Rhode_UNB10_19690115_      1120,STORET_Rhode,UNB10,00010,0.555556,,1969-01-15T11:20:00,41.720278,-71.338056,US,Rhode,RI_Bristol,UPPER NARRAGANSETT BAY STA 10 / NORTHEAST / NARRAGANSETT BAY,00010,STORET Rhode,$,HWIN-VAR-001,0.555556,
STORET_Rhode_UNB10_19690122_      1010,STORET_Rhode,UNB10,00010,1.66667,,1969-01-22T10:10:00,41.720278,-71.338056,US,Rhode,RI_Bristol,UPPER NARRAGANSETT BAY STA 10 / NORTHEAST / NARRAGANSETT BAY,00010,STORET Rhode,$,HWIN-VAR-001,1.66667,
STORET_Rhode_UNB10_19690319_      1037,STORET_Rhode,UNB10,00010,2.22222,,1969-03-19T10:37:00,41.720278,-71.338056,US,Rhode,RI_Bristol,UPPER NARRAGANSETT BAY STA 10 / NORTHEAST / NARRAGANSETT BAY,00010,STORET Rhode,$,HWIN-VAR-001,2.22222,
STORET_Rhode_UNB10_19690401_      1037,STORET_Rhode,UNB10,00010,4.44444,,1969-04-01T10:37:00,41.720278,-71.338056,US,Rhode,RI_Bristol,UPPER NARRAGANSETT BAY STA 10 / NORTHEAST / NARRAGANSETT BAY,00010,STORET Rhode,$,HWIN-VAR-001,4.44444,
STORET_Rhode_UNB10_19690408_      1000,STORET_Rhode,UNB10,00010,8.33333,,1969-04-08T10:00:00,41.720278,-71.338056,US,Rhode,RI_Bristol,UPPER NARRAGANSETT BAY STA 10 / NORTHEAST / NARRAGANSETT BAY,00010,STORET Rhode,$,HWIN-VAR-001,8.33333,
STORET_Rhode_UNB10_19690415_      0948,STORET_Rhode,UNB10,00010,8.33333,,1969-04-15T09:48:00,41.720278,-71.338056,US,Rhode,RI_Bristol,UPPER NARRAGANSETT BAY STA 10 / NORTHEAST / NARRAGANSETT BAY,00010,STORET Rhode,$,HWIN-VAR-001,8.33333,
STORET_Rhode_UNB10_19690424_      1005,STORET_Rhode,UNB10,00010,10.5556,,1969-04-24T10:05:00,41.720278,-71.338056,US,Rhode,RI_Bristol,UPPER NARRAGANSETT BAY STA 10 / NORTHEAST / NARRAGANSETT BAY,00010,STORET Rhode,$,HWIN-VAR-001,10.5556,
STORET_Rhode_UNB10_19690506_      0935,STORET_Rhode,UNB10,00010,12.2222,,1969-05-06T09:35:00,41.720278,-71.338056,US,Rhode,RI_Bristol,UPPER NARRAGANSETT BAY STA 10 / NORTHEAST / NARRAGANSETT BAY,00010,STORET Rhode,$,HWIN-VAR-001,12.2222,
STORET_Rhode_UNB10_19690514_      0845,STORET_Rhode,UNB10,00010,13.3333,,1969-05-14T08:45:00,41.720278,-71.338056,US,Rhode,RI_Bristol,UPPER NARRAGANSETT BAY STA 10 / NORTHEAST / NARRAGANSETT BAY,00010,STORET Rhode,$,HWIN-VAR-001,13.3333,
STORET_Rhode_UNB10_19690521_      0900,STORET_Rhode,UNB10,00010,15.5556,,1969-05-21T09:00:00,41.720278,-71.338056,US,Rhode,RI_Bristol,UPPER NARRAGANSETT BAY STA 10 / NORTHEAST / NARRAGANSETT BAY,00010,STORET Rhode,$,HWIN-VAR-001,15.5556,
STORET_Rhode_UNB10_19690528_      0937,STORET_Rhode,UNB10,00010,16.1111,,1969-05-28T09:37:00,41.720278,-71.338056,US,Rhode,RI_Bristol,UPPER NARRAGANSETT BAY STA 10 / NORTHEAST / NARRAGANSETT BAY,00010,STORET Rhode,$,HWIN-VAR-001,16.1111,
STORET_Rhode_UNB10_19690604_      0903,STORET_Rhode,UNB10,00010,17.7778,,1969-06-04T09:03:00,41.720278,-71.338056,US,Rhode,RI_Bristol,UPPER NARRAGANSETT BAY STA 10 / NORTHEAST / NARRAGANSETT BAY,00010,STORET Rhode,$,HWIN-VAR-001,17.7778,
STORET_Rhode_UNB10_19690610_      0910,STORET_Rhode,UNB10,00010,20.0,,1969-06-10T09:10:00,41.720278,-71.338056,US,Rhode,RI_Bristol,UPPER NARRAGANSETT BAY STA 10 / NORTHEAST / NARRAGANSETT BAY,00010,STORET Rhode,$,HWIN-VAR-001,20.0,
STORET_Rhode_UNB10_19690617_      0930,STORET_Rhode,UNB10,00010,21.1111,,1969-06-17T09:30:00,41.720278,-71.338056,US,Rhode,RI_Bristol,UPPER NARRAGANSETT BAY STA 10 / NORTHEAST / NARRAGANSETT BAY,00010,STORET Rhode,$,HWIN-VAR-001,21.1111,
STORET_Rhode_UNB10_19690701_      0905,STORET_Rhode,UNB10,00010,23.3333,,1969-07-01T09:05:00,41.720278,-71.338056,US,Rhode,RI_Bristol,UPPER NARRAGANSETT BAY STA 10 / NORTHEAST / NARRAGANSETT BAY,00010,STORET Rhode,$,HWIN-VAR-001,23.3333,
STORET_Rhode_UNB10_19690708_      0915,STORET_Rhode,UNB10,00010,21.1111,,1969-07-08T09:15:00,41.720278,-71.338056,US,Rhode,RI_Bristol,UPPER NARRAGANSETT BAY STA 10 / NORTHEAST / NARRAGANSETT BAY,00010,STORET Rhode,$,HWIN-VAR-001,21.1111,
STORET_Rhode_UNB10_19690715_      0907,STORET_Rhode,UNB10,00010,22.2222,,1969-07-15T09:07:00,41.720278,-71.338056,US,Rhode,RI_Bristol,UPPER NARRAGANSETT BAY STA 10 / NORTHEAST / NARRAGANSETT BAY,00010,STORET Rhode,$,HWIN-VAR-001,22.2222,
STORET_Rhode_UNB10_19690722_      0923,STORET_Rhode,UNB10,00010,21.1111,,1969-07-22T09:23:00,41.720278,-71.338056,US,Rhode,RI_Bristol,UPPER NARRAGANSETT BAY STA 10 / NORTHEAST / NARRAGANSETT BAY,00010,STORET Rhode,$,HWIN-VAR-001,21.1111,
STORET_Rhode_UNB10_19690805_      1032,STORET_Rhode,UNB10,00010,25.0,,1969-08-05T10:32:00,41.720278,-71.338056,US,Rhode,RI_Bristol,UPPER NARRAGANSETT BAY STA 10 / NORTHEAST / NARRAGANSETT BAY,00010,STORET Rhode,$,HWIN-VAR-001,25.0,
STORET_Rhode_UNB10_19690812_      0902,STORET_Rhode,UNB10,00010,23.3333,,1969-08-12T09:02:00,41.720278,-71.338056,US,Rhode,RI_Bristol,UPPER NARRAGANSETT BAY STA 10 / NORTHEAST / NARRAGANSETT BAY,00010,STORET Rhode,$,HWIN-VAR-001,23.3333,
STORET_Rhode_UNB10_19690826_      0905,STORET_Rhode,UNB10,00010,21.6667,,1969-08-26T09:05:00,41.720278,-71.338056,US,Rhode,RI_Bristol,UPPER NARRAGANSETT BAY STA 10 / NORTHEAST / NARRAGANSETT BAY,00010,STORET Rhode,$,HWIN-VAR-001,21.6667,
STORET_Rhode_UNB10_19690902_      1018,STORET_Rhode,UNB10,00010,25.5556,,1969-09-02T10:18:00,41.720278,-71.338056,US,Rhode,RI_Bristol,UPPER NARRAGANSETT BAY STA 10 / NORTHEAST / NARRAGANSETT BAY,00010,STORET Rhode,$,HWIN-VAR-001,25.5556,
STORET_Rhode_UNB10_19690916_      0915,STORET_Rhode,UNB10,00010,22.2222,,1969-09-16T09:15:00,41.720278,-71.338056,US,Rhode,RI_Bristol,UPPER NARRAGANSETT BAY STA 10 / NORTHEAST / NARRAGANSETT BAY,00010,STORET Rhode,$,HWIN-VAR-001,22.2222,
STORET_Rhode_UNB10_19690924_      0850,STORET_Rhode,UNB10,00010,16.6667,,1969-09-24T08:50:00,41.720278,-71.338056,US,Rhode,RI_Bristol,UPPER NARRAGANSETT BAY STA 10 / NORTHEAST / NARRAGANSETT BAY,00010,STORET Rhode,$,HWIN-VAR-001,16.6667,
STORET_Rhode_UNB10_19690930_      0900,STORET_Rhode,UNB10,00010,16.1111,,1969-09-30T09:00:00,41.720278,-71.338056,US,Rhode,RI_Bristol,UPPER NARRAGANSETT BAY STA 10 / NORTHEAST / NARRAGANSETT BAY,00010,STORET Rhode,$,HWIN-VAR-001,16.1111,
STORET_Rhode_UNB10_19691007_      0905,STORET_Rhode,UNB10,00010,15.5556,,1969-10-07T09:05:00,41.720278,-71.338056,US,Rhode,RI_Bristol,UPPER NARRAGANSETT BAY STA 10 / NORTHEAST / NARRAGANSETT BAY,00010,STORET Rhode,$,HWIN-VAR-001,15.5556,
STORET_Rhode_UNB10_19691028_      1127,STORET_Rhode,UNB10,00010,11.1111,,1969-10-28T11:27:00,41.720278,-71.338056,US,Rhode,RI_Bristol,UPPER NARRAGANSETT BAY STA 10 / NORTHEAST / NARRAGANSETT BAY,00010,STORET Rhode,$,HWIN-VAR-001,11.1111,
STORET_Rhode_UNB10_19691112_      1010,STORET_Rhode,UNB10,00010,10.0,,1969-11-12T10:10:00,41.720278,-71.338056,US,Rhode,RI_Bristol,UPPER NARRAGANSETT BAY STA 10 / NORTHEAST / NARRAGANSETT BAY,00010,STORET Rhode,$,HWIN-VAR-001,10.0,
STORET_Rhode_UNB10_19691118_      1025,STORET_Rhode,UNB10,00010,7.77778,,1969-11-18T10:25:00,41.720278,-71.338056,US,Rhode,RI_Bristol,UPPER NARRAGANSETT BAY STA 10 / NORTHEAST / NARRAGANSETT BAY,00010,STORET Rhode,$,HWIN-VAR-001,7.77778,
STORET_Rhode_UNB10_19700304_      0925,STORET_Rhode,UNB10,00010,1.11111,,1970-03-04T09:25:00,41.720278,-71.338056,US,Rhode,RI_Bristol,UPPER NARRAGANSETT BAY STA 10 / NORTHEAST / NARRAGANSETT BAY,00010,STORET Rhode,$,HWIN-VAR-001,1.11111,
STORET_Rhode_UNB10_19700310_      0940,STORET_Rhode,UNB10,00010,1.11111,,1970-03-10T09:40:00,41.720278,-71.338056,US,Rhode,RI_Bristol,UPPER NARRAGANSETT BAY STA 10 / NORTHEAST / NARRAGANSETT BAY,00010,STORET Rhode,$,HWIN-VAR-001,1.11111,
STORET_Rhode_UNB10_19700325_      1020,STORET_Rhode,UNB10,00010,3.33333,,1970-03-25T10:20:00,41.720278,-71.338056,US,Rhode,RI_Bristol,UPPER NARRAGANSETT BAY STA 10 / NORTHEAST / NARRAGANSETT BAY,00010,STORET Rhode,$,HWIN-VAR-001,3.33333,
STORET_Rhode_UNB10_19700609_      1050,STORET_Rhode,UNB10,00010,18.3333,,1970-06-09T10:50:00,41.720278,-71.338056,US,Rhode,RI_Bristol,UPPER NARRAGANSETT BAY STA 10 / NORTHEAST / NARRAGANSETT BAY,00010,STORET Rhode,$,HWIN-VAR-001,18.3333,
STORET_Rhode_UNB10_19700624_      1035,STORET_Rhode,UNB10,00010,20.0,,1970-06-24T10:35:00,41.720278,-71.338056,US,Rhode,RI_Bristol,UPPER NARRAGANSETT BAY STA 10 / NORTHEAST / NARRAGANSETT BAY,00010,STORET Rhode,$,HWIN-VAR-001,20.0,
STORET_Rhode_UNB10_19700701_      0900,STORET_Rhode,UNB10,00010,18.8889,,1970-07-01T09:00:00,41.720278,-71.338056,US,Rhode,RI_Bristol,UPPER NARRAGANSETT BAY STA 10 / NORTHEAST / NARRAGANSETT BAY,00010,STORET Rhode,$,HWIN-VAR-001,18.8889,
STORET_Rhode_UNB10_19700707_      0817,STORET_Rhode,UNB10,00010,21.1111,,1970-07-07T08:17:00,41.720278,-71.338056,US,Rhode,RI_Bristol,UPPER NARRAGANSETT BAY STA 10 / NORTHEAST / NARRAGANSETT BAY,00010,STORET Rhode,$,HWIN-VAR-001,21.1111,
STORET_Rhode_UNB10_19700714_      0942,STORET_Rhode,UNB10,00010,22.7778,,1970-07-14T09:42:00,41.720278,-71.338056,US,Rhode,RI_Bristol,UPPER NARRAGANSETT BAY STA 10 / NORTHEAST / NARRAGANSETT BAY,00010,STORET Rhode,$,HWIN-VAR-001,22.7778,
STORET_Rhode_UNB10_19700721_      0920,STORET_Rhode,UNB10,00010,22.7778,,1970-07-21T09:20:00,41.720278,-71.338056,US,Rhode,RI_Bristol,UPPER NARRAGANSETT BAY STA 10 / NORTHEAST / NARRAGANSETT BAY,00010,STORET Rhode,$,HWIN-VAR-001,22.7778,
STORET_Rhode_UNB10_19700728_      0945,STORET_Rhode,UNB10,00010,25.5556,,1970-07-28T09:45:00,41.720278,-71.338056,US,Rhode,RI_Bristol,UPPER NARRAGANSETT BAY STA 10 / NORTHEAST / NARRAGANSETT BAY,00010,STORET Rhode,$,HWIN-VAR-001,25.5556,
STORET_Rhode_UNB10_19700804_      0930,STORET_Rhode,UNB10,00010,24.4444,,1970-08-04T09:30:00,41.720278,-71.338056,US,Rhode,RI_Bristol,UPPER NARRAGANSETT BAY STA 10 / NORTHEAST / NARRAGANSETT BAY,00010,STORET Rhode,$,HWIN-VAR-001,24.4444,
STORET_Rhode_UNB10_19700812_      0850,STORET_Rhode,UNB10,00010,21.6667,,1970-08-12T08:50:00,41.720278,-71.338056,US,Rhode,RI_Bristol,UPPER NARRAGANSETT BAY STA 10 / NORTHEAST / NARRAGANSETT BAY,00010,STORET Rhode,$,HWIN-VAR-001,21.6667,
STORET_Rhode_UNB10_19700818_      0935,STORET_Rhode,UNB10,00010,23.3333,,1970-08-18T09:35:00,41.720278,-71.338056,US,Rhode,RI_Bristol,UPPER NARRAGANSETT BAY STA 10 / NORTHEAST / NARRAGANSETT BAY,00010,STORET Rhode,$,HWIN-VAR-001,23.3333,
STORET_Rhode_UNB10_19700825_      0907,STORET_Rhode,UNB10,00010,22.7778,,1970-08-25T09:07:00,41.720278,-71.338056,US,Rhode,RI_Bristol,UPPER NARRAGANSETT BAY STA 10 / NORTHEAST / NARRAGANSETT BAY,00010,STORET Rhode,$,HWIN-VAR-001,22.7778,
STORET_Rhode_UNB10_19700929_      0836,STORET_Rhode,UNB10,00010,18.8889,,1970-09-29T08:36:00,41.720278,-71.338056,US,Rhode,RI_Bristol,UPPER NARRAGANSETT BAY STA 10 / NORTHEAST / NARRAGANSETT BAY,00010,STORET Rhode,$,HWIN-VAR-001,18.8889,
STORET_Rhode_UNB10_19701013_      0955,STORET_Rhode,UNB10,00010,18.8889,,1970-10-13T09:55:00,41.720278,-71.338056,US,Rhode,RI_Bristol,UPPER NARRAGANSETT BAY STA 10 / NORTHEAST / NARRAGANSETT BAY,00010,STORET Rhode,$,HWIN-VAR-001,18.8889,
STORET_Rhode_UNB10_19701021_      0915,STORET_Rhode,UNB10,00010,14.4444,,1970-10-21T09:15:00,41.720278,-71.338056,US,Rhode,RI_Bristol,UPPER NARRAGANSETT BAY STA 10 / NORTHEAST / NARRAGANSETT BAY,00010,STORET Rhode,$,HWIN-VAR-001,14.4444,
STORET_Rhode_UNB10_19701124_      1030,STORET_Rhode,UNB10,00010,8.88889,,1970-11-24T10:30:00,41.720278,-71.338056,US,Rhode,RI_Bristol,UPPER NARRAGANSETT BAY STA 10 / NORTHEAST / NARRAGANSETT BAY,00010,STORET Rhode,$,HWIN-VAR-001,8.88889,
STORET_Rhode_UNB10_19701201_      1015,STORET_Rhode,UNB10,00010,8.88889,,1970-12-01T10:15:00,41.720278,-71.338056,US,Rhode,RI_Bristol,UPPER NARRAGANSETT BAY STA 10 / NORTHEAST / NARRAGANSETT BAY,00010,STORET Rhode,$,HWIN-VAR-001,8.88889,
STORET_Rhode_UNB10_19701208_      1055,STORET_Rhode,UNB10,00010,4.44444,,1970-12-08T10:55:00,41.720278,-71.338056,US,Rhode,RI_Bristol,UPPER NARRAGANSETT BAY STA 10 / NORTHEAST / NARRAGANSETT BAY,00010,STORET Rhode,$,HWIN-VAR-001,4.44444,
STORET_Rhode_UNB10_19710112_      1215,STORET_Rhode,UNB10,00010,1.11111,,1971-01-12T12:15:00,41.720278,-71.338056,US,Rhode,RI_Bristol,UPPER NARRAGANSETT BAY STA 10 / NORTHEAST / NARRAGANSETT BAY,00010,STORET Rhode,$,HWIN-VAR-001,1.11111,
STORET_Rhode_UNB10_19710302_      1025,STORET_Rhode,UNB10,00010,3.33333,,1971-03-02T10:25:00,41.720278,-71.338056,US,Rhode,RI_Bristol,UPPER NARRAGANSETT BAY STA 10 / NORTHEAST / NARRAGANSETT BAY,00010,STORET Rhode,$,HWIN-VAR-001,3.33333,
STORET_Rhode_UNB10_19710316_      1020,STORET_Rhode,UNB10,00010,4.44444,,1971-03-16T10:20:00,41.720278,-71.338056,US,Rhode,RI_Bristol,UPPER NARRAGANSETT BAY STA 10 / NORTHEAST / NARRAGANSETT BAY,00010,STORET Rhode,$,HWIN-VAR-001,4.44444,
STORET_Rhode_UNB10_19710323_      1120,STORET_Rhode,UNB10,00010,3.33333,,1971-03-23T11:20:00,41.720278,-71.338056,US,Rhode,RI_Bristol,UPPER NARRAGANSETT BAY STA 10 / NORTHEAST / NARRAGANSETT BAY,00010,STORET Rhode,$,HWIN-VAR-001,3.33333,
STORET_Rhode_UNB10_19710330_      1035,STORET_Rhode,UNB10,00010,3.33333,,1971-03-30T10:35:00,41.720278,-71.338056,US,Rhode,RI_Bristol,UPPER NARRAGANSETT BAY STA 10 / NORTHEAST / NARRAGANSETT BAY,00010,STORET Rhode,$,HWIN-VAR-001,3.33333,
STORET_Rhode_UNB10_19710413_      1030,STORET_Rhode,UNB10,00010,7.77778,,1971-04-13T10:30:00,41.720278,-71.338056,US,Rhode,RI_Bristol,UPPER NARRAGANSETT BAY STA 10 / NORTHEAST / NARRAGANSETT BAY,00010,STORET Rhode,$,HWIN-VAR-001,7.77778,
STORET_Rhode_UNB10_19710420_      1030,STORET_Rhode,UNB10,00010,7.22222,,1971-04-20T10:30:00,41.720278,-71.338056,US,Rhode,RI_Bristol,UPPER NARRAGANSETT BAY STA 10 / NORTHEAST / NARRAGANSETT BAY,00010,STORET Rhode,$,HWIN-VAR-001,7.22222,
STORET_Rhode_UNB10_19710427_      0915,STORET_Rhode,UNB10,00010,7.77778,,1971-04-27T09:15:00,41.720278,-71.338056,US,Rhode,RI_Bristol,UPPER NARRAGANSETT BAY STA 10 / NORTHEAST / NARRAGANSETT BAY,00010,STORET Rhode,$,HWIN-VAR-001,7.77778,
STORET_Rhode_UNB10_19710504_      0915,STORET_Rhode,UNB10,00010,9.44444,,1971-05-04T09:15:00,41.720278,-71.338056,US,Rhode,RI_Bristol,UPPER NARRAGANSETT BAY STA 10 / NORTHEAST / NARRAGANSETT BAY,00010,STORET Rhode,$,HWIN-VAR-001,9.44444,
STORET_Rhode_UNB10_19710511_      0935,STORET_Rhode,UNB10,00010,10.5556,,1971-05-11T09:35:00,41.720278,-71.338056,US,Rhode,RI_Bristol,UPPER NARRAGANSETT BAY STA 10 / NORTHEAST / NARRAGANSETT BAY,00010,STORET Rhode,$,HWIN-VAR-001,10.5556,
STORET_Rhode_UNB10_19710518_      0925,STORET_Rhode,UNB10,00010,13.3333,,1971-05-18T09:25:00,41.720278,-71.338056,US,Rhode,RI_Bristol,UPPER NARRAGANSETT BAY STA 10 / NORTHEAST / NARRAGANSETT BAY,00010,STORET Rhode,$,HWIN-VAR-001,13.3333,
STORET_Rhode_UNB10_19710525_      0919,STORET_Rhode,UNB10,00010,12.2222,,1971-05-25T09:19:00,41.720278,-71.338056,US,Rhode,RI_Bristol,UPPER NARRAGANSETT BAY STA 10 / NORTHEAST / NARRAGANSETT BAY,00010,STORET Rhode,$,HWIN-VAR-001,12.2222,
STORET_Rhode_UNB10_19710601_      0917,STORET_Rhode,UNB10,00010,13.8889,,1971-06-01T09:17:00,41.720278,-71.338056,US,Rhode,RI_Bristol,UPPER NARRAGANSETT BAY STA 10 / NORTHEAST / NARRAGANSETT BAY,00010,STORET Rhode,$,HWIN-VAR-001,13.8889,
STORET_Rhode_UNB10_19710608_      0918,STORET_Rhode,UNB10,00010,18.8889,,1971-06-08T09:18:00,41.720278,-71.338056,US,Rhode,RI_Bristol,UPPER NARRAGANSETT BAY STA 10 / NORTHEAST / NARRAGANSETT BAY,00010,STORET Rhode,$,HWIN-VAR-001,18.8889,
STORET_Rhode_UNB10_19710615_      0910,STORET_Rhode,UNB10,00010,16.6667,,1971-06-15T09:10:00,41.720278,-71.338056,US,Rhode,RI_Bristol,UPPER NARRAGANSETT BAY STA 10 / NORTHEAST / NARRAGANSETT BAY,00010,STORET Rhode,$,HWIN-VAR-001,16.6667,
STORET_Rhode_UNB10_19710623_      0930,STORET_Rhode,UNB10,00010,21.1111,,1971-06-23T09:30:00,41.720278,-71.338056,US,Rhode,RI_Bristol,UPPER NARRAGANSETT BAY STA 10 / NORTHEAST / NARRAGANSETT BAY,00010,STORET Rhode,$,HWIN-VAR-001,21.1111,
STORET_Rhode_UNB10_19710629_      1000,STORET_Rhode,UNB10,00010,20.0,,1971-06-29T10:00:00,41.720278,-71.338056,US,Rhode,RI_Bristol,UPPER NARRAGANSETT BAY STA 10 / NORTHEAST / NARRAGANSETT BAY,00010,STORET Rhode,$,HWIN-VAR-001,20.0,
STORET_Rhode_UNB10_19710708_      0935,STORET_Rhode,UNB10,00010,22.7778,,1971-07-08T09:35:00,41.720278,-71.338056,US,Rhode,RI_Bristol,UPPER NARRAGANSETT BAY STA 10 / NORTHEAST / NARRAGANSETT BAY,00010,STORET Rhode,$,HWIN-VAR-001,22.7778,
STORET_Rhode_UNB10_19710713_      0910,STORET_Rhode,UNB10,00010,20.5555,,1971-07-13T09:10:00,41.720278,-71.338056,US,Rhode,RI_Bristol,UPPER NARRAGANSETT BAY STA 10 / NORTHEAST / NARRAGANSETT BAY,00010,STORET Rhode,$,HWIN-VAR-001,20.5555,
STORET_Rhode_UNB10_19710720_      0925,STORET_Rhode,UNB10,00010,21.6667,,1971-07-20T09:25:00,41.720278,-71.338056,US,Rhode,RI_Bristol,UPPER NARRAGANSETT BAY STA 10 / NORTHEAST / NARRAGANSETT BAY,00010,STORET Rhode,$,HWIN-VAR-001,21.6667,
STORET_Rhode_UNB10_19710727_      1310,STORET_Rhode,UNB10,00010,23.8889,,1971-07-27T13:10:00,41.720278,-71.338056,US,Rhode,RI_Bristol,UPPER NARRAGANSETT BAY STA 10 / NORTHEAST / NARRAGANSETT BAY,00010,STORET Rhode,$,HWIN-VAR-001,23.8889,
STORET_Rhode_UNB10_19710803_      0920,STORET_Rhode,UNB10,00010,25.5556,,1971-08-03T09:20:00,41.720278,-71.338056,US,Rhode,RI_Bristol,UPPER NARRAGANSETT BAY STA 10 / NORTHEAST / NARRAGANSETT BAY,00010,STORET Rhode,$,HWIN-VAR-001,25.5556,
STORET_Rhode_UNB10_19710819_      0912,STORET_Rhode,UNB10,00010,23.3333,,1971-08-19T09:12:00,41.720278,-71.338056,US,Rhode,RI_Bristol,UPPER NARRAGANSETT BAY STA 10 / NORTHEAST / NARRAGANSETT BAY,00010,STORET Rhode,$,HWIN-VAR-001,23.3333,
STORET_Rhode_UNB10_19710824_      0920,STORET_Rhode,UNB10,00010,21.1111,,1971-08-24T09:20:00,41.720278,-71.338056,US,Rhode,RI_Bristol,UPPER NARRAGANSETT BAY STA 10 / NORTHEAST / NARRAGANSETT BAY,00010,STORET Rhode,$,HWIN-VAR-001,21.1111,
STORET_Rhode_UNB10_19710831_      0920,STORET_Rhode,UNB10,00010,20.5555,,1971-08-31T09:20:00,41.720278,-71.338056,US,Rhode,RI_Bristol,UPPER NARRAGANSETT BAY STA 10 / NORTHEAST / NARRAGANSETT BAY,00010,STORET Rhode,$,HWIN-VAR-001,20.5555,
STORET_Rhode_UNB10_19710916_      0930,STORET_Rhode,UNB10,00010,22.7778,,1971-09-16T09:30:00,41.720278,-71.338056,US,Rhode,RI_Bristol,UPPER NARRAGANSETT BAY STA 10 / NORTHEAST / NARRAGANSETT BAY,00010,STORET Rhode,$,HWIN-VAR-001,22.7778,
STORET_Rhode_UNB10_19710923_      0915,STORET_Rhode,UNB10,00010,18.8889,,1971-09-23T09:15:00,41.720278,-71.338056,US,Rhode,RI_Bristol,UPPER NARRAGANSETT BAY STA 10 / NORTHEAST / NARRAGANSETT BAY,00010,STORET Rhode,$,HWIN-VAR-001,18.8889,
STORET_Rhode_UNB10_19710928_      0925,STORET_Rhode,UNB10,00010,18.3333,,1971-09-28T09:25:00,41.720278,-71.338056,US,Rhode,RI_Bristol,UPPER NARRAGANSETT BAY STA 10 / NORTHEAST / NARRAGANSETT BAY,00010,STORET Rhode,$,HWIN-VAR-001,18.3333,
STORET_Rhode_UNB10_19711005_      0920,STORET_Rhode,UNB10,00010,25.5556,,1971-10-05T09:20:00,41.720278,-71.338056,US,Rhode,RI_Bristol,UPPER NARRAGANSETT BAY STA 10 / NORTHEAST / NARRAGANSETT BAY,00010,STORET Rhode,$,HWIN-VAR-001,25.5556,
STORET_Rhode_UNB10_19711012_      0925,STORET_Rhode,UNB10,00010,16.1111,,1971-10-12T09:25:00,41.720278,-71.338056,US,Rhode,RI_Bristol,UPPER NARRAGANSETT BAY STA 10 / NORTHEAST / NARRAGANSETT BAY,00010,STORET Rhode,$,HWIN-VAR-001,16.1111,
STORET_Rhode_UNB10_19711019_      0920,STORET_Rhode,UNB10,00010,15.5556,,1971-10-19T09:20:00,41.720278,-71.338056,US,Rhode,RI_Bristol,UPPER NARRAGANSETT BAY STA 10 / NORTHEAST / NARRAGANSETT BAY,00010,STORET Rhode,$,HWIN-VAR-001,15.5556,
STORET_Rhode_UNB10_19711027_      0935,STORET_Rhode,UNB10,00010,15.5556,,1971-10-27T09:35:00,41.720278,-71.338056,US,Rhode,RI_Bristol,UPPER NARRAGANSETT BAY STA 10 / NORTHEAST / NARRAGANSETT BAY,00010,STORET Rhode,$,HWIN-VAR-001,15.5556,
STORET_Rhode_UNB10_19711103_      1021,STORET_Rhode,UNB10,00010,16.6667,,1971-11-03T10:21:00,41.720278,-71.338056,US,Rhode,RI_Bristol,UPPER NARRAGANSETT BAY STA 10 / NORTHEAST / NARRAGANSETT BAY,00010,STORET Rhode,$,HWIN-VAR-001,16.6667,
STORET_Rhode_UNB10_19711110_      1010,STORET_Rhode,UNB10,00010,9.44444,,1971-11-10T10:10:00,41.720278,-71.338056,US,Rhode,RI_Bristol,UPPER NARRAGANSETT BAY STA 10 / NORTHEAST / NARRAGANSETT BAY,00010,STORET Rhode,$,HWIN-VAR-001,9.44444,
STORET_Rhode_UNB10_19711118_      1019,STORET_Rhode,UNB10,00010,8.88889,,1971-11-18T10:19:00,41.720278,-71.338056,US,Rhode,RI_Bristol,UPPER NARRAGANSETT BAY STA 10 / NORTHEAST / NARRAGANSETT BAY,00010,STORET Rhode,$,HWIN-VAR-001,8.88889,
STORET_Rhode_UNB10_19711123_      1017,STORET_Rhode,UNB10,00010,7.22222,,1971-11-23T10:17:00,41.720278,-71.338056,US,Rhode,RI_Bristol,UPPER NARRAGANSETT BAY STA 10 / NORTHEAST / NARRAGANSETT BAY,00010,STORET Rhode,$,HWIN-VAR-001,7.22222,
STORET_Rhode_UNB10_19711130_      1035,STORET_Rhode,UNB10,00010,6.11111,,1971-11-30T10:35:00,41.720278,-71.338056,US,Rhode,RI_Bristol,UPPER NARRAGANSETT BAY STA 10 / NORTHEAST / NARRAGANSETT BAY,00010,STORET Rhode,$,HWIN-VAR-001,6.11111,
STORET_Rhode_UNB10_19711207_      1005,STORET_Rhode,UNB10,00010,5.0,,1971-12-07T10:05:00,41.720278,-71.338056,US,Rhode,RI_Bristol,UPPER NARRAGANSETT BAY STA 10 / NORTHEAST / NARRAGANSETT BAY,00010,STORET Rhode,$,HWIN-VAR-001,5.0,
STORET_Rhode_UNB10_19711213_      1015,STORET_Rhode,UNB10,00010,5.55556,,1971-12-13T10:15:00,41.720278,-71.338056,US,Rhode,RI_Bristol,UPPER NARRAGANSETT BAY STA 10 / NORTHEAST / NARRAGANSETT BAY,00010,STORET Rhode,$,HWIN-VAR-001,5.55556,
STORET_Rhode_UNB10_19711221_      1040,STORET_Rhode,UNB10,00010,3.33333,,1971-12-21T10:40:00,41.720278,-71.338056,US,Rhode,RI_Bristol,UPPER NARRAGANSETT BAY STA 10 / NORTHEAST / NARRAGANSETT BAY,00010,STORET Rhode,$,HWIN-VAR-001,3.33333,
STORET_Rhode_UNB10_19720104_      0959,STORET_Rhode,UNB10,00010,4.44444,,1972-01-04T09:59:00,41.720278,-71.338056,US,Rhode,RI_Bristol,UPPER NARRAGANSETT BAY STA 10 / NORTHEAST / NARRAGANSETT BAY,00010,STORET Rhode,$,HWIN-VAR-001,4.44444,
STORET_Rhode_UNB10_19720112_      0944,STORET_Rhode,UNB10,00010,3.88889,,1972-01-12T09:44:00,41.720278,-71.338056,US,Rhode,RI_Bristol,UPPER NARRAGANSETT BAY STA 10 / NORTHEAST / NARRAGANSETT BAY,00010,STORET Rhode,$,HWIN-VAR-001,3.88889,
STORET_Rhode_UNB10_19720118_      1010,STORET_Rhode,UNB10,00010,0.555556,,1972-01-18T10:10:00,41.720278,-71.338056,US,Rhode,RI_Bristol,UPPER NARRAGANSETT BAY STA 10 / NORTHEAST / NARRAGANSETT BAY,00010,STORET Rhode,$,HWIN-VAR-001,0.555556,
STORET_Rhode_UNB10_19720201_      1055,STORET_Rhode,UNB10,00010,0.0,,1972-02-01T10:55:00,41.720278,-71.338056,US,Rhode,RI_Bristol,UPPER NARRAGANSETT BAY STA 10 / NORTHEAST / NARRAGANSETT BAY,00010,STORET Rhode,$,HWIN-VAR-001,0.0,
STORET_Rhode_UNB10_19720208_      1100,STORET_Rhode,UNB10,00010,-1.11111,,1972-02-08T11:00:00,41.720278,-71.338056,US,Rhode,RI_Bristol,UPPER NARRAGANSETT BAY STA 10 / NORTHEAST / NARRAGANSETT BAY,00010,STORET Rhode,$,HWIN-VAR-001,-1.11111,
STORET_Rhode_UNB10_19720223_      1050,STORET_Rhode,UNB10,00010,-1.11111,,1972-02-23T10:50:00,41.720278,-71.338056,US,Rhode,RI_Bristol,UPPER NARRAGANSETT BAY STA 10 / NORTHEAST / NARRAGANSETT BAY,00010,STORET Rhode,$,HWIN-VAR-001,-1.11111,
STORET_Rhode_UNB10_19720229_      1033,STORET_Rhode,UNB10,00010,4.44444,,1972-02-29T10:33:00,41.720278,-71.338056,US,Rhode,RI_Bristol,UPPER NARRAGANSETT BAY STA 10 / NORTHEAST / NARRAGANSETT BAY,00010,STORET Rhode,$,HWIN-VAR-001,4.44444,
STORET_Rhode_UNB10_19720313_      1040,STORET_Rhode,UNB10,00010,3.33333,,1972-03-13T10:40:00,41.720278,-71.338056,US,Rhode,RI_Bristol,UPPER NARRAGANSETT BAY STA 10 / NORTHEAST / NARRAGANSETT BAY,00010,STORET Rhode,$,HWIN-VAR-001,3.33333,
STORET_Rhode_UNB10_19720321_      1005,STORET_Rhode,UNB10,00010,3.88889,,1972-03-21T10:05:00,41.720278,-71.338056,US,Rhode,RI_Bristol,UPPER NARRAGANSETT BAY STA 10 / NORTHEAST / NARRAGANSETT BAY,00010,STORET Rhode,$,HWIN-VAR-001,3.88889,
STORET_Rhode_UNB10_19720327_      1015,STORET_Rhode,UNB10,00010,3.88889,,1972-03-27T10:15:00,41.720278,-71.338056,US,Rhode,RI_Bristol,UPPER NARRAGANSETT BAY STA 10 / NORTHEAST / NARRAGANSETT BAY,00010,STORET Rhode,$,HWIN-VAR-001,3.88889,
STORET_Rhode_UNB10_19720404_      1015,STORET_Rhode,UNB10,00010,5.0,,1972-04-04T10:15:00,41.720278,-71.338056,US,Rhode,RI_Bristol,UPPER NARRAGANSETT BAY STA 10 / NORTHEAST / NARRAGANSETT BAY,00010,STORET Rhode,$,HWIN-VAR-001,5.0,
STORET_Rhode_UNB10_19720411_      1045,STORET_Rhode,UNB10,00010,4.44444,,1972-04-11T10:45:00,41.720278,-71.338056,US,Rhode,RI_Bristol,UPPER NARRAGANSETT BAY STA 10 / NORTHEAST / NARRAGANSETT BAY,00010,STORET Rhode,$,HWIN-VAR-001,4.44444,
STORET_Rhode_UNB10_19720418_      1035,STORET_Rhode,UNB10,00010,8.33333,,1972-04-18T10:35:00,41.720278,-71.338056,US,Rhode,RI_Bristol,UPPER NARRAGANSETT BAY STA 10 / NORTHEAST / NARRAGANSETT BAY,00010,STORET Rhode,$,HWIN-VAR-001,8.33333,
STORET_Rhode_UNB10_19720424_      1025,STORET_Rhode,UNB10,00010,8.33333,,1972-04-24T10:25:00,41.720278,-71.338056,US,Rhode,RI_Bristol,UPPER NARRAGANSETT BAY STA 10 / NORTHEAST / NARRAGANSETT BAY,00010,STORET Rhode,$,HWIN-VAR-001,8.33333,
STORET_Rhode_UNB10_19720501_      0900,STORET_Rhode,UNB10,00010,10.5556,,1972-05-01T09:00:00,41.720278,-71.338056,US,Rhode,RI_Bristol,UPPER NARRAGANSETT BAY STA 10 / NORTHEAST / NARRAGANSETT BAY,00010,STORET Rhode,$,HWIN-VAR-001,10.5556,
STORET_Rhode_UNB10_19720508_      0920,STORET_Rhode,UNB10,00010,11.6667,,1972-05-08T09:20:00,41.720278,-71.338056,US,Rhode,RI_Bristol,UPPER NARRAGANSETT BAY STA 10 / NORTHEAST / NARRAGANSETT BAY,00010,STORET Rhode,$,HWIN-VAR-001,11.6667,
STORET_Rhode_UNB10_19720517_      0940,STORET_Rhode,UNB10,00010,14.4444,,1972-05-17T09:40:00,41.720278,-71.338056,US,Rhode,RI_Bristol,UPPER NARRAGANSETT BAY STA 10 / NORTHEAST / NARRAGANSETT BAY,00010,STORET Rhode,$,HWIN-VAR-001,14.4444,
STORET_Rhode_UNB10_19720522_      1000,STORET_Rhode,UNB10,00010,15.5556,,1972-05-22T10:00:00,41.720278,-71.338056,US,Rhode,RI_Bristol,UPPER NARRAGANSETT BAY STA 10 / NORTHEAST / NARRAGANSETT BAY,00010,STORET Rhode,$,HWIN-VAR-001,15.5556,
STORET_Rhode_UNB10_19720531_      1025,STORET_Rhode,UNB10,00010,17.2222,,1972-05-31T10:25:00,41.720278,-71.338056,US,Rhode,RI_Bristol,UPPER NARRAGANSETT BAY STA 10 / NORTHEAST / NARRAGANSETT BAY,00010,STORET Rhode,$,HWIN-VAR-001,17.2222,
STORET_Rhode_UNB10_19720605_      0955,STORET_Rhode,UNB10,00010,19.4444,,1972-06-05T09:55:00,41.720278,-71.338056,US,Rhode,RI_Bristol,UPPER NARRAGANSETT BAY STA 10 / NORTHEAST / NARRAGANSETT BAY,00010,STORET Rhode,$,HWIN-VAR-001,19.4444,
STORET_Rhode_UNB10_19720613_      0955,STORET_Rhode,UNB10,00010,15.5556,,1972-06-13T09:55:00,41.720278,-71.338056,US,Rhode,RI_Bristol,UPPER NARRAGANSETT BAY STA 10 / NORTHEAST / NARRAGANSETT BAY,00010,STORET Rhode,$,HWIN-VAR-001,15.5556,
STORET_Rhode_UNB10_19720706_      1010,STORET_Rhode,UNB10,00010,19.4444,,1972-07-06T10:10:00,41.720278,-71.338056,US,Rhode,RI_Bristol,UPPER NARRAGANSETT BAY STA 10 / NORTHEAST / NARRAGANSETT BAY,00010,STORET Rhode,$,HWIN-VAR-001,19.4444,
STORET_Rhode_UNB10_19720825_      0930,STORET_Rhode,UNB10,00010,23.3333,,1972-08-25T09:30:00,41.720278,-71.338056,US,Rhode,RI_Bristol,UPPER NARRAGANSETT BAY STA 10 / NORTHEAST / NARRAGANSETT BAY,00010,STORET Rhode,$,HWIN-VAR-001,23.3333,
STORET_Rhode_UNB10_19720831_      0915,STORET_Rhode,UNB10,00010,23.3333,,1972-08-31T09:15:00,41.720278,-71.338056,US,Rhode,RI_Bristol,UPPER NARRAGANSETT BAY STA 10 / NORTHEAST / NARRAGANSETT BAY,00010,STORET Rhode,$,HWIN-VAR-001,23.3333,
STORET_Rhode_UNB10_19721003_      0950,STORET_Rhode,UNB10,00010,16.6667,,1972-10-03T09:50:00,41.720278,-71.338056,US,Rhode,RI_Bristol,UPPER NARRAGANSETT BAY STA 10 / NORTHEAST / NARRAGANSETT BAY,00010,STORET Rhode,$,HWIN-VAR-001,16.6667,
STORET_Rhode_UNB10_19721012_      1042,STORET_Rhode,UNB10,00010,15.5556,,1972-10-12T10:42:00,41.720278,-71.338056,US,Rhode,RI_Bristol,UPPER NARRAGANSETT BAY STA 10 / NORTHEAST / NARRAGANSETT BAY,00010,STORET Rhode,$,HWIN-VAR-001,15.5556,
STORET_Rhode_UNB10_19721026_      1005,STORET_Rhode,UNB10,00010,11.1111,,1972-10-26T10:05:00,41.720278,-71.338056,US,Rhode,RI_Bristol,UPPER NARRAGANSETT BAY STA 10 / NORTHEAST / NARRAGANSETT BAY,00010,STORET Rhode,$,HWIN-VAR-001,11.1111,
STORET_Rhode_UNB10_19730111_      1025,STORET_Rhode,UNB10,00010,-0.555556,,1973-01-11T10:25:00,41.720278,-71.338056,US,Rhode,RI_Bristol,UPPER NARRAGANSETT BAY STA 10 / NORTHEAST / NARRAGANSETT BAY,00010,STORET Rhode,$,HWIN-VAR-001,-0.555556,
STORET_Rhode_UNB10_19730118_      1025,STORET_Rhode,UNB10,00010,4.44444,,1973-01-18T10:25:00,41.720278,-71.338056,US,Rhode,RI_Bristol,UPPER NARRAGANSETT BAY STA 10 / NORTHEAST / NARRAGANSETT BAY,00010,STORET Rhode,$,HWIN-VAR-001,4.44444,
STORET_Rhode_UNB10_19730213_      1455,STORET_Rhode,UNB10,00010,2.77778,,1973-02-13T14:55:00,41.720278,-71.338056,US,Rhode,RI_Bristol,UPPER NARRAGANSETT BAY STA 10 / NORTHEAST / NARRAGANSETT BAY,00010,STORET Rhode,$,HWIN-VAR-001,2.77778,
STORET_Rhode_UNB10_19730227_      1100,STORET_Rhode,UNB10,00010,1.11111,,1973-02-27T11:00:00,41.720278,-71.338056,US,Rhode,RI_Bristol,UPPER NARRAGANSETT BAY STA 10 / NORTHEAST / NARRAGANSETT BAY,00010,STORET Rhode,$,HWIN-VAR-001,1.11111,
STORET_Rhode_UNB10_19730313_      1015,STORET_Rhode,UNB10,00010,7.22222,,1973-03-13T10:15:00,41.720278,-71.338056,US,Rhode,RI_Bristol,UPPER NARRAGANSETT BAY STA 10 / NORTHEAST / NARRAGANSETT BAY,00010,STORET Rhode,$,HWIN-VAR-001,7.22222,
STORET_Rhode_UNB10_19730320_      1100,STORET_Rhode,UNB10,00010,5.55556,,1973-03-20T11:00:00,41.720278,-71.338056,US,Rhode,RI_Bristol,UPPER NARRAGANSETT BAY STA 10 / NORTHEAST / NARRAGANSETT BAY,00010,STORET Rhode,$,HWIN-VAR-001,5.55556,
STORET_Rhode_UNB10_19730507_      0955,STORET_Rhode,UNB10,00010,11.1111,,1973-05-07T09:55:00,41.720278,-71.338056,US,Rhode,RI_Bristol,UPPER NARRAGANSETT BAY STA 10 / NORTHEAST / NARRAGANSETT BAY,00010,STORET Rhode,$,HWIN-VAR-001,11.1111,
STORET_Rhode_UNB10_19730727_      1003,STORET_Rhode,UNB10,00010,23.3333,,1973-07-27T10:03:00,41.720278,-71.338056,US,Rhode,RI_Bristol,UPPER NARRAGANSETT BAY STA 10 / NORTHEAST / NARRAGANSETT BAY,00010,STORET Rhode,$,HWIN-VAR-001,23.3333,
STORET_Rhode_UNB10_19730904_      0935,STORET_Rhode,UNB10,00010,26.1111,,1973-09-04T09:35:00,41.720278,-71.338056,US,Rhode,RI_Bristol,UPPER NARRAGANSETT BAY STA 10 / NORTHEAST / NARRAGANSETT BAY,00010,STORET Rhode,$,HWIN-VAR-001,26.1111,
STORET_Rhode_UNB10_19731002_      1015,STORET_Rhode,UNB10,00010,17.7778,,1973-10-02T10:15:00,41.720278,-71.338056,US,Rhode,RI_Bristol,UPPER NARRAGANSETT BAY STA 10 / NORTHEAST / NARRAGANSETT BAY,00010,STORET Rhode,$,HWIN-VAR-001,17.7778,
STORET_Rhode_UNB10_19731024_      1100,STORET_Rhode,UNB10,00010,13.3333,,1973-10-24T11:00:00,41.720278,-71.338056,US,Rhode,RI_Bristol,UPPER NARRAGANSETT BAY STA 10 / NORTHEAST / NARRAGANSETT BAY,00010,STORET Rhode,$,HWIN-VAR-001,13.3333,
STORET_Rhode_UNB10_19731127_      1120,STORET_Rhode,UNB10,00010,7.77778,,1973-11-27T11:20:00,41.720278,-71.338056,US,Rhode,RI_Bristol,UPPER NARRAGANSETT BAY STA 10 / NORTHEAST / NARRAGANSETT BAY,00010,STORET Rhode,$,HWIN-VAR-001,7.77778,
STORET_Rhode_UNB10_19740103_      1130,STORET_Rhode,UNB10,00010,3.33333,,1974-01-03T11:30:00,41.720278,-71.338056,US,Rhode,RI_Bristol,UPPER NARRAGANSETT BAY STA 10 / NORTHEAST / NARRAGANSETT BAY,00010,STORET Rhode,$,HWIN-VAR-001,3.33333,
STORET_Rhode_UNB10_19740212_      0945,STORET_Rhode,UNB10,00010,-1.66667,,1974-02-12T09:45:00,41.720278,-71.338056,US,Rhode,RI_Bristol,UPPER NARRAGANSETT BAY STA 10 / NORTHEAST / NARRAGANSETT BAY,00010,STORET Rhode,$,HWIN-VAR-001,-1.66667,
STORET_Rhode_UNB10_19740306_      1020,STORET_Rhode,UNB10,00010,6.66667,,1974-03-06T10:20:00,41.720278,-71.338056,US,Rhode,RI_Bristol,UPPER NARRAGANSETT BAY STA 10 / NORTHEAST / NARRAGANSETT BAY,00010,STORET Rhode,$,HWIN-VAR-001,6.66667,
STORET_Rhode_UNB10_19740509_      0935,STORET_Rhode,UNB10,00010,10.5556,,1974-05-09T09:35:00,41.720278,-71.338056,US,Rhode,RI_Bristol,UPPER NARRAGANSETT BAY STA 10 / NORTHEAST / NARRAGANSETT BAY,00010,STORET Rhode,$,HWIN-VAR-001,10.5556,
STORET_Rhode_UNB10_19740522_      1010,STORET_Rhode,UNB10,00010,12.2222,,1974-05-22T10:10:00,41.720278,-71.338056,US,Rhode,RI_Bristol,UPPER NARRAGANSETT BAY STA 10 / NORTHEAST / NARRAGANSETT BAY,00010,STORET Rhode,$,HWIN-VAR-001,12.2222,
STORET_Rhode_UNB10_19740530_      0946,STORET_Rhode,UNB10,00010,8.33333,,1974-05-30T09:46:00,41.720278,-71.338056,US,Rhode,RI_Bristol,UPPER NARRAGANSETT BAY STA 10 / NORTHEAST / NARRAGANSETT BAY,00010,STORET Rhode,$,HWIN-VAR-001,8.33333,
STORET_Rhode_UNB10_19740710_      2500,STORET_Rhode,UNB10,00010,20.5555,,1974-07-10T00:00:00,41.720278,-71.338056,US,Rhode,RI_Bristol,UPPER NARRAGANSETT BAY STA 10 / NORTHEAST / NARRAGANSETT BAY,00010,STORET Rhode,$|HOUR25,HWIN-VAR-001,20.5555,
STORET_Rhode_UNB10_19740926_      2500,STORET_Rhode,UNB10,00010,18.3333,,1974-09-26T00:00:00,41.720278,-71.338056,US,Rhode,RI_Bristol,UPPER NARRAGANSETT BAY STA 10 / NORTHEAST / NARRAGANSETT BAY,00010,STORET Rhode,$|HOUR25,HWIN-VAR-001,18.3333,
STORET_Rhode_UNB10_19741119_      2500,STORET_Rhode,UNB10,00010,9.44444,,1974-11-19T00:00:00,41.720278,-71.338056,US,Rhode,RI_Bristol,UPPER NARRAGANSETT BAY STA 10 / NORTHEAST / NARRAGANSETT BAY,00010,STORET Rhode,$|HOUR25,HWIN-VAR-001,9.44444,
STORET_Rhode_UNB10_19741227_      2500,STORET_Rhode,UNB10,00010,4.72222,,1974-12-27T00:00:00,41.720278,-71.338056,US,Rhode,RI_Bristol,UPPER NARRAGANSETT BAY STA 10 / NORTHEAST / NARRAGANSETT BAY,00010,STORET Rhode,$|HOUR25,HWIN-VAR-001,4.72222,
STORET_Rhode_UNB10_19750103_      2500,STORET_Rhode,UNB10,00010,3.88889,,1975-01-03T00:00:00,41.720278,-71.338056,US,Rhode,RI_Bristol,UPPER NARRAGANSETT BAY STA 10 / NORTHEAST / NARRAGANSETT BAY,00010,STORET Rhode,$|HOUR25,HWIN-VAR-001,3.88889,
STORET_Rhode_UNB10_19750128_      2500,STORET_Rhode,UNB10,00010,3.88889,,1975-01-28T00:00:00,41.720278,-71.338056,US,Rhode,RI_Bristol,UPPER NARRAGANSETT BAY STA 10 / NORTHEAST / NARRAGANSETT BAY,00010,STORET Rhode,$|HOUR25,HWIN-VAR-001,3.88889,
STORET_Rhode_UNB10_19750217_      2500,STORET_Rhode,UNB10,00010,3.33333,,1975-02-17T00:00:00,41.720278,-71.338056,US,Rhode,RI_Bristol,UPPER NARRAGANSETT BAY STA 10 / NORTHEAST / NARRAGANSETT BAY,00010,STORET Rhode,$|HOUR25,HWIN-VAR-001,3.33333,
STORET_Rhode_UNB10_19750319_      2500,STORET_Rhode,UNB10,00010,6.11111,,1975-03-19T00:00:00,41.720278,-71.338056,US,Rhode,RI_Bristol,UPPER NARRAGANSETT BAY STA 10 / NORTHEAST / NARRAGANSETT BAY,00010,STORET Rhode,$|HOUR25,HWIN-VAR-001,6.11111,
STORET_Rhode_UNB10_19750409_      2500,STORET_Rhode,UNB10,00010,6.11111,,1975-04-09T00:00:00,41.720278,-71.338056,US,Rhode,RI_Bristol,UPPER NARRAGANSETT BAY STA 10 / NORTHEAST / NARRAGANSETT BAY,00010,STORET Rhode,$|HOUR25,HWIN-VAR-001,6.11111,
STORET_Rhode_UNB10_19750501_      2500,STORET_Rhode,UNB10,00010,12.7778,,1975-05-01T00:00:00,41.720278,-71.338056,US,Rhode,RI_Bristol,UPPER NARRAGANSETT BAY STA 10 / NORTHEAST / NARRAGANSETT BAY,00010,STORET Rhode,$|HOUR25,HWIN-VAR-001,12.7778,
STORET_Rhode_UNB10_19750520_      2500,STORET_Rhode,UNB10,00010,18.3333,,1975-05-20T00:00:00,41.720278,-71.338056,US,Rhode,RI_Bristol,UPPER NARRAGANSETT BAY STA 10 / NORTHEAST / NARRAGANSETT BAY,00010,STORET Rhode,$|HOUR25,HWIN-VAR-001,18.3333,
STORET_Rhode_UNB10_19750603_      2500,STORET_Rhode,UNB10,00010,18.8889,,1975-06-03T00:00:00,41.720278,-71.338056,US,Rhode,RI_Bristol,UPPER NARRAGANSETT BAY STA 10 / NORTHEAST / NARRAGANSETT BAY,00010,STORET Rhode,$|HOUR25,HWIN-VAR-001,18.8889,
STORET_Rhode_UNB10_19750610_      2500,STORET_Rhode,UNB10,00010,16.6667,,1975-06-10T00:00:00,41.720278,-71.338056,US,Rhode,RI_Bristol,UPPER NARRAGANSETT BAY STA 10 / NORTHEAST / NARRAGANSETT BAY,00010,STORET Rhode,$|HOUR25,HWIN-VAR-001,16.6667,
STORET_Rhode_UNB10_19750707_      2500,STORET_Rhode,UNB10,00010,22.2222,,1975-07-07T00:00:00,41.720278,-71.338056,US,Rhode,RI_Bristol,UPPER NARRAGANSETT BAY STA 10 / NORTHEAST / NARRAGANSETT BAY,00010,STORET Rhode,$|HOUR25,HWIN-VAR-001,22.2222,
STORET_Rhode_UNB10_19750729_      2500,STORET_Rhode,UNB10,00010,25.0,,1975-07-29T00:00:00,41.720278,-71.338056,US,Rhode,RI_Bristol,UPPER NARRAGANSETT BAY STA 10 / NORTHEAST / NARRAGANSETT BAY,00010,STORET Rhode,$|HOUR25,HWIN-VAR-001,25.0,
STORET_Rhode_UNB10_19750819_      2500,STORET_Rhode,UNB10,00010,22.7778,,1975-08-19T00:00:00,41.720278,-71.338056,US,Rhode,RI_Bristol,UPPER NARRAGANSETT BAY STA 10 / NORTHEAST / NARRAGANSETT BAY,00010,STORET Rhode,$|HOUR25,HWIN-VAR-001,22.7778,
STORET_Rhode_UNB10_19751001_      2500,STORET_Rhode,UNB10,00010,19.7222,,1975-10-01T00:00:00,41.720278,-71.338056,US,Rhode,RI_Bristol,UPPER NARRAGANSETT BAY STA 10 / NORTHEAST / NARRAGANSETT BAY,00010,STORET Rhode,$|HOUR25,HWIN-VAR-001,19.7222,
STORET_Rhode_UNB10_19751106_      2500,STORET_Rhode,UNB10,00010,12.7778,,1975-11-06T00:00:00,41.720278,-71.338056,US,Rhode,RI_Bristol,UPPER NARRAGANSETT BAY STA 10 / NORTHEAST / NARRAGANSETT BAY,00010,STORET Rhode,$|HOUR25,HWIN-VAR-001,12.7778,
STORET_Rhode_UNB10_19751120_      2500,STORET_Rhode,UNB10,00010,10.5556,,1975-11-20T00:00:00,41.720278,-71.338056,US,Rhode,RI_Bristol,UPPER NARRAGANSETT BAY STA 10 / NORTHEAST / NARRAGANSETT BAY,00010,STORET Rhode,$|HOUR25,HWIN-VAR-001,10.5556,
STORET_Rhode_UNB10_19751215_      2500,STORET_Rhode,UNB10,00010,6.11111,,1975-12-15T00:00:00,41.720278,-71.338056,US,Rhode,RI_Bristol,UPPER NARRAGANSETT BAY STA 10 / NORTHEAST / NARRAGANSETT BAY,00010,STORET Rhode,$|HOUR25,HWIN-VAR-001,6.11111,
STORET_Rhode_UNB10_19760113_      1338,STORET_Rhode,UNB10,00010,0.833333,,1976-01-13T13:38:00,41.720278,-71.338056,US,Rhode,RI_Bristol,UPPER NARRAGANSETT BAY STA 10 / NORTHEAST / NARRAGANSETT BAY,00010,STORET Rhode,$,HWIN-VAR-001,0.833333,
STORET_Rhode_UNB10_19760312_      1032,STORET_Rhode,UNB10,00010,2.77778,,1976-03-12T10:32:00,41.720278,-71.338056,US,Rhode,RI_Bristol,UPPER NARRAGANSETT BAY STA 10 / NORTHEAST / NARRAGANSETT BAY,00010,STORET Rhode,$,HWIN-VAR-001,2.77778,
STORET_Rhode_UNB10_19760429_      0910,STORET_Rhode,UNB10,00010,9.72222,,1976-04-29T09:10:00,41.720278,-71.338056,US,Rhode,RI_Bristol,UPPER NARRAGANSETT BAY STA 10 / NORTHEAST / NARRAGANSETT BAY,00010,STORET Rhode,$,HWIN-VAR-001,9.72222,
STORET_Rhode_UNB10_19760608_      1143,STORET_Rhode,UNB10,00010,20.0,,1976-06-08T11:43:00,41.720278,-71.338056,US,Rhode,RI_Bristol,UPPER NARRAGANSETT BAY STA 10 / NORTHEAST / NARRAGANSETT BAY,00010,STORET Rhode,$,HWIN-VAR-001,20.0,
STORET_Rhode_UNB10_19760715_      1023,STORET_Rhode,UNB10,00010,21.9444,,1976-07-15T10:23:00,41.720278,-71.338056,US,Rhode,RI_Bristol,UPPER NARRAGANSETT BAY STA 10 / NORTHEAST / NARRAGANSETT BAY,00010,STORET Rhode,$,HWIN-VAR-001,21.9444,
STORET_Rhode_UNB10_19760715_      0123,STORET_Rhode,UNB10,00010,21.9444,,1976-07-15T01:23:00,41.720278,-71.338056,US,Rhode,RI_Bristol,UPPER NARRAGANSETT BAY STA 10 / NORTHEAST / NARRAGANSETT BAY,00010,STORET Rhode,$,HWIN-VAR-001,21.9444,
STORET_Rhode_UNB10_19761029_      1007,STORET_Rhode,UNB10,00010,16.6667,,1976-10-29T10:07:00,41.720278,-71.338056,US,Rhode,RI_Bristol,UPPER NARRAGANSETT BAY STA 10 / NORTHEAST / NARRAGANSETT BAY,00010,STORET Rhode,$,HWIN-VAR-001,16.6667,
STORET_Rhode_UNB10_19761103_      1125,STORET_Rhode,UNB10,00010,10.0,,1976-11-03T11:25:00,41.720278,-71.338056,US,Rhode,RI_Bristol,UPPER NARRAGANSETT BAY STA 10 / NORTHEAST / NARRAGANSETT BAY,00010,STORET Rhode,$,HWIN-VAR-001,10.0,
STORET_Rhode_UNB10_19761215_      1055,STORET_Rhode,UNB10,00010,1.11111,,1976-12-15T10:55:00,41.720278,-71.338056,US,Rhode,RI_Bristol,UPPER NARRAGANSETT BAY STA 10 / NORTHEAST / NARRAGANSETT BAY,00010,STORET Rhode,$,HWIN-VAR-001,1.11111,
STORET_Rhode_UNB10_19770216_      1140,STORET_Rhode,UNB10,00010,0.0,,1977-02-16T11:40:00,41.720278,-71.338056,US,Rhode,RI_Bristol,UPPER NARRAGANSETT BAY STA 10 / NORTHEAST / NARRAGANSETT BAY,00010,STORET Rhode,$,HWIN-VAR-001,0.0,
STORET_Rhode_UNB10_19770426_      1000,STORET_Rhode,UNB10,00010,8.33333,,1977-04-26T10:00:00,41.720278,-71.338056,US,Rhode,RI_Bristol,UPPER NARRAGANSETT BAY STA 10 / NORTHEAST / NARRAGANSETT BAY,00010,STORET Rhode,$,HWIN-VAR-001,8.33333,
STORET_Rhode_UNB10_19770810_      1004,STORET_Rhode,UNB10,00010,23.8889,,1977-08-10T10:04:00,41.720278,-71.338056,US,Rhode,RI_Bristol,UPPER NARRAGANSETT BAY STA 10 / NORTHEAST / NARRAGANSETT BAY,00010,STORET Rhode,$,HWIN-VAR-001,23.8889,
STORET_Rhode_UNB10_19771025_      0915,STORET_Rhode,UNB10,00010,12.7778,,1977-10-25T09:15:00,41.720278,-71.338056,US,Rhode,RI_Bristol,UPPER NARRAGANSETT BAY STA 10 / NORTHEAST / NARRAGANSETT BAY,00010,STORET Rhode,$,HWIN-VAR-001,12.7778,
STORET_Rhode_UNB10_19610719_      0920,STORET_Rhode,UNB10,00011,78.0,,1961-07-19T09:20:00,41.720278,-71.338056,US,Rhode,RI_Bristol,UPPER NARRAGANSETT BAY STA 10 / NORTHEAST / NARRAGANSETT BAY,00011,STORET Rhode,,HWIN-VAR-001,78.0,
STORET_Rhode_UNB10_19610802_      0845,STORET_Rhode,UNB10,00011,71.0,,1961-08-02T08:45:00,41.720278,-71.338056,US,Rhode,RI_Bristol,UPPER NARRAGANSETT BAY STA 10 / NORTHEAST / NARRAGANSETT BAY,00011,STORET Rhode,,HWIN-VAR-001,71.0,
STORET_Rhode_UNB10_19610809_      1000,STORET_Rhode,UNB10,00011,76.0,,1961-08-09T10:00:00,41.720278,-71.338056,US,Rhode,RI_Bristol,UPPER NARRAGANSETT BAY STA 10 / NORTHEAST / NARRAGANSETT BAY,00011,STORET Rhode,,HWIN-VAR-001,76.0,
STORET_Rhode_UNB10_19610906_      0848,STORET_Rhode,UNB10,00011,76.0,,1961-09-06T08:48:00,41.720278,-71.338056,US,Rhode,RI_Bristol,UPPER NARRAGANSETT BAY STA 10 / NORTHEAST / NARRAGANSETT BAY,00011,STORET Rhode,,HWIN-VAR-001,76.0,
STORET_Rhode_UNB10_19610913_      0840,STORET_Rhode,UNB10,00011,75.0,,1961-09-13T08:40:00,41.720278,-71.338056,US,Rhode,RI_Bristol,UPPER NARRAGANSETT BAY STA 10 / NORTHEAST / NARRAGANSETT BAY,00011,STORET Rhode,,HWIN-VAR-001,75.0,
STORET_Rhode_UNB10_19610927_      0915,STORET_Rhode,UNB10,00011,67.0,,1961-09-27T09:15:00,41.720278,-71.338056,US,Rhode,RI_Bristol,UPPER NARRAGANSETT BAY STA 10 / NORTHEAST / NARRAGANSETT BAY,00011,STORET Rhode,,HWIN-VAR-001,67.0,
STORET_Rhode_UNB10_19611011_      0836,STORET_Rhode,UNB10,00011,64.0,,1961-10-11T08:36:00,41.720278,-71.338056,US,Rhode,RI_Bristol,UPPER NARRAGANSETT BAY STA 10 / NORTHEAST / NARRAGANSETT BAY,00011,STORET Rhode,,HWIN-VAR-001,64.0,
STORET_Rhode_UNB10_19611018_      0832,STORET_Rhode,UNB10,00011,60.0,,1961-10-18T08:32:00,41.720278,-71.338056,US,Rhode,RI_Bristol,UPPER NARRAGANSETT BAY STA 10 / NORTHEAST / NARRAGANSETT BAY,00011,STORET Rhode,,HWIN-VAR-001,60.0,
STORET_Rhode_UNB10_19611025_      0836,STORET_Rhode,UNB10,00011,53.0,,1961-10-25T08:36:00,41.720278,-71.338056,US,Rhode,RI_Bristol,UPPER NARRAGANSETT BAY STA 10 / NORTHEAST / NARRAGANSETT BAY,00011,STORET Rhode,,HWIN-VAR-001,53.0,
STORET_Rhode_UNB10_19611101_      0943,STORET_Rhode,UNB10,00011,54.0,,1961-11-01T09:43:00,41.720278,-71.338056,US,Rhode,RI_Bristol,UPPER NARRAGANSETT BAY STA 10 / NORTHEAST / NARRAGANSETT BAY,00011,STORET Rhode,,HWIN-VAR-001,54.0,
STORET_Rhode_UNB10_19611108_      0927,STORET_Rhode,UNB10,00011,54.0,,1961-11-08T09:27:00,41.720278,-71.338056,US,Rhode,RI_Bristol,UPPER NARRAGANSETT BAY STA 10 / NORTHEAST / NARRAGANSETT BAY,00011,STORET Rhode,,HWIN-VAR-001,54.0,
STORET_Rhode_UNB10_19611206_      1100,STORET_Rhode,UNB10,00011,44.0,,1961-12-06T11:00:00,41.720278,-71.338056,US,Rhode,RI_Bristol,UPPER NARRAGANSETT BAY STA 10 / NORTHEAST / NARRAGANSETT BAY,00011,STORET Rhode,,HWIN-VAR-001,44.0,
STORET_Rhode_UNB10_19611220_      0937,STORET_Rhode,UNB10,00011,39.0,,1961-12-20T09:37:00,41.720278,-71.338056,US,Rhode,RI_Bristol,UPPER NARRAGANSETT BAY STA 10 / NORTHEAST / NARRAGANSETT BAY,00011,STORET Rhode,,HWIN-VAR-001,39.0,
STORET_Rhode_UNB10_19611227_      1005,STORET_Rhode,UNB10,00011,37.0,,1961-12-27T10:05:00,41.720278,-71.338056,US,Rhode,RI_Bristol,UPPER NARRAGANSETT BAY STA 10 / NORTHEAST / NARRAGANSETT BAY,00011,STORET Rhode,,HWIN-VAR-001,37.0,
STORET_Rhode_UNB10_19620103_      1000,STORET_Rhode,UNB10,00011,35.0,,1962-01-03T10:00:00,41.720278,-71.338056,US,Rhode,RI_Bristol,UPPER NARRAGANSETT BAY STA 10 / NORTHEAST / NARRAGANSETT BAY,00011,STORET Rhode,,HWIN-VAR-001,35.0,
STORET_Rhode_UNB10_19620110_      0937,STORET_Rhode,UNB10,00011,34.0,,1962-01-10T09:37:00,41.720278,-71.338056,US,Rhode,RI_Bristol,UPPER NARRAGANSETT BAY STA 10 / NORTHEAST / NARRAGANSETT BAY,00011,STORET Rhode,,HWIN-VAR-001,34.0,
STORET_Rhode_UNB10_19620314_      1032,STORET_Rhode,UNB10,00011,40.0,,1962-03-14T10:32:00,41.720278,-71.338056,US,Rhode,RI_Bristol,UPPER NARRAGANSETT BAY STA 10 / NORTHEAST / NARRAGANSETT BAY,00011,STORET Rhode,,HWIN-VAR-001,40.0,
STORET_Rhode_UNB10_19620321_      0941,STORET_Rhode,UNB10,00011,43.0,,1962-03-21T09:41:00,41.720278,-71.338056,US,Rhode,RI_Bristol,UPPER NARRAGANSETT BAY STA 10 / NORTHEAST / NARRAGANSETT BAY,00011,STORET Rhode,,HWIN-VAR-001,43.0,
STORET_Rhode_UNB10_19620404_      1035,STORET_Rhode,UNB10,00011,46.0,,1962-04-04T10:35:00,41.720278,-71.338056,US,Rhode,RI_Bristol,UPPER NARRAGANSETT BAY STA 10 / NORTHEAST / NARRAGANSETT BAY,00011,STORET Rhode,,HWIN-VAR-001,46.0,
STORET_Rhode_UNB10_19620411_      1026,STORET_Rhode,UNB10,00011,50.0,,1962-04-11T10:26:00,41.720278,-71.338056,US,Rhode,RI_Bristol,UPPER NARRAGANSETT BAY STA 10 / NORTHEAST / NARRAGANSETT BAY,00011,STORET Rhode,,HWIN-VAR-001,50.0,
STORET_Rhode_UNB10_19620502_      0840,STORET_Rhode,UNB10,00011,50.0,,1962-05-02T08:40:00,41.720278,-71.338056,US,Rhode,RI_Bristol,UPPER NARRAGANSETT BAY STA 10 / NORTHEAST / NARRAGANSETT BAY,00011,STORET Rhode,,HWIN-VAR-001,50.0,
STORET_Rhode_UNB10_19620516_      0835,STORET_Rhode,UNB10,00011,56.0,,1962-05-16T08:35:00,41.720278,-71.338056,US,Rhode,RI_Bristol,UPPER NARRAGANSETT BAY STA 10 / NORTHEAST / NARRAGANSETT BAY,00011,STORET Rhode,,HWIN-VAR-001,56.0,
STORET_Rhode_UNB10_19620523_      0840,STORET_Rhode,UNB10,00011,63.0,,1962-05-23T08:40:00,41.720278,-71.338056,US,Rhode,RI_Bristol,UPPER NARRAGANSETT BAY STA 10 / NORTHEAST / NARRAGANSETT BAY,00011,STORET Rhode,,HWIN-VAR-001,63.0,
STORET_Rhode_UNB10_19620620_      0850,STORET_Rhode,UNB10,00011,72.0,,1962-06-20T08:50:00,41.720278,-71.338056,US,Rhode,RI_Bristol,UPPER NARRAGANSETT BAY STA 10 / NORTHEAST / NARRAGANSETT BAY,00011,STORET Rhode,,HWIN-VAR-001,72.0,
STORET_Rhode_UNB10_19620627_      0900,STORET_Rhode,UNB10,00011,68.0,,1962-06-27T09:00:00,41.720278,-71.338056,US,Rhode,RI_Bristol,UPPER NARRAGANSETT BAY STA 10 / NORTHEAST / NARRAGANSETT BAY,00011,STORET Rhode,,HWIN-VAR-001,68.0,
STORET_Rhode_UNB10_19620725_      0900,STORET_Rhode,UNB10,00011,68.0,,1962-07-25T09:00:00,41.720278,-71.338056,US,Rhode,RI_Bristol,UPPER NARRAGANSETT BAY STA 10 / NORTHEAST / NARRAGANSETT BAY,00011,STORET Rhode,,HWIN-VAR-001,68.0,
STORET_Rhode_UNB10_19620801_      0900,STORET_Rhode,UNB10,00011,72.0,,1962-08-01T09:00:00,41.720278,-71.338056,US,Rhode,RI_Bristol,UPPER NARRAGANSETT BAY STA 10 / NORTHEAST / NARRAGANSETT BAY,00011,STORET Rhode,,HWIN-VAR-001,72.0,
STORET_Rhode_UNB10_19620822_      1128,STORET_Rhode,UNB10,00011,74.0,,1962-08-22T11:28:00,41.720278,-71.338056,US,Rhode,RI_Bristol,UPPER NARRAGANSETT BAY STA 10 / NORTHEAST / NARRAGANSETT BAY,00011,STORET Rhode,,HWIN-VAR-001,74.0,
STORET_Rhode_UNB10_19620905_      0827,STORET_Rhode,UNB10,00011,68.0,,1962-09-05T08:27:00,41.720278,-71.338056,US,Rhode,RI_Bristol,UPPER NARRAGANSETT BAY STA 10 / NORTHEAST / NARRAGANSETT BAY,00011,STORET Rhode,,HWIN-VAR-001,68.0,
STORET_Rhode_UNB10_19620912_      0955,STORET_Rhode,UNB10,00011,64.0,,1962-09-12T09:55:00,41.720278,-71.338056,US,Rhode,RI_Bristol,UPPER NARRAGANSETT BAY STA 10 / NORTHEAST / NARRAGANSETT BAY,00011,STORET Rhode,,HWIN-VAR-001,64.0,
STORET_Rhode_UNB10_19620926_      0920,STORET_Rhode,UNB10,00011,61.0,,1962-09-26T09:20:00,41.720278,-71.338056,US,Rhode,RI_Bristol,UPPER NARRAGANSETT BAY STA 10 / NORTHEAST / NARRAGANSETT BAY,00011,STORET Rhode,,HWIN-VAR-001,61.0,
STORET_Rhode_UNB10_19621011_      0837,STORET_Rhode,UNB10,00011,60.0,,1962-10-11T08:37:00,41.720278,-71.338056,US,Rhode,RI_Bristol,UPPER NARRAGANSETT BAY STA 10 / NORTHEAST / NARRAGANSETT BAY,00011,STORET Rhode,,HWIN-VAR-001,60.0,
STORET_Rhode_UNB10_19621017_      0858,STORET_Rhode,UNB10,00011,62.0,,1962-10-17T08:58:00,41.720278,-71.338056,US,Rhode,RI_Bristol,UPPER NARRAGANSETT BAY STA 10 / NORTHEAST / NARRAGANSETT BAY,00011,STORET Rhode,,HWIN-VAR-001,62.0,
STORET_Rhode_UNB10_19621025_      0855,STORET_Rhode,UNB10,00011,56.0,,1962-10-25T08:55:00,41.720278,-71.338056,US,Rhode,RI_Bristol,UPPER NARRAGANSETT BAY STA 10 / NORTHEAST / NARRAGANSETT BAY,00011,STORET Rhode,,HWIN-VAR-001,56.0,
STORET_Rhode_UNB10_19621108_      0942,STORET_Rhode,UNB10,00011,50.0,,1962-11-08T09:42:00,41.720278,-71.338056,US,Rhode,RI_Bristol,UPPER NARRAGANSETT BAY STA 10 / NORTHEAST / NARRAGANSETT BAY,00011,STORET Rhode,,HWIN-VAR-001,50.0,
STORET_Rhode_UNB10_19621121_      0955,STORET_Rhode,UNB10,00011,45.0,,1962-11-21T09:55:00,41.720278,-71.338056,US,Rhode,RI_Bristol,UPPER NARRAGANSETT BAY STA 10 / NORTHEAST / NARRAGANSETT BAY,00011,STORET Rhode,,HWIN-VAR-001,45.0,
STORET_Rhode_UNB10_19621219_      0940,STORET_Rhode,UNB10,00011,38.0,,1962-12-19T09:40:00,41.720278,-71.338056,US,Rhode,RI_Bristol,UPPER NARRAGANSETT BAY STA 10 / NORTHEAST / NARRAGANSETT BAY,00011,STORET Rhode,,HWIN-VAR-001,38.0,
STORET_Rhode_UNB10_19630103_      1008,STORET_Rhode,UNB10,00011,33.0,,1963-01-03T10:08:00,41.720278,-71.338056,US,Rhode,RI_Bristol,UPPER NARRAGANSETT BAY STA 10 / NORTHEAST / NARRAGANSETT BAY,00011,STORET Rhode,,HWIN-VAR-001,33.0,
STORET_Rhode_UNB10_19630109_      0935,STORET_Rhode,UNB10,00011,36.0,,1963-01-09T09:35:00,41.720278,-71.338056,US,Rhode,RI_Bristol,UPPER NARRAGANSETT BAY STA 10 / NORTHEAST / NARRAGANSETT BAY,00011,STORET Rhode,,HWIN-VAR-001,36.0,
STORET_Rhode_UNB10_19630116_      1015,STORET_Rhode,UNB10,00011,32.0,,1963-01-16T10:15:00,41.720278,-71.338056,US,Rhode,RI_Bristol,UPPER NARRAGANSETT BAY STA 10 / NORTHEAST / NARRAGANSETT BAY,00011,STORET Rhode,,HWIN-VAR-001,32.0,
STORET_Rhode_UNB10_19630206_      1000,STORET_Rhode,UNB10,00011,33.0,,1963-02-06T10:00:00,41.720278,-71.338056,US,Rhode,RI_Bristol,UPPER NARRAGANSETT BAY STA 10 / NORTHEAST / NARRAGANSETT BAY,00011,STORET Rhode,,HWIN-VAR-001,33.0,
STORET_Rhode_UNB10_19630327_      0945,STORET_Rhode,UNB10,00011,45.0,,1963-03-27T09:45:00,41.720278,-71.338056,US,Rhode,RI_Bristol,UPPER NARRAGANSETT BAY STA 10 / NORTHEAST / NARRAGANSETT BAY,00011,STORET Rhode,,HWIN-VAR-001,45.0,
STORET_Rhode_UNB10_19630403_      1000,STORET_Rhode,UNB10,00011,49.0,,1963-04-03T10:00:00,41.720278,-71.338056,US,Rhode,RI_Bristol,UPPER NARRAGANSETT BAY STA 10 / NORTHEAST / NARRAGANSETT BAY,00011,STORET Rhode,,HWIN-VAR-001,49.0,
STORET_Rhode_UNB10_19630417_      0945,STORET_Rhode,UNB10,00011,48.0,,1963-04-17T09:45:00,41.720278,-71.338056,US,Rhode,RI_Bristol,UPPER NARRAGANSETT BAY STA 10 / NORTHEAST / NARRAGANSETT BAY,00011,STORET Rhode,,HWIN-VAR-001,48.0,
STORET_Rhode_UNB10_19630508_      0845,STORET_Rhode,UNB10,00011,57.0,,1963-05-08T08:45:00,41.720278,-71.338056,US,Rhode,RI_Bristol,UPPER NARRAGANSETT BAY STA 10 / NORTHEAST / NARRAGANSETT BAY,00011,STORET Rhode,,HWIN-VAR-001,57.0,
STORET_Rhode_UNB10_19630515_      0900,STORET_Rhode,UNB10,00011,55.0,,1963-05-15T09:00:00,41.720278,-71.338056,US,Rhode,RI_Bristol,UPPER NARRAGANSETT BAY STA 10 / NORTHEAST / NARRAGANSETT BAY,00011,STORET Rhode,,HWIN-VAR-001,55.0,
STORET_Rhode_UNB10_19630522_      0845,STORET_Rhode,UNB10,00011,62.0,,1963-05-22T08:45:00,41.720278,-71.338056,US,Rhode,RI_Bristol,UPPER NARRAGANSETT BAY STA 10 / NORTHEAST / NARRAGANSETT BAY,00011,STORET Rhode,,HWIN-VAR-001,62.0,
STORET_Rhode_UNB10_19630619_      0850,STORET_Rhode,UNB10,00011,68.0,,1963-06-19T08:50:00,41.720278,-71.338056,US,Rhode,RI_Bristol,UPPER NARRAGANSETT BAY STA 10 / NORTHEAST / NARRAGANSETT BAY,00011,STORET Rhode,,HWIN-VAR-001,68.0,
STORET_Rhode_UNB10_19630626_      0845,STORET_Rhode,UNB10,00011,70.0,,1963-06-26T08:45:00,41.720278,-71.338056,US,Rhode,RI_Bristol,UPPER NARRAGANSETT BAY STA 10 / NORTHEAST / NARRAGANSETT BAY,00011,STORET Rhode,,HWIN-VAR-001,70.0,
STORET_Rhode_UNB10_19630703_      0855,STORET_Rhode,UNB10,00011,76.0,,1963-07-03T08:55:00,41.720278,-71.338056,US,Rhode,RI_Bristol,UPPER NARRAGANSETT BAY STA 10 / NORTHEAST / NARRAGANSETT BAY,00011,STORET Rhode,,HWIN-VAR-001,76.0,
STORET_Rhode_UNB10_19630710_      0850,STORET_Rhode,UNB10,00011,67.0,,1963-07-10T08:50:00,41.720278,-71.338056,US,Rhode,RI_Bristol,UPPER NARRAGANSETT BAY STA 10 / NORTHEAST / NARRAGANSETT BAY,00011,STORET Rhode,,HWIN-VAR-001,67.0,
STORET_Rhode_UNB10_19630807_      0845,STORET_Rhode,UNB10,00011,72.0,,1963-08-07T08:45:00,41.720278,-71.338056,US,Rhode,RI_Bristol,UPPER NARRAGANSETT BAY STA 10 / NORTHEAST / NARRAGANSETT BAY,00011,STORET Rhode,,HWIN-VAR-001,72.0,
STORET_Rhode_UNB10_19630823_      0827,STORET_Rhode,UNB10,00011,69.0,,1963-08-23T08:27:00,41.720278,-71.338056,US,Rhode,RI_Bristol,UPPER NARRAGANSETT BAY STA 10 / NORTHEAST / NARRAGANSETT BAY,00011,STORET Rhode,,HWIN-VAR-001,69.0,
STORET_Rhode_UNB10_19630911_      0953,STORET_Rhode,UNB10,00011,66.0,,1963-09-11T09:53:00,41.720278,-71.338056,US,Rhode,RI_Bristol,UPPER NARRAGANSETT BAY STA 10 / NORTHEAST / NARRAGANSETT BAY,00011,STORET Rhode,,HWIN-VAR-001,66.0,
STORET_Rhode_UNB10_19630918_      0927,STORET_Rhode,UNB10,00011,66.0,,1963-09-18T09:27:00,41.720278,-71.338056,US,Rhode,RI_Bristol,UPPER NARRAGANSETT BAY STA 10 / NORTHEAST / NARRAGANSETT BAY,00011,STORET Rhode,,HWIN-VAR-001,66.0,
STORET_Rhode_UNB10_19630925_      0841,STORET_Rhode,UNB10,00011,60.0,,1963-09-25T08:41:00,41.720278,-71.338056,US,Rhode,RI_Bristol,UPPER NARRAGANSETT BAY STA 10 / NORTHEAST / NARRAGANSETT BAY,00011,STORET Rhode,,HWIN-VAR-001,60.0,
STORET_Rhode_UNB10_19631002_      0852,STORET_Rhode,UNB10,00011,61.0,,1963-10-02T08:52:00,41.720278,-71.338056,US,Rhode,RI_Bristol,UPPER NARRAGANSETT BAY STA 10 / NORTHEAST / NARRAGANSETT BAY,00011,STORET Rhode,,HWIN-VAR-001,61.0,
STORET_Rhode_UNB10_19631009_      0823,STORET_Rhode,UNB10,00011,58.0,,1963-10-09T08:23:00,41.720278,-71.338056,US,Rhode,RI_Bristol,UPPER NARRAGANSETT BAY STA 10 / NORTHEAST / NARRAGANSETT BAY,00011,STORET Rhode,,HWIN-VAR-001,58.0,
STORET_Rhode_UNB10_19631016_      0842,STORET_Rhode,UNB10,00011,60.0,,1963-10-16T08:42:00,41.720278,-71.338056,US,Rhode,RI_Bristol,UPPER NARRAGANSETT BAY STA 10 / NORTHEAST / NARRAGANSETT BAY,00011,STORET Rhode,,HWIN-VAR-001,60.0,
STORET_Rhode_UNB10_19631030_      1002,STORET_Rhode,UNB10,00011,52.0,,1963-10-30T10:02:00,41.720278,-71.338056,US,Rhode,RI_Bristol,UPPER NARRAGANSETT BAY STA 10 / NORTHEAST / NARRAGANSETT BAY,00011,STORET Rhode,,HWIN-VAR-001,52.0,
STORET_Rhode_UNB10_19631127_      0933,STORET_Rhode,UNB10,00011,50.0,,1963-11-27T09:33:00,41.720278,-71.338056,US,Rhode,RI_Bristol,UPPER NARRAGANSETT BAY STA 10 / NORTHEAST / NARRAGANSETT BAY,00011,STORET Rhode,,HWIN-VAR-001,50.0,
STORET_Rhode_UNB10_19631205_      0935,STORET_Rhode,UNB10,00011,44.0,,1963-12-05T09:35:00,41.720278,-71.338056,US,Rhode,RI_Bristol,UPPER NARRAGANSETT BAY STA 10 / NORTHEAST / NARRAGANSETT BAY,00011,STORET Rhode,,HWIN-VAR-001,44.0,
STORET_Rhode_UNB10_19640108_      1016,STORET_Rhode,UNB10,00011,34.0,,1964-01-08T10:16:00,41.720278,-71.338056,US,Rhode,RI_Bristol,UPPER NARRAGANSETT BAY STA 10 / NORTHEAST / NARRAGANSETT BAY,00011,STORET Rhode,,HWIN-VAR-001,34.0,
STORET_Rhode_UNB10_19640122_      0928,STORET_Rhode,UNB10,00011,34.0,,1964-01-22T09:28:00,41.720278,-71.338056,US,Rhode,RI_Bristol,UPPER NARRAGANSETT BAY STA 10 / NORTHEAST / NARRAGANSETT BAY,00011,STORET Rhode,,HWIN-VAR-001,34.0,
STORET_Rhode_UNB10_19640204_      0935,STORET_Rhode,UNB10,00011,34.0,,1964-02-04T09:35:00,41.720278,-71.338056,US,Rhode,RI_Bristol,UPPER NARRAGANSETT BAY STA 10 / NORTHEAST / NARRAGANSETT BAY,00011,STORET Rhode,,HWIN-VAR-001,34.0,
STORET_Rhode_UNB10_19640325_      0940,STORET_Rhode,UNB10,00011,40.0,,1964-03-25T09:40:00,41.720278,-71.338056,US,Rhode,RI_Bristol,UPPER NARRAGANSETT BAY STA 10 / NORTHEAST / NARRAGANSETT BAY,00011,STORET Rhode,,HWIN-VAR-001,40.0,
STORET_Rhode_UNB10_19640506_      0941,STORET_Rhode,UNB10,00011,58.0,,1964-05-06T09:41:00,41.720278,-71.338056,US,Rhode,RI_Bristol,UPPER NARRAGANSETT BAY STA 10 / NORTHEAST / NARRAGANSETT BAY,00011,STORET Rhode,,HWIN-VAR-001,58.0,
STORET_Rhode_UNB10_19640603_      0837,STORET_Rhode,UNB10,00011,60.0,,1964-06-03T08:37:00,41.720278,-71.338056,US,Rhode,RI_Bristol,UPPER NARRAGANSETT BAY STA 10 / NORTHEAST / NARRAGANSETT BAY,00011,STORET Rhode,,HWIN-VAR-001,60.0,
STORET_Rhode_UNB10_19640610_      0918,STORET_Rhode,UNB10,00011,60.0,,1964-06-10T09:18:00,41.720278,-71.338056,US,Rhode,RI_Bristol,UPPER NARRAGANSETT BAY STA 10 / NORTHEAST / NARRAGANSETT BAY,00011,STORET Rhode,,HWIN-VAR-001,60.0,
STORET_Rhode_UNB10_19640624_      0930,STORET_Rhode,UNB10,00011,64.0,,1964-06-24T09:30:00,41.720278,-71.338056,US,Rhode,RI_Bristol,UPPER NARRAGANSETT BAY STA 10 / NORTHEAST / NARRAGANSETT BAY,00011,STORET Rhode,,HWIN-VAR-001,64.0,
STORET_Rhode_UNB10_19640708_      0845,STORET_Rhode,UNB10,00011,68.0,,1964-07-08T08:45:00,41.720278,-71.338056,US,Rhode,RI_Bristol,UPPER NARRAGANSETT BAY STA 10 / NORTHEAST / NARRAGANSETT BAY,00011,STORET Rhode,,HWIN-VAR-001,68.0,
STORET_Rhode_UNB10_19640715_      0848,STORET_Rhode,UNB10,00011,63.0,,1964-07-15T08:48:00,41.720278,-71.338056,US,Rhode,RI_Bristol,UPPER NARRAGANSETT BAY STA 10 / NORTHEAST / NARRAGANSETT BAY,00011,STORET Rhode,,HWIN-VAR-001,63.0,
STORET_Rhode_UNB10_19640819_      0958,STORET_Rhode,UNB10,00011,69.0,,1964-08-19T09:58:00,41.720278,-71.338056,US,Rhode,RI_Bristol,UPPER NARRAGANSETT BAY STA 10 / NORTHEAST / NARRAGANSETT BAY,00011,STORET Rhode,,HWIN-VAR-001,69.0,
STORET_Rhode_UNB10_19640826_      0833,STORET_Rhode,UNB10,00011,70.0,,1964-08-26T08:33:00,41.720278,-71.338056,US,Rhode,RI_Bristol,UPPER NARRAGANSETT BAY STA 10 / NORTHEAST / NARRAGANSETT BAY,00011,STORET Rhode,,HWIN-VAR-001,70.0,
STORET_Rhode_UNB10_19640902_      1030,STORET_Rhode,UNB10,00011,71.0,,1964-09-02T10:30:00,41.720278,-71.338056,US,Rhode,RI_Bristol,UPPER NARRAGANSETT BAY STA 10 / NORTHEAST / NARRAGANSETT BAY,00011,STORET Rhode,,HWIN-VAR-001,71.0,
STORET_Rhode_UNB10_19640916_      0850,STORET_Rhode,UNB10,00011,64.0,,1964-09-16T08:50:00,41.720278,-71.338056,US,Rhode,RI_Bristol,UPPER NARRAGANSETT BAY STA 10 / NORTHEAST / NARRAGANSETT BAY,00011,STORET Rhode,,HWIN-VAR-001,64.0,
STORET_Rhode_UNB10_19641001_      0847,STORET_Rhode,UNB10,00011,61.0,,1964-10-01T08:47:00,41.720278,-71.338056,US,Rhode,RI_Bristol,UPPER NARRAGANSETT BAY STA 10 / NORTHEAST / NARRAGANSETT BAY,00011,STORET Rhode,,HWIN-VAR-001,61.0,
STORET_Rhode_UNB10_19641015_      0945,STORET_Rhode,UNB10,00011,58.0,,1964-10-15T09:45:00,41.720278,-71.338056,US,Rhode,RI_Bristol,UPPER NARRAGANSETT BAY STA 10 / NORTHEAST / NARRAGANSETT BAY,00011,STORET Rhode,,HWIN-VAR-001,58.0,
STORET_Rhode_UNB10_19641020_      1043,STORET_Rhode,UNB10,00011,56.0,,1964-10-20T10:43:00,41.720278,-71.338056,US,Rhode,RI_Bristol,UPPER NARRAGANSETT BAY STA 10 / NORTHEAST / NARRAGANSETT BAY,00011,STORET Rhode,,HWIN-VAR-001,56.0,
STORET_Rhode_UNB10_19641110_      0943,STORET_Rhode,UNB10,00011,53.0,,1964-11-10T09:43:00,41.720278,-71.338056,US,Rhode,RI_Bristol,UPPER NARRAGANSETT BAY STA 10 / NORTHEAST / NARRAGANSETT BAY,00011,STORET Rhode,,HWIN-VAR-001,53.0,
STORET_Rhode_UNB10_19641125_      0937,STORET_Rhode,UNB10,00011,44.0,,1964-11-25T09:37:00,41.720278,-71.338056,US,Rhode,RI_Bristol,UPPER NARRAGANSETT BAY STA 10 / NORTHEAST / NARRAGANSETT BAY,00011,STORET Rhode,,HWIN-VAR-001,44.0,
STORET_Rhode_UNB10_19641216_      1015,STORET_Rhode,UNB10,00011,35.0,,1964-12-16T10:15:00,41.720278,-71.338056,US,Rhode,RI_Bristol,UPPER NARRAGANSETT BAY STA 10 / NORTHEAST / NARRAGANSETT BAY,00011,STORET Rhode,,HWIN-VAR-001,35.0,
STORET_Rhode_UNB10_19650107_      1108,STORET_Rhode,UNB10,00011,34.0,,1965-01-07T11:08:00,41.720278,-71.338056,US,Rhode,RI_Bristol,UPPER NARRAGANSETT BAY STA 10 / NORTHEAST / NARRAGANSETT BAY,00011,STORET Rhode,,HWIN-VAR-001,34.0,
STORET_Rhode_UNB10_19650113_      0958,STORET_Rhode,UNB10,00011,34.0,,1965-01-13T09:58:00,41.720278,-71.338056,US,Rhode,RI_Bristol,UPPER NARRAGANSETT BAY STA 10 / NORTHEAST / NARRAGANSETT BAY,00011,STORET Rhode,,HWIN-VAR-001,34.0,
STORET_Rhode_UNB10_19650217_      1000,STORET_Rhode,UNB10,00011,32.0,,1965-02-17T10:00:00,41.720278,-71.338056,US,Rhode,RI_Bristol,UPPER NARRAGANSETT BAY STA 10 / NORTHEAST / NARRAGANSETT BAY,00011,STORET Rhode,,HWIN-VAR-001,32.0,
STORET_Rhode_UNB10_19650303_      1023,STORET_Rhode,UNB10,00011,36.0,,1965-03-03T10:23:00,41.720278,-71.338056,US,Rhode,RI_Bristol,UPPER NARRAGANSETT BAY STA 10 / NORTHEAST / NARRAGANSETT BAY,00011,STORET Rhode,,HWIN-VAR-001,36.0,
STORET_Rhode_UNB10_19650310_      0940,STORET_Rhode,UNB10,00011,38.0,,1965-03-10T09:40:00,41.720278,-71.338056,US,Rhode,RI_Bristol,UPPER NARRAGANSETT BAY STA 10 / NORTHEAST / NARRAGANSETT BAY,00011,STORET Rhode,,HWIN-VAR-001,38.0,
STORET_Rhode_UNB10_19650317_      0946,STORET_Rhode,UNB10,00011,40.0,,1965-03-17T09:46:00,41.720278,-71.338056,US,Rhode,RI_Bristol,UPPER NARRAGANSETT BAY STA 10 / NORTHEAST / NARRAGANSETT BAY,00011,STORET Rhode,,HWIN-VAR-001,40.0,
STORET_Rhode_UNB10_19650324_      0955,STORET_Rhode,UNB10,00011,33.0,,1965-03-24T09:55:00,41.720278,-71.338056,US,Rhode,RI_Bristol,UPPER NARRAGANSETT BAY STA 10 / NORTHEAST / NARRAGANSETT BAY,00011,STORET Rhode,,HWIN-VAR-001,33.0,
STORET_Rhode_UNB10_19650407_      1003,STORET_Rhode,UNB10,00011,43.0,,1965-04-07T10:03:00,41.720278,-71.338056,US,Rhode,RI_Bristol,UPPER NARRAGANSETT BAY STA 10 / NORTHEAST / NARRAGANSETT BAY,00011,STORET Rhode,,HWIN-VAR-001,43.0,
STORET_Rhode_UNB10_19650421_      0928,STORET_Rhode,UNB10,00011,49.0,,1965-04-21T09:28:00,41.720278,-71.338056,US,Rhode,RI_Bristol,UPPER NARRAGANSETT BAY STA 10 / NORTHEAST / NARRAGANSETT BAY,00011,STORET Rhode,,HWIN-VAR-001,49.0,
STORET_Rhode_UNB10_19650428_      1000,STORET_Rhode,UNB10,00011,45.0,,1965-04-28T10:00:00,41.720278,-71.338056,US,Rhode,RI_Bristol,UPPER NARRAGANSETT BAY STA 10 / NORTHEAST / NARRAGANSETT BAY,00011,STORET Rhode,,HWIN-VAR-001,45.0,
STORET_Rhode_UNB10_19650506_      0940,STORET_Rhode,UNB10,00011,55.0,,1965-05-06T09:40:00,41.720278,-71.338056,US,Rhode,RI_Bristol,UPPER NARRAGANSETT BAY STA 10 / NORTHEAST / NARRAGANSETT BAY,00011,STORET Rhode,,HWIN-VAR-001,55.0,
STORET_Rhode_UNB10_19650512_      0858,STORET_Rhode,UNB10,00011,59.0,,1965-05-12T08:58:00,41.720278,-71.338056,US,Rhode,RI_Bristol,UPPER NARRAGANSETT BAY STA 10 / NORTHEAST / NARRAGANSETT BAY,00011,STORET Rhode,,HWIN-VAR-001,59.0,
STORET_Rhode_UNB10_19650519_      0842,STORET_Rhode,UNB10,00011,55.0,,1965-05-19T08:42:00,41.720278,-71.338056,US,Rhode,RI_Bristol,UPPER NARRAGANSETT BAY STA 10 / NORTHEAST / NARRAGANSETT BAY,00011,STORET Rhode,,HWIN-VAR-001,55.0,
STORET_Rhode_UNB10_19650526_      0855,STORET_Rhode,UNB10,00011,63.0,,1965-05-26T08:55:00,41.720278,-71.338056,US,Rhode,RI_Bristol,UPPER NARRAGANSETT BAY STA 10 / NORTHEAST / NARRAGANSETT BAY,00011,STORET Rhode,,HWIN-VAR-001,63.0,
STORET_Rhode_UNB10_19650609_      0858,STORET_Rhode,UNB10,00011,68.0,,1965-06-09T08:58:00,41.720278,-71.338056,US,Rhode,RI_Bristol,UPPER NARRAGANSETT BAY STA 10 / NORTHEAST / NARRAGANSETT BAY,00011,STORET Rhode,,HWIN-VAR-001,68.0,
STORET_Rhode_UNB10_19650616_      0853,STORET_Rhode,UNB10,00011,60.0,,1965-06-16T08:53:00,41.720278,-71.338056,US,Rhode,RI_Bristol,UPPER NARRAGANSETT BAY STA 10 / NORTHEAST / NARRAGANSETT BAY,00011,STORET Rhode,,HWIN-VAR-001,60.0,
STORET_Rhode_UNB10_19650629_      0845,STORET_Rhode,UNB10,00011,70.0,,1965-06-29T08:45:00,41.720278,-71.338056,US,Rhode,RI_Bristol,UPPER NARRAGANSETT BAY STA 10 / NORTHEAST / NARRAGANSETT BAY,00011,STORET Rhode,,HWIN-VAR-001,70.0,
STORET_Rhode_UNB10_19650707_      0850,STORET_Rhode,UNB10,00011,68.0,,1965-07-07T08:50:00,41.720278,-71.338056,US,Rhode,RI_Bristol,UPPER NARRAGANSETT BAY STA 10 / NORTHEAST / NARRAGANSETT BAY,00011,STORET Rhode,,HWIN-VAR-001,68.0,
STORET_Rhode_UNB10_19650715_      0845,STORET_Rhode,UNB10,00011,76.0,,1965-07-15T08:45:00,41.720278,-71.338056,US,Rhode,RI_Bristol,UPPER NARRAGANSETT BAY STA 10 / NORTHEAST / NARRAGANSETT BAY,00011,STORET Rhode,,HWIN-VAR-001,76.0,
STORET_Rhode_UNB10_19650721_      0920,STORET_Rhode,UNB10,00011,72.0,,1965-07-21T09:20:00,41.720278,-71.338056,US,Rhode,RI_Bristol,UPPER NARRAGANSETT BAY STA 10 / NORTHEAST / NARRAGANSETT BAY,00011,STORET Rhode,,HWIN-VAR-001,72.0,
STORET_Rhode_UNB10_19650804_      0919,STORET_Rhode,UNB10,00011,71.0,,1965-08-04T09:19:00,41.720278,-71.338056,US,Rhode,RI_Bristol,UPPER NARRAGANSETT BAY STA 10 / NORTHEAST / NARRAGANSETT BAY,00011,STORET Rhode,,HWIN-VAR-001,71.0,
STORET_Rhode_UNB10_19650825_      0916,STORET_Rhode,UNB10,00011,73.0,,1965-08-25T09:16:00,41.720278,-71.338056,US,Rhode,RI_Bristol,UPPER NARRAGANSETT BAY STA 10 / NORTHEAST / NARRAGANSETT BAY,00011,STORET Rhode,,HWIN-VAR-001,73.0,
STORET_Rhode_UNB10_19650903_      0905,STORET_Rhode,UNB10,00011,68.0,,1965-09-03T09:05:00,41.720278,-71.338056,US,Rhode,RI_Bristol,UPPER NARRAGANSETT BAY STA 10 / NORTHEAST / NARRAGANSETT BAY,00011,STORET Rhode,,HWIN-VAR-001,68.0,
STORET_Rhode_UNB10_19650930_      1215,STORET_Rhode,UNB10,00011,63.0,,1965-09-30T12:15:00,41.720278,-71.338056,US,Rhode,RI_Bristol,UPPER NARRAGANSETT BAY STA 10 / NORTHEAST / NARRAGANSETT BAY,00011,STORET Rhode,,HWIN-VAR-001,63.0,
STORET_Rhode_UNB10_19651007_      0912,STORET_Rhode,UNB10,00011,54.0,,1965-10-07T09:12:00,41.720278,-71.338056,US,Rhode,RI_Bristol,UPPER NARRAGANSETT BAY STA 10 / NORTHEAST / NARRAGANSETT BAY,00011,STORET Rhode,,HWIN-VAR-001,54.0,
STORET_Rhode_UNB10_19651027_      0848,STORET_Rhode,UNB10,00011,56.0,,1965-10-27T08:48:00,41.720278,-71.338056,US,Rhode,RI_Bristol,UPPER NARRAGANSETT BAY STA 10 / NORTHEAST / NARRAGANSETT BAY,00011,STORET Rhode,,HWIN-VAR-001,56.0,
STORET_Rhode_UNB10_19651103_      1012,STORET_Rhode,UNB10,00011,48.0,,1965-11-03T10:12:00,41.720278,-71.338056,US,Rhode,RI_Bristol,UPPER NARRAGANSETT BAY STA 10 / NORTHEAST / NARRAGANSETT BAY,00011,STORET Rhode,,HWIN-VAR-001,48.0,
STORET_Rhode_UNB10_19651110_      1000,STORET_Rhode,UNB10,00011,46.0,,1965-11-10T10:00:00,41.720278,-71.338056,US,Rhode,RI_Bristol,UPPER NARRAGANSETT BAY STA 10 / NORTHEAST / NARRAGANSETT BAY,00011,STORET Rhode,,HWIN-VAR-001,46.0,
STORET_Rhode_UNB10_19651124_      0945,STORET_Rhode,UNB10,00011,44.0,,1965-11-24T09:45:00,41.720278,-71.338056,US,Rhode,RI_Bristol,UPPER NARRAGANSETT BAY STA 10 / NORTHEAST / NARRAGANSETT BAY,00011,STORET Rhode,,HWIN-VAR-001,44.0,
STORET_Rhode_UNB10_19651201_      0953,STORET_Rhode,UNB10,00011,41.0,,1965-12-01T09:53:00,41.720278,-71.338056,US,Rhode,RI_Bristol,UPPER NARRAGANSETT BAY STA 10 / NORTHEAST / NARRAGANSETT BAY,00011,STORET Rhode,,HWIN-VAR-001,41.0,
STORET_Rhode_UNB10_19651208_      0954,STORET_Rhode,UNB10,00011,38.0,,1965-12-08T09:54:00,41.720278,-71.338056,US,Rhode,RI_Bristol,UPPER NARRAGANSETT BAY STA 10 / NORTHEAST / NARRAGANSETT BAY,00011,STORET Rhode,,HWIN-VAR-001,38.0,
STORET_Rhode_UNB10_19651215_      1010,STORET_Rhode,UNB10,00011,41.0,,1965-12-15T10:10:00,41.720278,-71.338056,US,Rhode,RI_Bristol,UPPER NARRAGANSETT BAY STA 10 / NORTHEAST / NARRAGANSETT BAY,00011,STORET Rhode,,HWIN-VAR-001,41.0,
STORET_Rhode_UNB10_19651222_      0957,STORET_Rhode,UNB10,00011,37.0,,1965-12-22T09:57:00,41.720278,-71.338056,US,Rhode,RI_Bristol,UPPER NARRAGANSETT BAY STA 10 / NORTHEAST / NARRAGANSETT BAY,00011,STORET Rhode,,HWIN-VAR-001,37.0,
STORET_Rhode_UNB10_19660112_      1017,STORET_Rhode,UNB10,00011,30.0,,1966-01-12T10:17:00,41.720278,-71.338056,US,Rhode,RI_Bristol,UPPER NARRAGANSETT BAY STA 10 / NORTHEAST / NARRAGANSETT BAY,00011,STORET Rhode,,HWIN-VAR-001,30.0,
STORET_Rhode_UNB10_19660119_      1159,STORET_Rhode,UNB10,00011,33.0,,1966-01-19T11:59:00,41.720278,-71.338056,US,Rhode,RI_Bristol,UPPER NARRAGANSETT BAY STA 10 / NORTHEAST / NARRAGANSETT BAY,00011,STORET Rhode,,HWIN-VAR-001,33.0,
STORET_Rhode_UNB10_19660223_      0944,STORET_Rhode,UNB10,00011,34.0,,1966-02-23T09:44:00,41.720278,-71.338056,US,Rhode,RI_Bristol,UPPER NARRAGANSETT BAY STA 10 / NORTHEAST / NARRAGANSETT BAY,00011,STORET Rhode,,HWIN-VAR-001,34.0,
STORET_Rhode_UNB10_19660309_      0945,STORET_Rhode,UNB10,00011,37.0,,1966-03-09T09:45:00,41.720278,-71.338056,US,Rhode,RI_Bristol,UPPER NARRAGANSETT BAY STA 10 / NORTHEAST / NARRAGANSETT BAY,00011,STORET Rhode,,HWIN-VAR-001,37.0,
STORET_Rhode_UNB10_19660316_      1004,STORET_Rhode,UNB10,00011,38.0,,1966-03-16T10:04:00,41.720278,-71.338056,US,Rhode,RI_Bristol,UPPER NARRAGANSETT BAY STA 10 / NORTHEAST / NARRAGANSETT BAY,00011,STORET Rhode,,HWIN-VAR-001,38.0,
STORET_Rhode_UNB10_19660323_      0945,STORET_Rhode,UNB10,00011,45.0,,1966-03-23T09:45:00,41.720278,-71.338056,US,Rhode,RI_Bristol,UPPER NARRAGANSETT BAY STA 10 / NORTHEAST / NARRAGANSETT BAY,00011,STORET Rhode,,HWIN-VAR-001,45.0,
STORET_Rhode_UNB10_19660406_      1025,STORET_Rhode,UNB10,00011,44.0,,1966-04-06T10:25:00,41.720278,-71.338056,US,Rhode,RI_Bristol,UPPER NARRAGANSETT BAY STA 10 / NORTHEAST / NARRAGANSETT BAY,00011,STORET Rhode,,HWIN-VAR-001,44.0,
STORET_Rhode_UNB10_19660420_      0920,STORET_Rhode,UNB10,00011,47.0,,1966-04-20T09:20:00,41.720278,-71.338056,US,Rhode,RI_Bristol,UPPER NARRAGANSETT BAY STA 10 / NORTHEAST / NARRAGANSETT BAY,00011,STORET Rhode,,HWIN-VAR-001,47.0,
STORET_Rhode_UNB10_19660505_      0845,STORET_Rhode,UNB10,00011,49.0,,1966-05-05T08:45:00,41.720278,-71.338056,US,Rhode,RI_Bristol,UPPER NARRAGANSETT BAY STA 10 / NORTHEAST / NARRAGANSETT BAY,00011,STORET Rhode,,HWIN-VAR-001,49.0,
STORET_Rhode_UNB10_19660518_      0929,STORET_Rhode,UNB10,00011,55.0,,1966-05-18T09:29:00,41.720278,-71.338056,US,Rhode,RI_Bristol,UPPER NARRAGANSETT BAY STA 10 / NORTHEAST / NARRAGANSETT BAY,00011,STORET Rhode,,HWIN-VAR-001,55.0,
STORET_Rhode_UNB10_19660525_      0856,STORET_Rhode,UNB10,00011,60.0,,1966-05-25T08:56:00,41.720278,-71.338056,US,Rhode,RI_Bristol,UPPER NARRAGANSETT BAY STA 10 / NORTHEAST / NARRAGANSETT BAY,00011,STORET Rhode,,HWIN-VAR-001,60.0,
STORET_Rhode_UNB10_19660601_      1026,STORET_Rhode,UNB10,00011,60.0,,1966-06-01T10:26:00,41.720278,-71.338056,US,Rhode,RI_Bristol,UPPER NARRAGANSETT BAY STA 10 / NORTHEAST / NARRAGANSETT BAY,00011,STORET Rhode,,HWIN-VAR-001,60.0,
STORET_Rhode_UNB10_19660608_      0855,STORET_Rhode,UNB10,00011,67.0,,1966-06-08T08:55:00,41.720278,-71.338056,US,Rhode,RI_Bristol,UPPER NARRAGANSETT BAY STA 10 / NORTHEAST / NARRAGANSETT BAY,00011,STORET Rhode,,HWIN-VAR-001,67.0,
STORET_Rhode_UNB10_19660615_      0905,STORET_Rhode,UNB10,00011,65.0,,1966-06-15T09:05:00,41.720278,-71.338056,US,Rhode,RI_Bristol,UPPER NARRAGANSETT BAY STA 10 / NORTHEAST / NARRAGANSETT BAY,00011,STORET Rhode,,HWIN-VAR-001,65.0,
STORET_Rhode_UNB10_19660622_      0920,STORET_Rhode,UNB10,00011,67.0,,1966-06-22T09:20:00,41.720278,-71.338056,US,Rhode,RI_Bristol,UPPER NARRAGANSETT BAY STA 10 / NORTHEAST / NARRAGANSETT BAY,00011,STORET Rhode,,HWIN-VAR-001,67.0,
STORET_Rhode_UNB10_19660629_      1015,STORET_Rhode,UNB10,00011,70.0,,1966-06-29T10:15:00,41.720278,-71.338056,US,Rhode,RI_Bristol,UPPER NARRAGANSETT BAY STA 10 / NORTHEAST / NARRAGANSETT BAY,00011,STORET Rhode,,HWIN-VAR-001,70.0,
STORET_Rhode_UNB10_19660714_      0939,STORET_Rhode,UNB10,00011,78.0,,1966-07-14T09:39:00,41.720278,-71.338056,US,Rhode,RI_Bristol,UPPER NARRAGANSETT BAY STA 10 / NORTHEAST / NARRAGANSETT BAY,00011,STORET Rhode,,HWIN-VAR-001,78.0,
STORET_Rhode_UNB10_19660719_      0840,STORET_Rhode,UNB10,00011,74.0,,1966-07-19T08:40:00,41.720278,-71.338056,US,Rhode,RI_Bristol,UPPER NARRAGANSETT BAY STA 10 / NORTHEAST / NARRAGANSETT BAY,00011,STORET Rhode,,HWIN-VAR-001,74.0,
STORET_Rhode_UNB10_19660726_      0820,STORET_Rhode,UNB10,00011,73.0,,1966-07-26T08:20:00,41.720278,-71.338056,US,Rhode,RI_Bristol,UPPER NARRAGANSETT BAY STA 10 / NORTHEAST / NARRAGANSETT BAY,00011,STORET Rhode,,HWIN-VAR-001,73.0,
STORET_Rhode_UNB10_19660809_      0855,STORET_Rhode,UNB10,00011,74.0,,1966-08-09T08:55:00,41.720278,-71.338056,US,Rhode,RI_Bristol,UPPER NARRAGANSETT BAY STA 10 / NORTHEAST / NARRAGANSETT BAY,00011,STORET Rhode,,HWIN-VAR-001,74.0,
STORET_Rhode_UNB10_19660816_      0843,STORET_Rhode,UNB10,00011,71.0,,1966-08-16T08:43:00,41.720278,-71.338056,US,Rhode,RI_Bristol,UPPER NARRAGANSETT BAY STA 10 / NORTHEAST / NARRAGANSETT BAY,00011,STORET Rhode,,HWIN-VAR-001,71.0,
STORET_Rhode_UNB10_19660824_      0850,STORET_Rhode,UNB10,00011,71.0,,1966-08-24T08:50:00,41.720278,-71.338056,US,Rhode,RI_Bristol,UPPER NARRAGANSETT BAY STA 10 / NORTHEAST / NARRAGANSETT BAY,00011,STORET Rhode,,HWIN-VAR-001,71.0,
STORET_Rhode_UNB10_19661026_      1045,STORET_Rhode,UNB10,00011,55.0,,1966-10-26T10:45:00,41.720278,-71.338056,US,Rhode,RI_Bristol,UPPER NARRAGANSETT BAY STA 10 / NORTHEAST / NARRAGANSETT BAY,00011,STORET Rhode,,HWIN-VAR-001,55.0,
STORET_Rhode_UNB10_19661116_      1145,STORET_Rhode,UNB10,00011,46.0,,1966-11-16T11:45:00,41.720278,-71.338056,US,Rhode,RI_Bristol,UPPER NARRAGANSETT BAY STA 10 / NORTHEAST / NARRAGANSETT BAY,00011,STORET Rhode,,HWIN-VAR-001,46.0,
STORET_Rhode_UNB10_19661123_      1020,STORET_Rhode,UNB10,00011,42.0,,1966-11-23T10:20:00,41.720278,-71.338056,US,Rhode,RI_Bristol,UPPER NARRAGANSETT BAY STA 10 / NORTHEAST / NARRAGANSETT BAY,00011,STORET Rhode,,HWIN-VAR-001,42.0,
STORET_Rhode_UNB10_19661130_      1105,STORET_Rhode,UNB10,00011,48.0,,1966-11-30T11:05:00,41.720278,-71.338056,US,Rhode,RI_Bristol,UPPER NARRAGANSETT BAY STA 10 / NORTHEAST / NARRAGANSETT BAY,00011,STORET Rhode,,HWIN-VAR-001,48.0,
STORET_Rhode_UNB10_19661208_      0950,STORET_Rhode,UNB10,00011,44.0,,1966-12-08T09:50:00,41.720278,-71.338056,US,Rhode,RI_Bristol,UPPER NARRAGANSETT BAY STA 10 / NORTHEAST / NARRAGANSETT BAY,00011,STORET Rhode,,HWIN-VAR-001,44.0,
STORET_Rhode_UNB10_19670110_      0949,STORET_Rhode,UNB10,00011,34.0,,1967-01-10T09:49:00,41.720278,-71.338056,US,Rhode,RI_Bristol,UPPER NARRAGANSETT BAY STA 10 / NORTHEAST / NARRAGANSETT BAY,00011,STORET Rhode,,HWIN-VAR-001,34.0,
STORET_Rhode_UNB10_19670117_      0955,STORET_Rhode,UNB10,00011,36.0,,1967-01-17T09:55:00,41.720278,-71.338056,US,Rhode,RI_Bristol,UPPER NARRAGANSETT BAY STA 10 / NORTHEAST / NARRAGANSETT BAY,00011,STORET Rhode,,HWIN-VAR-001,36.0,
STORET_Rhode_UNB10_19670124_      0945,STORET_Rhode,UNB10,00011,40.0,,1967-01-24T09:45:00,41.720278,-71.338056,US,Rhode,RI_Bristol,UPPER NARRAGANSETT BAY STA 10 / NORTHEAST / NARRAGANSETT BAY,00011,STORET Rhode,,HWIN-VAR-001,40.0,
STORET_Rhode_UNB10_19670131_      0945,STORET_Rhode,UNB10,00011,36.0,,1967-01-31T09:45:00,41.720278,-71.338056,US,Rhode,RI_Bristol,UPPER NARRAGANSETT BAY STA 10 / NORTHEAST / NARRAGANSETT BAY,00011,STORET Rhode,,HWIN-VAR-001,36.0,
STORET_Rhode_UNB10_19670302_      1002,STORET_Rhode,UNB10,00011,33.0,,1967-03-02T10:02:00,41.720278,-71.338056,US,Rhode,RI_Bristol,UPPER NARRAGANSETT BAY STA 10 / NORTHEAST / NARRAGANSETT BAY,00011,STORET Rhode,,HWIN-VAR-001,33.0,
STORET_Rhode_UNB10_19670309_      0953,STORET_Rhode,UNB10,00011,35.0,,1967-03-09T09:53:00,41.720278,-71.338056,US,Rhode,RI_Bristol,UPPER NARRAGANSETT BAY STA 10 / NORTHEAST / NARRAGANSETT BAY,00011,STORET Rhode,,HWIN-VAR-001,35.0,
STORET_Rhode_UNB10_19670330_      1018,STORET_Rhode,UNB10,00011,41.0,,1967-03-30T10:18:00,41.720278,-71.338056,US,Rhode,RI_Bristol,UPPER NARRAGANSETT BAY STA 10 / NORTHEAST / NARRAGANSETT BAY,00011,STORET Rhode,,HWIN-VAR-001,41.0,
STORET_Rhode_UNB10_19670406_      0938,STORET_Rhode,UNB10,00011,42.0,,1967-04-06T09:38:00,41.720278,-71.338056,US,Rhode,RI_Bristol,UPPER NARRAGANSETT BAY STA 10 / NORTHEAST / NARRAGANSETT BAY,00011,STORET Rhode,,HWIN-VAR-001,42.0,
STORET_Rhode_UNB10_19670413_      1040,STORET_Rhode,UNB10,00011,44.0,,1967-04-13T10:40:00,41.720278,-71.338056,US,Rhode,RI_Bristol,UPPER NARRAGANSETT BAY STA 10 / NORTHEAST / NARRAGANSETT BAY,00011,STORET Rhode,,HWIN-VAR-001,44.0,
STORET_Rhode_UNB10_19670426_      1031,STORET_Rhode,UNB10,00011,46.0,,1967-04-26T10:31:00,41.720278,-71.338056,US,Rhode,RI_Bristol,UPPER NARRAGANSETT BAY STA 10 / NORTHEAST / NARRAGANSETT BAY,00011,STORET Rhode,,HWIN-VAR-001,46.0,
STORET_Rhode_UNB10_19670503_      1103,STORET_Rhode,UNB10,00011,51.0,,1967-05-03T11:03:00,41.720278,-71.338056,US,Rhode,RI_Bristol,UPPER NARRAGANSETT BAY STA 10 / NORTHEAST / NARRAGANSETT BAY,00011,STORET Rhode,,HWIN-VAR-001,51.0,
STORET_Rhode_UNB10_19670510_      0931,STORET_Rhode,UNB10,00011,50.0,,1967-05-10T09:31:00,41.720278,-71.338056,US,Rhode,RI_Bristol,UPPER NARRAGANSETT BAY STA 10 / NORTHEAST / NARRAGANSETT BAY,00011,STORET Rhode,,HWIN-VAR-001,50.0,
STORET_Rhode_UNB10_19670517_      0907,STORET_Rhode,UNB10,00011,53.0,,1967-05-17T09:07:00,41.720278,-71.338056,US,Rhode,RI_Bristol,UPPER NARRAGANSETT BAY STA 10 / NORTHEAST / NARRAGANSETT BAY,00011,STORET Rhode,,HWIN-VAR-001,53.0,
STORET_Rhode_UNB10_19670524_      0945,STORET_Rhode,UNB10,00011,55.0,,1967-05-24T09:45:00,41.720278,-71.338056,US,Rhode,RI_Bristol,UPPER NARRAGANSETT BAY STA 10 / NORTHEAST / NARRAGANSETT BAY,00011,STORET Rhode,,HWIN-VAR-001,55.0,
STORET_Rhode_UNB10_19670607_      0855,STORET_Rhode,UNB10,00011,68.0,,1967-06-07T08:55:00,41.720278,-71.338056,US,Rhode,RI_Bristol,UPPER NARRAGANSETT BAY STA 10 / NORTHEAST / NARRAGANSETT BAY,00011,STORET Rhode,,HWIN-VAR-001,68.0,
STORET_Rhode_UNB10_19670614_      0902,STORET_Rhode,UNB10,00011,64.0,,1967-06-14T09:02:00,41.720278,-71.338056,US,Rhode,RI_Bristol,UPPER NARRAGANSETT BAY STA 10 / NORTHEAST / NARRAGANSETT BAY,00011,STORET Rhode,,HWIN-VAR-001,64.0,
STORET_Rhode_UNB10_19670628_      0844,STORET_Rhode,UNB10,00011,68.0,,1967-06-28T08:44:00,41.720278,-71.338056,US,Rhode,RI_Bristol,UPPER NARRAGANSETT BAY STA 10 / NORTHEAST / NARRAGANSETT BAY,00011,STORET Rhode,,HWIN-VAR-001,68.0,
STORET_Rhode_UNB10_19670705_      0853,STORET_Rhode,UNB10,00011,70.0,,1967-07-05T08:53:00,41.720278,-71.338056,US,Rhode,RI_Bristol,UPPER NARRAGANSETT BAY STA 10 / NORTHEAST / NARRAGANSETT BAY,00011,STORET Rhode,,HWIN-VAR-001,70.0,
STORET_Rhode_UNB10_19670713_      0850,STORET_Rhode,UNB10,00011,71.0,,1967-07-13T08:50:00,41.720278,-71.338056,US,Rhode,RI_Bristol,UPPER NARRAGANSETT BAY STA 10 / NORTHEAST / NARRAGANSETT BAY,00011,STORET Rhode,,HWIN-VAR-001,71.0,
STORET_Rhode_UNB10_19670726_      0820,STORET_Rhode,UNB10,00011,74.0,,1967-07-26T08:20:00,41.720278,-71.338056,US,Rhode,RI_Bristol,UPPER NARRAGANSETT BAY STA 10 / NORTHEAST / NARRAGANSETT BAY,00011,STORET Rhode,,HWIN-VAR-001,74.0,
STORET_Rhode_UNB10_19670802_      0850,STORET_Rhode,UNB10,00011,75.0,,1967-08-02T08:50:00,41.720278,-71.338056,US,Rhode,RI_Bristol,UPPER NARRAGANSETT BAY STA 10 / NORTHEAST / NARRAGANSETT BAY,00011,STORET Rhode,,HWIN-VAR-001,75.0,
STORET_Rhode_UNB10_19670809_      0845,STORET_Rhode,UNB10,00011,73.0,,1967-08-09T08:45:00,41.720278,-71.338056,US,Rhode,RI_Bristol,UPPER NARRAGANSETT BAY STA 10 / NORTHEAST / NARRAGANSETT BAY,00011,STORET Rhode,,HWIN-VAR-001,73.0,
STORET_Rhode_UNB10_19670823_      0857,STORET_Rhode,UNB10,00011,75.0,,1967-08-23T08:57:00,41.720278,-71.338056,US,Rhode,RI_Bristol,UPPER NARRAGANSETT BAY STA 10 / NORTHEAST / NARRAGANSETT BAY,00011,STORET Rhode,,HWIN-VAR-001,75.0,
STORET_Rhode_UNB10_19670830_      0913,STORET_Rhode,UNB10,00011,73.0,,1967-08-30T09:13:00,41.720278,-71.338056,US,Rhode,RI_Bristol,UPPER NARRAGANSETT BAY STA 10 / NORTHEAST / NARRAGANSETT BAY,00011,STORET Rhode,,HWIN-VAR-001,73.0,
STORET_Rhode_UNB10_19670906_      0849,STORET_Rhode,UNB10,00011,68.0,,1967-09-06T08:49:00,41.720278,-71.338056,US,Rhode,RI_Bristol,UPPER NARRAGANSETT BAY STA 10 / NORTHEAST / NARRAGANSETT BAY,00011,STORET Rhode,,HWIN-VAR-001,68.0,
STORET_Rhode_UNB10_19670920_      0835,STORET_Rhode,UNB10,00011,65.0,,1967-09-20T08:35:00,41.720278,-71.338056,US,Rhode,RI_Bristol,UPPER NARRAGANSETT BAY STA 10 / NORTHEAST / NARRAGANSETT BAY,00011,STORET Rhode,,HWIN-VAR-001,65.0,
STORET_Rhode_UNB10_19671004_      0851,STORET_Rhode,UNB10,00011,66.0,,1967-10-04T08:51:00,41.720278,-71.338056,US,Rhode,RI_Bristol,UPPER NARRAGANSETT BAY STA 10 / NORTHEAST / NARRAGANSETT BAY,00011,STORET Rhode,,HWIN-VAR-001,66.0,
STORET_Rhode_UNB10_19671011_      0905,STORET_Rhode,UNB10,00011,60.0,,1967-10-11T09:05:00,41.720278,-71.338056,US,Rhode,RI_Bristol,UPPER NARRAGANSETT BAY STA 10 / NORTHEAST / NARRAGANSETT BAY,00011,STORET Rhode,,HWIN-VAR-001,60.0,
STORET_Rhode_UNB10_19671018_      0840,STORET_Rhode,UNB10,00011,60.0,,1967-10-18T08:40:00,41.720278,-71.338056,US,Rhode,RI_Bristol,UPPER NARRAGANSETT BAY STA 10 / NORTHEAST / NARRAGANSETT BAY,00011,STORET Rhode,,HWIN-VAR-001,60.0,
STORET_Rhode_UNB10_19671101_      0955,STORET_Rhode,UNB10,00011,52.0,,1967-11-01T09:55:00,41.720278,-71.338056,US,Rhode,RI_Bristol,UPPER NARRAGANSETT BAY STA 10 / NORTHEAST / NARRAGANSETT BAY,00011,STORET Rhode,,HWIN-VAR-001,52.0,
STORET_Rhode_UNB10_19671108_      0945,STORET_Rhode,UNB10,00011,48.0,,1967-11-08T09:45:00,41.720278,-71.338056,US,Rhode,RI_Bristol,UPPER NARRAGANSETT BAY STA 10 / NORTHEAST / NARRAGANSETT BAY,00011,STORET Rhode,,HWIN-VAR-001,48.0,
STORET_Rhode_UNB10_19671115_      1007,STORET_Rhode,UNB10,00011,47.0,,1967-11-15T10:07:00,41.720278,-71.338056,US,Rhode,RI_Bristol,UPPER NARRAGANSETT BAY STA 10 / NORTHEAST / NARRAGANSETT BAY,00011,STORET Rhode,,HWIN-VAR-001,47.0,
STORET_Rhode_UNB10_19671129_      1000,STORET_Rhode,UNB10,00011,40.0,,1967-11-29T10:00:00,41.720278,-71.338056,US,Rhode,RI_Bristol,UPPER NARRAGANSETT BAY STA 10 / NORTHEAST / NARRAGANSETT BAY,00011,STORET Rhode,,HWIN-VAR-001,40.0,
STORET_Rhode_UNB10_19671206_      0955,STORET_Rhode,UNB10,00011,38.0,,1967-12-06T09:55:00,41.720278,-71.338056,US,Rhode,RI_Bristol,UPPER NARRAGANSETT BAY STA 10 / NORTHEAST / NARRAGANSETT BAY,00011,STORET Rhode,,HWIN-VAR-001,38.0,
STORET_Rhode_UNB10_19671213_      1007,STORET_Rhode,UNB10,00011,42.0,,1967-12-13T10:07:00,41.720278,-71.338056,US,Rhode,RI_Bristol,UPPER NARRAGANSETT BAY STA 10 / NORTHEAST / NARRAGANSETT BAY,00011,STORET Rhode,,HWIN-VAR-001,42.0,
STORET_Rhode_UNB10_19680124_      1035,STORET_Rhode,UNB10,00011,32.0,,1968-01-24T10:35:00,41.720278,-71.338056,US,Rhode,RI_Bristol,UPPER NARRAGANSETT BAY STA 10 / NORTHEAST / NARRAGANSETT BAY,00011,STORET Rhode,,HWIN-VAR-001,32.0,
STORET_Rhode_UNB10_19680207_      1022,STORET_Rhode,UNB10,00011,34.0,,1968-02-07T10:22:00,41.720278,-71.338056,US,Rhode,RI_Bristol,UPPER NARRAGANSETT BAY STA 10 / NORTHEAST / NARRAGANSETT BAY,00011,STORET Rhode,,HWIN-VAR-001,34.0,
STORET_Rhode_UNB10_19680327_      1055,STORET_Rhode,UNB10,00011,41.0,,1968-03-27T10:55:00,41.720278,-71.338056,US,Rhode,RI_Bristol,UPPER NARRAGANSETT BAY STA 10 / NORTHEAST / NARRAGANSETT BAY,00011,STORET Rhode,,HWIN-VAR-001,41.0,
STORET_Rhode_UNB10_19680403_      1044,STORET_Rhode,UNB10,00011,42.0,,1968-04-03T10:44:00,41.720278,-71.338056,US,Rhode,RI_Bristol,UPPER NARRAGANSETT BAY STA 10 / NORTHEAST / NARRAGANSETT BAY,00011,STORET Rhode,,HWIN-VAR-001,42.0,
STORET_Rhode_UNB10_19680410_      0935,STORET_Rhode,UNB10,00011,44.0,,1968-04-10T09:35:00,41.720278,-71.338056,US,Rhode,RI_Bristol,UPPER NARRAGANSETT BAY STA 10 / NORTHEAST / NARRAGANSETT BAY,00011,STORET Rhode,,HWIN-VAR-001,44.0,
STORET_Rhode_UNB10_19680418_      1027,STORET_Rhode,UNB10,00011,49.0,,1968-04-18T10:27:00,41.720278,-71.338056,US,Rhode,RI_Bristol,UPPER NARRAGANSETT BAY STA 10 / NORTHEAST / NARRAGANSETT BAY,00011,STORET Rhode,,HWIN-VAR-001,49.0,
STORET_Rhode_UNB10_19680501_      0920,STORET_Rhode,UNB10,00011,55.0,,1968-05-01T09:20:00,41.720278,-71.338056,US,Rhode,RI_Bristol,UPPER NARRAGANSETT BAY STA 10 / NORTHEAST / NARRAGANSETT BAY,00011,STORET Rhode,,HWIN-VAR-001,55.0,
STORET_Rhode_UNB10_19680508_      0901,STORET_Rhode,UNB10,00011,52.0,,1968-05-08T09:01:00,41.720278,-71.338056,US,Rhode,RI_Bristol,UPPER NARRAGANSETT BAY STA 10 / NORTHEAST / NARRAGANSETT BAY,00011,STORET Rhode,,HWIN-VAR-001,52.0,
STORET_Rhode_UNB10_19680515_      0915,STORET_Rhode,UNB10,00011,58.0,,1968-05-15T09:15:00,41.720278,-71.338056,US,Rhode,RI_Bristol,UPPER NARRAGANSETT BAY STA 10 / NORTHEAST / NARRAGANSETT BAY,00011,STORET Rhode,,HWIN-VAR-001,58.0,
STORET_Rhode_UNB10_19680522_      0924,STORET_Rhode,UNB10,00011,58.0,,1968-05-22T09:24:00,41.720278,-71.338056,US,Rhode,RI_Bristol,UPPER NARRAGANSETT BAY STA 10 / NORTHEAST / NARRAGANSETT BAY,00011,STORET Rhode,,HWIN-VAR-001,58.0,
STORET_Rhode_UNB10_19680605_      0946,STORET_Rhode,UNB10,00011,60.0,,1968-06-05T09:46:00,41.720278,-71.338056,US,Rhode,RI_Bristol,UPPER NARRAGANSETT BAY STA 10 / NORTHEAST / NARRAGANSETT BAY,00011,STORET Rhode,,HWIN-VAR-001,60.0,
STORET_Rhode_UNB10_19680619_      0957,STORET_Rhode,UNB10,00011,64.0,,1968-06-19T09:57:00,41.720278,-71.338056,US,Rhode,RI_Bristol,UPPER NARRAGANSETT BAY STA 10 / NORTHEAST / NARRAGANSETT BAY,00011,STORET Rhode,,HWIN-VAR-001,64.0,
STORET_Rhode_UNB10_19680724_      0950,STORET_Rhode,UNB10,00011,76.0,,1968-07-24T09:50:00,41.720278,-71.338056,US,Rhode,RI_Bristol,UPPER NARRAGANSETT BAY STA 10 / NORTHEAST / NARRAGANSETT BAY,00011,STORET Rhode,,HWIN-VAR-001,76.0,
STORET_Rhode_UNB10_19680731_      1010,STORET_Rhode,UNB10,00011,70.0,,1968-07-31T10:10:00,41.720278,-71.338056,US,Rhode,RI_Bristol,UPPER NARRAGANSETT BAY STA 10 / NORTHEAST / NARRAGANSETT BAY,00011,STORET Rhode,,HWIN-VAR-001,70.0,
STORET_Rhode_UNB10_19680807_      1010,STORET_Rhode,UNB10,00011,74.0,,1968-08-07T10:10:00,41.720278,-71.338056,US,Rhode,RI_Bristol,UPPER NARRAGANSETT BAY STA 10 / NORTHEAST / NARRAGANSETT BAY,00011,STORET Rhode,,HWIN-VAR-001,74.0,
STORET_Rhode_UNB10_19680828_      0955,STORET_Rhode,UNB10,00011,68.0,,1968-08-28T09:55:00,41.720278,-71.338056,US,Rhode,RI_Bristol,UPPER NARRAGANSETT BAY STA 10 / NORTHEAST / NARRAGANSETT BAY,00011,STORET Rhode,,HWIN-VAR-001,68.0,
STORET_Rhode_UNB10_19680918_      0903,STORET_Rhode,UNB10,00011,66.0,,1968-09-18T09:03:00,41.720278,-71.338056,US,Rhode,RI_Bristol,UPPER NARRAGANSETT BAY STA 10 / NORTHEAST / NARRAGANSETT BAY,00011,STORET Rhode,,HWIN-VAR-001,66.0,
STORET_Rhode_UNB10_19680925_      0903,STORET_Rhode,UNB10,00011,67.0,,1968-09-25T09:03:00,41.720278,-71.338056,US,Rhode,RI_Bristol,UPPER NARRAGANSETT BAY STA 10 / NORTHEAST / NARRAGANSETT BAY,00011,STORET Rhode,,HWIN-VAR-001,67.0,
STORET_Rhode_UNB10_19681002_      1055,STORET_Rhode,UNB10,00011,68.0,,1968-10-02T10:55:00,41.720278,-71.338056,US,Rhode,RI_Bristol,UPPER NARRAGANSETT BAY STA 10 / NORTHEAST / NARRAGANSETT BAY,00011,STORET Rhode,,HWIN-VAR-001,68.0,
STORET_Rhode_UNB10_19681009_      0918,STORET_Rhode,UNB10,00011,58.0,,1968-10-09T09:18:00,41.720278,-71.338056,US,Rhode,RI_Bristol,UPPER NARRAGANSETT BAY STA 10 / NORTHEAST / NARRAGANSETT BAY,00011,STORET Rhode,,HWIN-VAR-001,58.0,
STORET_Rhode_UNB10_19681017_      0903,STORET_Rhode,UNB10,00011,62.0,,1968-10-17T09:03:00,41.720278,-71.338056,US,Rhode,RI_Bristol,UPPER NARRAGANSETT BAY STA 10 / NORTHEAST / NARRAGANSETT BAY,00011,STORET Rhode,,HWIN-VAR-001,62.0,
STORET_Rhode_UNB10_19681023_      0915,STORET_Rhode,UNB10,00011,60.0,,1968-10-23T09:15:00,41.720278,-71.338056,US,Rhode,RI_Bristol,UPPER NARRAGANSETT BAY STA 10 / NORTHEAST / NARRAGANSETT BAY,00011,STORET Rhode,,HWIN-VAR-001,60.0,
STORET_Rhode_UNB10_19681030_      1055,STORET_Rhode,UNB10,00011,56.0,,1968-10-30T10:55:00,41.720278,-71.338056,US,Rhode,RI_Bristol,UPPER NARRAGANSETT BAY STA 10 / NORTHEAST / NARRAGANSETT BAY,00011,STORET Rhode,,HWIN-VAR-001,56.0,
STORET_Rhode_UNB10_19681106_      1110,STORET_Rhode,UNB10,00011,54.0,,1968-11-06T11:10:00,41.720278,-71.338056,US,Rhode,RI_Bristol,UPPER NARRAGANSETT BAY STA 10 / NORTHEAST / NARRAGANSETT BAY,00011,STORET Rhode,,HWIN-VAR-001,54.0,
STORET_Rhode_UNB10_19690115_      1120,STORET_Rhode,UNB10,00011,33.0,,1969-01-15T11:20:00,41.720278,-71.338056,US,Rhode,RI_Bristol,UPPER NARRAGANSETT BAY STA 10 / NORTHEAST / NARRAGANSETT BAY,00011,STORET Rhode,,HWIN-VAR-001,33.0,
STORET_Rhode_UNB10_19690122_      1010,STORET_Rhode,UNB10,00011,35.0,,1969-01-22T10:10:00,41.720278,-71.338056,US,Rhode,RI_Bristol,UPPER NARRAGANSETT BAY STA 10 / NORTHEAST / NARRAGANSETT BAY,00011,STORET Rhode,,HWIN-VAR-001,35.0,
STORET_Rhode_UNB10_19690319_      1037,STORET_Rhode,UNB10,00011,36.0,,1969-03-19T10:37:00,41.720278,-71.338056,US,Rhode,RI_Bristol,UPPER NARRAGANSETT BAY STA 10 / NORTHEAST / NARRAGANSETT BAY,00011,STORET Rhode,,HWIN-VAR-001,36.0,
STORET_Rhode_UNB10_19690401_      1037,STORET_Rhode,UNB10,00011,40.0,,1969-04-01T10:37:00,41.720278,-71.338056,US,Rhode,RI_Bristol,UPPER NARRAGANSETT BAY STA 10 / NORTHEAST / NARRAGANSETT BAY,00011,STORET Rhode,,HWIN-VAR-001,40.0,
STORET_Rhode_UNB10_19690408_      1000,STORET_Rhode,UNB10,00011,47.0,,1969-04-08T10:00:00,41.720278,-71.338056,US,Rhode,RI_Bristol,UPPER NARRAGANSETT BAY STA 10 / NORTHEAST / NARRAGANSETT BAY,00011,STORET Rhode,,HWIN-VAR-001,47.0,
STORET_Rhode_UNB10_19690415_      0948,STORET_Rhode,UNB10,00011,47.0,,1969-04-15T09:48:00,41.720278,-71.338056,US,Rhode,RI_Bristol,UPPER NARRAGANSETT BAY STA 10 / NORTHEAST / NARRAGANSETT BAY,00011,STORET Rhode,,HWIN-VAR-001,47.0,
STORET_Rhode_UNB10_19690424_      1005,STORET_Rhode,UNB10,00011,51.0,,1969-04-24T10:05:00,41.720278,-71.338056,US,Rhode,RI_Bristol,UPPER NARRAGANSETT BAY STA 10 / NORTHEAST / NARRAGANSETT BAY,00011,STORET Rhode,,HWIN-VAR-001,51.0,
STORET_Rhode_UNB10_19690506_      0935,STORET_Rhode,UNB10,00011,54.0,,1969-05-06T09:35:00,41.720278,-71.338056,US,Rhode,RI_Bristol,UPPER NARRAGANSETT BAY STA 10 / NORTHEAST / NARRAGANSETT BAY,00011,STORET Rhode,,HWIN-VAR-001,54.0,
STORET_Rhode_UNB10_19690514_      0845,STORET_Rhode,UNB10,00011,56.0,,1969-05-14T08:45:00,41.720278,-71.338056,US,Rhode,RI_Bristol,UPPER NARRAGANSETT BAY STA 10 / NORTHEAST / NARRAGANSETT BAY,00011,STORET Rhode,,HWIN-VAR-001,56.0,
STORET_Rhode_UNB10_19690521_      0900,STORET_Rhode,UNB10,00011,60.0,,1969-05-21T09:00:00,41.720278,-71.338056,US,Rhode,RI_Bristol,UPPER NARRAGANSETT BAY STA 10 / NORTHEAST / NARRAGANSETT BAY,00011,STORET Rhode,,HWIN-VAR-001,60.0,
STORET_Rhode_UNB10_19690528_      0937,STORET_Rhode,UNB10,00011,61.0,,1969-05-28T09:37:00,41.720278,-71.338056,US,Rhode,RI_Bristol,UPPER NARRAGANSETT BAY STA 10 / NORTHEAST / NARRAGANSETT BAY,00011,STORET Rhode,,HWIN-VAR-001,61.0,
STORET_Rhode_UNB10_19690604_      0903,STORET_Rhode,UNB10,00011,64.0,,1969-06-04T09:03:00,41.720278,-71.338056,US,Rhode,RI_Bristol,UPPER NARRAGANSETT BAY STA 10 / NORTHEAST / NARRAGANSETT BAY,00011,STORET Rhode,,HWIN-VAR-001,64.0,
STORET_Rhode_UNB10_19690610_      0910,STORET_Rhode,UNB10,00011,68.0,,1969-06-10T09:10:00,41.720278,-71.338056,US,Rhode,RI_Bristol,UPPER NARRAGANSETT BAY STA 10 / NORTHEAST / NARRAGANSETT BAY,00011,STORET Rhode,,HWIN-VAR-001,68.0,
STORET_Rhode_UNB10_19690617_      0930,STORET_Rhode,UNB10,00011,70.0,,1969-06-17T09:30:00,41.720278,-71.338056,US,Rhode,RI_Bristol,UPPER NARRAGANSETT BAY STA 10 / NORTHEAST / NARRAGANSETT BAY,00011,STORET Rhode,,HWIN-VAR-001,70.0,
STORET_Rhode_UNB10_19690701_      0905,STORET_Rhode,UNB10,00011,74.0,,1969-07-01T09:05:00,41.720278,-71.338056,US,Rhode,RI_Bristol,UPPER NARRAGANSETT BAY STA 10 / NORTHEAST / NARRAGANSETT BAY,00011,STORET Rhode,,HWIN-VAR-001,74.0,
STORET_Rhode_UNB10_19690708_      0915,STORET_Rhode,UNB10,00011,70.0,,1969-07-08T09:15:00,41.720278,-71.338056,US,Rhode,RI_Bristol,UPPER NARRAGANSETT BAY STA 10 / NORTHEAST / NARRAGANSETT BAY,00011,STORET Rhode,,HWIN-VAR-001,70.0,
STORET_Rhode_UNB10_19690715_      0907,STORET_Rhode,UNB10,00011,72.0,,1969-07-15T09:07:00,41.720278,-71.338056,US,Rhode,RI_Bristol,UPPER NARRAGANSETT BAY STA 10 / NORTHEAST / NARRAGANSETT BAY,00011,STORET Rhode,,HWIN-VAR-001,72.0,
STORET_Rhode_UNB10_19690722_      0923,STORET_Rhode,UNB10,00011,70.0,,1969-07-22T09:23:00,41.720278,-71.338056,US,Rhode,RI_Bristol,UPPER NARRAGANSETT BAY STA 10 / NORTHEAST / NARRAGANSETT BAY,00011,STORET Rhode,,HWIN-VAR-001,70.0,
STORET_Rhode_UNB10_19690805_      1032,STORET_Rhode,UNB10,00011,77.0,,1969-08-05T10:32:00,41.720278,-71.338056,US,Rhode,RI_Bristol,UPPER NARRAGANSETT BAY STA 10 / NORTHEAST / NARRAGANSETT BAY,00011,STORET Rhode,,HWIN-VAR-001,77.0,
STORET_Rhode_UNB10_19690812_      0902,STORET_Rhode,UNB10,00011,74.0,,1969-08-12T09:02:00,41.720278,-71.338056,US,Rhode,RI_Bristol,UPPER NARRAGANSETT BAY STA 10 / NORTHEAST / NARRAGANSETT BAY,00011,STORET Rhode,,HWIN-VAR-001,74.0,
STORET_Rhode_UNB10_19690826_      0905,STORET_Rhode,UNB10,00011,71.0,,1969-08-26T09:05:00,41.720278,-71.338056,US,Rhode,RI_Bristol,UPPER NARRAGANSETT BAY STA 10 / NORTHEAST / NARRAGANSETT BAY,00011,STORET Rhode,,HWIN-VAR-001,71.0,
STORET_Rhode_UNB10_19690902_      1018,STORET_Rhode,UNB10,00011,78.0,,1969-09-02T10:18:00,41.720278,-71.338056,US,Rhode,RI_Bristol,UPPER NARRAGANSETT BAY STA 10 / NORTHEAST / NARRAGANSETT BAY,00011,STORET Rhode,,HWIN-VAR-001,78.0,
STORET_Rhode_UNB10_19690916_      0915,STORET_Rhode,UNB10,00011,72.0,,1969-09-16T09:15:00,41.720278,-71.338056,US,Rhode,RI_Bristol,UPPER NARRAGANSETT BAY STA 10 / NORTHEAST / NARRAGANSETT BAY,00011,STORET Rhode,,HWIN-VAR-001,72.0,
STORET_Rhode_UNB10_19690924_      0850,STORET_Rhode,UNB10,00011,62.0,,1969-09-24T08:50:00,41.720278,-71.338056,US,Rhode,RI_Bristol,UPPER NARRAGANSETT BAY STA 10 / NORTHEAST / NARRAGANSETT BAY,00011,STORET Rhode,,HWIN-VAR-001,62.0,
STORET_Rhode_UNB10_19690930_      0900,STORET_Rhode,UNB10,00011,61.0,,1969-09-30T09:00:00,41.720278,-71.338056,US,Rhode,RI_Bristol,UPPER NARRAGANSETT BAY STA 10 / NORTHEAST / NARRAGANSETT BAY,00011,STORET Rhode,,HWIN-VAR-001,61.0,
STORET_Rhode_UNB10_19691007_      0905,STORET_Rhode,UNB10,00011,60.0,,1969-10-07T09:05:00,41.720278,-71.338056,US,Rhode,RI_Bristol,UPPER NARRAGANSETT BAY STA 10 / NORTHEAST / NARRAGANSETT BAY,00011,STORET Rhode,,HWIN-VAR-001,60.0,
STORET_Rhode_UNB10_19691028_      1127,STORET_Rhode,UNB10,00011,52.0,,1969-10-28T11:27:00,41.720278,-71.338056,US,Rhode,RI_Bristol,UPPER NARRAGANSETT BAY STA 10 / NORTHEAST / NARRAGANSETT BAY,00011,STORET Rhode,,HWIN-VAR-001,52.0,
STORET_Rhode_UNB10_19691112_      1010,STORET_Rhode,UNB10,00011,50.0,,1969-11-12T10:10:00,41.720278,-71.338056,US,Rhode,RI_Bristol,UPPER NARRAGANSETT BAY STA 10 / NORTHEAST / NARRAGANSETT BAY,00011,STORET Rhode,,HWIN-VAR-001,50.0,
STORET_Rhode_UNB10_19691118_      1025,STORET_Rhode,UNB10,00011,46.0,,1969-11-18T10:25:00,41.720278,-71.338056,US,Rhode,RI_Bristol,UPPER NARRAGANSETT BAY STA 10 / NORTHEAST / NARRAGANSETT BAY,00011,STORET Rhode,,HWIN-VAR-001,46.0,
STORET_Rhode_UNB10_19700304_      0925,STORET_Rhode,UNB10,00011,34.0,,1970-03-04T09:25:00,41.720278,-71.338056,US,Rhode,RI_Bristol,UPPER NARRAGANSETT BAY STA 10 / NORTHEAST / NARRAGANSETT BAY,00011,STORET Rhode,,HWIN-VAR-001,34.0,
STORET_Rhode_UNB10_19700310_      0940,STORET_Rhode,UNB10,00011,34.0,,1970-03-10T09:40:00,41.720278,-71.338056,US,Rhode,RI_Bristol,UPPER NARRAGANSETT BAY STA 10 / NORTHEAST / NARRAGANSETT BAY,00011,STORET Rhode,,HWIN-VAR-001,34.0,
STORET_Rhode_UNB10_19700325_      1020,STORET_Rhode,UNB10,00011,38.0,,1970-03-25T10:20:00,41.720278,-71.338056,US,Rhode,RI_Bristol,UPPER NARRAGANSETT BAY STA 10 / NORTHEAST / NARRAGANSETT BAY,00011,STORET Rhode,,HWIN-VAR-001,38.0,
STORET_Rhode_UNB10_19700609_      1050,STORET_Rhode,UNB10,00011,65.0,,1970-06-09T10:50:00,41.720278,-71.338056,US,Rhode,RI_Bristol,UPPER NARRAGANSETT BAY STA 10 / NORTHEAST / NARRAGANSETT BAY,00011,STORET Rhode,,HWIN-VAR-001,65.0,
STORET_Rhode_UNB10_19700624_      1035,STORET_Rhode,UNB10,00011,68.0,,1970-06-24T10:35:00,41.720278,-71.338056,US,Rhode,RI_Bristol,UPPER NARRAGANSETT BAY STA 10 / NORTHEAST / NARRAGANSETT BAY,00011,STORET Rhode,,HWIN-VAR-001,68.0,
STORET_Rhode_UNB10_19700701_      0900,STORET_Rhode,UNB10,00011,66.0,,1970-07-01T09:00:00,41.720278,-71.338056,US,Rhode,RI_Bristol,UPPER NARRAGANSETT BAY STA 10 / NORTHEAST / NARRAGANSETT BAY,00011,STORET Rhode,,HWIN-VAR-001,66.0,
STORET_Rhode_UNB10_19700707_      0817,STORET_Rhode,UNB10,00011,70.0,,1970-07-07T08:17:00,41.720278,-71.338056,US,Rhode,RI_Bristol,UPPER NARRAGANSETT BAY STA 10 / NORTHEAST / NARRAGANSETT BAY,00011,STORET Rhode,,HWIN-VAR-001,70.0,
STORET_Rhode_UNB10_19700714_      0942,STORET_Rhode,UNB10,00011,73.0,,1970-07-14T09:42:00,41.720278,-71.338056,US,Rhode,RI_Bristol,UPPER NARRAGANSETT BAY STA 10 / NORTHEAST / NARRAGANSETT BAY,00011,STORET Rhode,,HWIN-VAR-001,73.0,
STORET_Rhode_UNB10_19700721_      0920,STORET_Rhode,UNB10,00011,73.0,,1970-07-21T09:20:00,41.720278,-71.338056,US,Rhode,RI_Bristol,UPPER NARRAGANSETT BAY STA 10 / NORTHEAST / NARRAGANSETT BAY,00011,STORET Rhode,,HWIN-VAR-001,73.0,
STORET_Rhode_UNB10_19700728_      0945,STORET_Rhode,UNB10,00011,78.0,,1970-07-28T09:45:00,41.720278,-71.338056,US,Rhode,RI_Bristol,UPPER NARRAGANSETT BAY STA 10 / NORTHEAST / NARRAGANSETT BAY,00011,STORET Rhode,,HWIN-VAR-001,78.0,
STORET_Rhode_UNB10_19700804_      0930,STORET_Rhode,UNB10,00011,76.0,,1970-08-04T09:30:00,41.720278,-71.338056,US,Rhode,RI_Bristol,UPPER NARRAGANSETT BAY STA 10 / NORTHEAST / NARRAGANSETT BAY,00011,STORET Rhode,,HWIN-VAR-001,76.0,
STORET_Rhode_UNB10_19700812_      0850,STORET_Rhode,UNB10,00011,71.0,,1970-08-12T08:50:00,41.720278,-71.338056,US,Rhode,RI_Bristol,UPPER NARRAGANSETT BAY STA 10 / NORTHEAST / NARRAGANSETT BAY,00011,STORET Rhode,,HWIN-VAR-001,71.0,
STORET_Rhode_UNB10_19700818_      0935,STORET_Rhode,UNB10,00011,74.0,,1970-08-18T09:35:00,41.720278,-71.338056,US,Rhode,RI_Bristol,UPPER NARRAGANSETT BAY STA 10 / NORTHEAST / NARRAGANSETT BAY,00011,STORET Rhode,,HWIN-VAR-001,74.0,
STORET_Rhode_UNB10_19700825_      0907,STORET_Rhode,UNB10,00011,73.0,,1970-08-25T09:07:00,41.720278,-71.338056,US,Rhode,RI_Bristol,UPPER NARRAGANSETT BAY STA 10 / NORTHEAST / NARRAGANSETT BAY,00011,STORET Rhode,,HWIN-VAR-001,73.0,
STORET_Rhode_UNB10_19700929_      0836,STORET_Rhode,UNB10,00011,66.0,,1970-09-29T08:36:00,41.720278,-71.338056,US,Rhode,RI_Bristol,UPPER NARRAGANSETT BAY STA 10 / NORTHEAST / NARRAGANSETT BAY,00011,STORET Rhode,,HWIN-VAR-001,66.0,
STORET_Rhode_UNB10_19701013_      0955,STORET_Rhode,UNB10,00011,66.0,,1970-10-13T09:55:00,41.720278,-71.338056,US,Rhode,RI_Bristol,UPPER NARRAGANSETT BAY STA 10 / NORTHEAST / NARRAGANSETT BAY,00011,STORET Rhode,,HWIN-VAR-001,66.0,
STORET_Rhode_UNB10_19701021_      0915,STORET_Rhode,UNB10,00011,58.0,,1970-10-21T09:15:00,41.720278,-71.338056,US,Rhode,RI_Bristol,UPPER NARRAGANSETT BAY STA 10 / NORTHEAST / NARRAGANSETT BAY,00011,STORET Rhode,,HWIN-VAR-001,58.0,
STORET_Rhode_UNB10_19701124_      1030,STORET_Rhode,UNB10,00011,48.0,,1970-11-24T10:30:00,41.720278,-71.338056,US,Rhode,RI_Bristol,UPPER NARRAGANSETT BAY STA 10 / NORTHEAST / NARRAGANSETT BAY,00011,STORET Rhode,,HWIN-VAR-001,48.0,
STORET_Rhode_UNB10_19701201_      1015,STORET_Rhode,UNB10,00011,48.0,,1970-12-01T10:15:00,41.720278,-71.338056,US,Rhode,RI_Bristol,UPPER NARRAGANSETT BAY STA 10 / NORTHEAST / NARRAGANSETT BAY,00011,STORET Rhode,,HWIN-VAR-001,48.0,
STORET_Rhode_UNB10_19701208_      1055,STORET_Rhode,UNB10,00011,40.0,,1970-12-08T10:55:00,41.720278,-71.338056,US,Rhode,RI_Bristol,UPPER NARRAGANSETT BAY STA 10 / NORTHEAST / NARRAGANSETT BAY,00011,STORET Rhode,,HWIN-VAR-001,40.0,
STORET_Rhode_UNB10_19710112_      1215,STORET_Rhode,UNB10,00011,34.0,,1971-01-12T12:15:00,41.720278,-71.338056,US,Rhode,RI_Bristol,UPPER NARRAGANSETT BAY STA 10 / NORTHEAST / NARRAGANSETT BAY,00011,STORET Rhode,,HWIN-VAR-001,34.0,
STORET_Rhode_UNB10_19710302_      1025,STORET_Rhode,UNB10,00011,38.0,,1971-03-02T10:25:00,41.720278,-71.338056,US,Rhode,RI_Bristol,UPPER NARRAGANSETT BAY STA 10 / NORTHEAST / NARRAGANSETT BAY,00011,STORET Rhode,,HWIN-VAR-001,38.0,
STORET_Rhode_UNB10_19710316_      1020,STORET_Rhode,UNB10,00011,40.0,,1971-03-16T10:20:00,41.720278,-71.338056,US,Rhode,RI_Bristol,UPPER NARRAGANSETT BAY STA 10 / NORTHEAST / NARRAGANSETT BAY,00011,STORET Rhode,,HWIN-VAR-001,40.0,
STORET_Rhode_UNB10_19710323_      1120,STORET_Rhode,UNB10,00011,38.0,,1971-03-23T11:20:00,41.720278,-71.338056,US,Rhode,RI_Bristol,UPPER NARRAGANSETT BAY STA 10 / NORTHEAST / NARRAGANSETT BAY,00011,STORET Rhode,,HWIN-VAR-001,38.0,
STORET_Rhode_UNB10_19710330_      1035,STORET_Rhode,UNB10,00011,38.0,,1971-03-30T10:35:00,41.720278,-71.338056,US,Rhode,RI_Bristol,UPPER NARRAGANSETT BAY STA 10 / NORTHEAST / NARRAGANSETT BAY,00011,STORET Rhode,,HWIN-VAR-001,38.0,
STORET_Rhode_UNB10_19710413_      1030,STORET_Rhode,UNB10,00011,46.0,,1971-04-13T10:30:00,41.720278,-71.338056,US,Rhode,RI_Bristol,UPPER NARRAGANSETT BAY STA 10 / NORTHEAST / NARRAGANSETT BAY,00011,STORET Rhode,,HWIN-VAR-001,46.0,
STORET_Rhode_UNB10_19710420_      1030,STORET_Rhode,UNB10,00011,45.0,,1971-04-20T10:30:00,41.720278,-71.338056,US,Rhode,RI_Bristol,UPPER NARRAGANSETT BAY STA 10 / NORTHEAST / NARRAGANSETT BAY,00011,STORET Rhode,,HWIN-VAR-001,45.0,
STORET_Rhode_UNB10_19710427_      0915,STORET_Rhode,UNB10,00011,46.0,,1971-04-27T09:15:00,41.720278,-71.338056,US,Rhode,RI_Bristol,UPPER NARRAGANSETT BAY STA 10 / NORTHEAST / NARRAGANSETT BAY,00011,STORET Rhode,,HWIN-VAR-001,46.0,
STORET_Rhode_UNB10_19710504_      0915,STORET_Rhode,UNB10,00011,49.0,,1971-05-04T09:15:00,41.720278,-71.338056,US,Rhode,RI_Bristol,UPPER NARRAGANSETT BAY STA 10 / NORTHEAST / NARRAGANSETT BAY,00011,STORET Rhode,,HWIN-VAR-001,49.0,
STORET_Rhode_UNB10_19710511_      0935,STORET_Rhode,UNB10,00011,51.0,,1971-05-11T09:35:00,41.720278,-71.338056,US,Rhode,RI_Bristol,UPPER NARRAGANSETT BAY STA 10 / NORTHEAST / NARRAGANSETT BAY,00011,STORET Rhode,,HWIN-VAR-001,51.0,
STORET_Rhode_UNB10_19710518_      0925,STORET_Rhode,UNB10,00011,56.0,,1971-05-18T09:25:00,41.720278,-71.338056,US,Rhode,RI_Bristol,UPPER NARRAGANSETT BAY STA 10 / NORTHEAST / NARRAGANSETT BAY,00011,STORET Rhode,,HWIN-VAR-001,56.0,
STORET_Rhode_UNB10_19710525_      0919,STORET_Rhode,UNB10,00011,54.0,,1971-05-25T09:19:00,41.720278,-71.338056,US,Rhode,RI_Bristol,UPPER NARRAGANSETT BAY STA 10 / NORTHEAST / NARRAGANSETT BAY,00011,STORET Rhode,,HWIN-VAR-001,54.0,
STORET_Rhode_UNB10_19710601_      0917,STORET_Rhode,UNB10,00011,57.0,,1971-06-01T09:17:00,41.720278,-71.338056,US,Rhode,RI_Bristol,UPPER NARRAGANSETT BAY STA 10 / NORTHEAST / NARRAGANSETT BAY,00011,STORET Rhode,,HWIN-VAR-001,57.0,
STORET_Rhode_UNB10_19710608_      0918,STORET_Rhode,UNB10,00011,66.0,,1971-06-08T09:18:00,41.720278,-71.338056,US,Rhode,RI_Bristol,UPPER NARRAGANSETT BAY STA 10 / NORTHEAST / NARRAGANSETT BAY,00011,STORET Rhode,,HWIN-VAR-001,66.0,
STORET_Rhode_UNB10_19710615_      0910,STORET_Rhode,UNB10,00011,62.0,,1971-06-15T09:10:00,41.720278,-71.338056,US,Rhode,RI_Bristol,UPPER NARRAGANSETT BAY STA 10 / NORTHEAST / NARRAGANSETT BAY,00011,STORET Rhode,,HWIN-VAR-001,62.0,
STORET_Rhode_UNB10_19710623_      0930,STORET_Rhode,UNB10,00011,70.0,,1971-06-23T09:30:00,41.720278,-71.338056,US,Rhode,RI_Bristol,UPPER NARRAGANSETT BAY STA 10 / NORTHEAST / NARRAGANSETT BAY,00011,STORET Rhode,,HWIN-VAR-001,70.0,
STORET_Rhode_UNB10_19710629_      1000,STORET_Rhode,UNB10,00011,68.0,,1971-06-29T10:00:00,41.720278,-71.338056,US,Rhode,RI_Bristol,UPPER NARRAGANSETT BAY STA 10 / NORTHEAST / NARRAGANSETT BAY,00011,STORET Rhode,,HWIN-VAR-001,68.0,
STORET_Rhode_UNB10_19710708_      0935,STORET_Rhode,UNB10,00011,73.0,,1971-07-08T09:35:00,41.720278,-71.338056,US,Rhode,RI_Bristol,UPPER NARRAGANSETT BAY STA 10 / NORTHEAST / NARRAGANSETT BAY,00011,STORET Rhode,,HWIN-VAR-001,73.0,
STORET_Rhode_UNB10_19710713_      0910,STORET_Rhode,UNB10,00011,69.0,,1971-07-13T09:10:00,41.720278,-71.338056,US,Rhode,RI_Bristol,UPPER NARRAGANSETT BAY STA 10 / NORTHEAST / NARRAGANSETT BAY,00011,STORET Rhode,,HWIN-VAR-001,69.0,
STORET_Rhode_UNB10_19710720_      0925,STORET_Rhode,UNB10,00011,71.0,,1971-07-20T09:25:00,41.720278,-71.338056,US,Rhode,RI_Bristol,UPPER NARRAGANSETT BAY STA 10 / NORTHEAST / NARRAGANSETT BAY,00011,STORET Rhode,,HWIN-VAR-001,71.0,
STORET_Rhode_UNB10_19710727_      1310,STORET_Rhode,UNB10,00011,75.0,,1971-07-27T13:10:00,41.720278,-71.338056,US,Rhode,RI_Bristol,UPPER NARRAGANSETT BAY STA 10 / NORTHEAST / NARRAGANSETT BAY,00011,STORET Rhode,,HWIN-VAR-001,75.0,
STORET_Rhode_UNB10_19710803_      0920,STORET_Rhode,UNB10,00011,78.0,,1971-08-03T09:20:00,41.720278,-71.338056,US,Rhode,RI_Bristol,UPPER NARRAGANSETT BAY STA 10 / NORTHEAST / NARRAGANSETT BAY,00011,STORET Rhode,,HWIN-VAR-001,78.0,
STORET_Rhode_UNB10_19710819_      0912,STORET_Rhode,UNB10,00011,74.0,,1971-08-19T09:12:00,41.720278,-71.338056,US,Rhode,RI_Bristol,UPPER NARRAGANSETT BAY STA 10 / NORTHEAST / NARRAGANSETT BAY,00011,STORET Rhode,,HWIN-VAR-001,74.0,
STORET_Rhode_UNB10_19710824_      0920,STORET_Rhode,UNB10,00011,70.0,,1971-08-24T09:20:00,41.720278,-71.338056,US,Rhode,RI_Bristol,UPPER NARRAGANSETT BAY STA 10 / NORTHEAST / NARRAGANSETT BAY,00011,STORET Rhode,,HWIN-VAR-001,70.0,
STORET_Rhode_UNB10_19710831_      0920,STORET_Rhode,UNB10,00011,69.0,,1971-08-31T09:20:00,41.720278,-71.338056,US,Rhode,RI_Bristol,UPPER NARRAGANSETT BAY STA 10 / NORTHEAST / NARRAGANSETT BAY,00011,STORET Rhode,,HWIN-VAR-001,69.0,
STORET_Rhode_UNB10_19710916_      0930,STORET_Rhode,UNB10,00011,73.0,,1971-09-16T09:30:00,41.720278,-71.338056,US,Rhode,RI_Bristol,UPPER NARRAGANSETT BAY STA 10 / NORTHEAST / NARRAGANSETT BAY,00011,STORET Rhode,,HWIN-VAR-001,73.0,
STORET_Rhode_UNB10_19710923_      0915,STORET_Rhode,UNB10,00011,66.0,,1971-09-23T09:15:00,41.720278,-71.338056,US,Rhode,RI_Bristol,UPPER NARRAGANSETT BAY STA 10 / NORTHEAST / NARRAGANSETT BAY,00011,STORET Rhode,,HWIN-VAR-001,66.0,
STORET_Rhode_UNB10_19710928_      0925,STORET_Rhode,UNB10,00011,65.0,,1971-09-28T09:25:00,41.720278,-71.338056,US,Rhode,RI_Bristol,UPPER NARRAGANSETT BAY STA 10 / NORTHEAST / NARRAGANSETT BAY,00011,STORET Rhode,,HWIN-VAR-001,65.0,
STORET_Rhode_UNB10_19711005_      0920,STORET_Rhode,UNB10,00011,78.0,,1971-10-05T09:20:00,41.720278,-71.338056,US,Rhode,RI_Bristol,UPPER NARRAGANSETT BAY STA 10 / NORTHEAST / NARRAGANSETT BAY,00011,STORET Rhode,,HWIN-VAR-001,78.0,
STORET_Rhode_UNB10_19711012_      0925,STORET_Rhode,UNB10,00011,61.0,,1971-10-12T09:25:00,41.720278,-71.338056,US,Rhode,RI_Bristol,UPPER NARRAGANSETT BAY STA 10 / NORTHEAST / NARRAGANSETT BAY,00011,STORET Rhode,,HWIN-VAR-001,61.0,
STORET_Rhode_UNB10_19711019_      0920,STORET_Rhode,UNB10,00011,60.0,,1971-10-19T09:20:00,41.720278,-71.338056,US,Rhode,RI_Bristol,UPPER NARRAGANSETT BAY STA 10 / NORTHEAST / NARRAGANSETT BAY,00011,STORET Rhode,,HWIN-VAR-001,60.0,
STORET_Rhode_UNB10_19711027_      0935,STORET_Rhode,UNB10,00011,60.0,,1971-10-27T09:35:00,41.720278,-71.338056,US,Rhode,RI_Bristol,UPPER NARRAGANSETT BAY STA 10 / NORTHEAST / NARRAGANSETT BAY,00011,STORET Rhode,,HWIN-VAR-001,60.0,
STORET_Rhode_UNB10_19711103_      1021,STORET_Rhode,UNB10,00011,62.0,,1971-11-03T10:21:00,41.720278,-71.338056,US,Rhode,RI_Bristol,UPPER NARRAGANSETT BAY STA 10 / NORTHEAST / NARRAGANSETT BAY,00011,STORET Rhode,,HWIN-VAR-001,62.0,
STORET_Rhode_UNB10_19711110_      1010,STORET_Rhode,UNB10,00011,49.0,,1971-11-10T10:10:00,41.720278,-71.338056,US,Rhode,RI_Bristol,UPPER NARRAGANSETT BAY STA 10 / NORTHEAST / NARRAGANSETT BAY,00011,STORET Rhode,,HWIN-VAR-001,49.0,
STORET_Rhode_UNB10_19711118_      1019,STORET_Rhode,UNB10,00011,48.0,,1971-11-18T10:19:00,41.720278,-71.338056,US,Rhode,RI_Bristol,UPPER NARRAGANSETT BAY STA 10 / NORTHEAST / NARRAGANSETT BAY,00011,STORET Rhode,,HWIN-VAR-001,48.0,
STORET_Rhode_UNB10_19711123_      1017,STORET_Rhode,UNB10,00011,45.0,,1971-11-23T10:17:00,41.720278,-71.338056,US,Rhode,RI_Bristol,UPPER NARRAGANSETT BAY STA 10 / NORTHEAST / NARRAGANSETT BAY,00011,STORET Rhode,,HWIN-VAR-001,45.0,
STORET_Rhode_UNB10_19711130_      1035,STORET_Rhode,UNB10,00011,43.0,,1971-11-30T10:35:00,41.720278,-71.338056,US,Rhode,RI_Bristol,UPPER NARRAGANSETT BAY STA 10 / NORTHEAST / NARRAGANSETT BAY,00011,STORET Rhode,,HWIN-VAR-001,43.0,
STORET_Rhode_UNB10_19711207_      1005,STORET_Rhode,UNB10,00011,41.0,,1971-12-07T10:05:00,41.720278,-71.338056,US,Rhode,RI_Bristol,UPPER NARRAGANSETT BAY STA 10 / NORTHEAST / NARRAGANSETT BAY,00011,STORET Rhode,,HWIN-VAR-001,41.0,
STORET_Rhode_UNB10_19711213_      1015,STORET_Rhode,UNB10,00011,42.0,,1971-12-13T10:15:00,41.720278,-71.338056,US,Rhode,RI_Bristol,UPPER NARRAGANSETT BAY STA 10 / NORTHEAST / NARRAGANSETT BAY,00011,STORET Rhode,,HWIN-VAR-001,42.0,
STORET_Rhode_UNB10_19711221_      1040,STORET_Rhode,UNB10,00011,38.0,,1971-12-21T10:40:00,41.720278,-71.338056,US,Rhode,RI_Bristol,UPPER NARRAGANSETT BAY STA 10 / NORTHEAST / NARRAGANSETT BAY,00011,STORET Rhode,,HWIN-VAR-001,38.0,
STORET_Rhode_UNB10_19720104_      0959,STORET_Rhode,UNB10,00011,40.0,,1972-01-04T09:59:00,41.720278,-71.338056,US,Rhode,RI_Bristol,UPPER NARRAGANSETT BAY STA 10 / NORTHEAST / NARRAGANSETT BAY,00011,STORET Rhode,,HWIN-VAR-001,40.0,
STORET_Rhode_UNB10_19720112_      0944,STORET_Rhode,UNB10,00011,39.0,,1972-01-12T09:44:00,41.720278,-71.338056,US,Rhode,RI_Bristol,UPPER NARRAGANSETT BAY STA 10 / NORTHEAST / NARRAGANSETT BAY,00011,STORET Rhode,,HWIN-VAR-001,39.0,
STORET_Rhode_UNB10_19720118_      1010,STORET_Rhode,UNB10,00011,33.0,,1972-01-18T10:10:00,41.720278,-71.338056,US,Rhode,RI_Bristol,UPPER NARRAGANSETT BAY STA 10 / NORTHEAST / NARRAGANSETT BAY,00011,STORET Rhode,,HWIN-VAR-001,33.0,
STORET_Rhode_UNB10_19720201_      1055,STORET_Rhode,UNB10,00011,32.0,,1972-02-01T10:55:00,41.720278,-71.338056,US,Rhode,RI_Bristol,UPPER NARRAGANSETT BAY STA 10 / NORTHEAST / NARRAGANSETT BAY,00011,STORET Rhode,,HWIN-VAR-001,32.0,
STORET_Rhode_UNB10_19720208_      1100,STORET_Rhode,UNB10,00011,30.0,,1972-02-08T11:00:00,41.720278,-71.338056,US,Rhode,RI_Bristol,UPPER NARRAGANSETT BAY STA 10 / NORTHEAST / NARRAGANSETT BAY,00011,STORET Rhode,J,HWIN-VAR-001,30.0,
STORET_Rhode_UNB10_19720223_      1050,STORET_Rhode,UNB10,00011,30.0,,1972-02-23T10:50:00,41.720278,-71.338056,US,Rhode,RI_Bristol,UPPER NARRAGANSETT BAY STA 10 / NORTHEAST / NARRAGANSETT BAY,00011,STORET Rhode,,HWIN-VAR-001,30.0,
STORET_Rhode_UNB10_19720229_      1033,STORET_Rhode,UNB10,00011,40.0,,1972-02-29T10:33:00,41.720278,-71.338056,US,Rhode,RI_Bristol,UPPER NARRAGANSETT BAY STA 10 / NORTHEAST / NARRAGANSETT BAY,00011,STORET Rhode,,HWIN-VAR-001,40.0,
STORET_Rhode_UNB10_19720313_      1040,STORET_Rhode,UNB10,00011,38.0,,1972-03-13T10:40:00,41.720278,-71.338056,US,Rhode,RI_Bristol,UPPER NARRAGANSETT BAY STA 10 / NORTHEAST / NARRAGANSETT BAY,00011,STORET Rhode,,HWIN-VAR-001,38.0,
STORET_Rhode_UNB10_19720321_      1005,STORET_Rhode,UNB10,00011,39.0,,1972-03-21T10:05:00,41.720278,-71.338056,US,Rhode,RI_Bristol,UPPER NARRAGANSETT BAY STA 10 / NORTHEAST / NARRAGANSETT BAY,00011,STORET Rhode,,HWIN-VAR-001,39.0,
STORET_Rhode_UNB10_19720327_      1015,STORET_Rhode,UNB10,00011,39.0,,1972-03-27T10:15:00,41.720278,-71.338056,US,Rhode,RI_Bristol,UPPER NARRAGANSETT BAY STA 10 / NORTHEAST / NARRAGANSETT BAY,00011,STORET Rhode,,HWIN-VAR-001,39.0,
STORET_Rhode_UNB10_19720404_      1015,STORET_Rhode,UNB10,00011,41.0,,1972-04-04T10:15:00,41.720278,-71.338056,US,Rhode,RI_Bristol,UPPER NARRAGANSETT BAY STA 10 / NORTHEAST / NARRAGANSETT BAY,00011,STORET Rhode,,HWIN-VAR-001,41.0,
STORET_Rhode_UNB10_19720411_      1045,STORET_Rhode,UNB10,00011,40.0,,1972-04-11T10:45:00,41.720278,-71.338056,US,Rhode,RI_Bristol,UPPER NARRAGANSETT BAY STA 10 / NORTHEAST / NARRAGANSETT BAY,00011,STORET Rhode,,HWIN-VAR-001,40.0,
STORET_Rhode_UNB10_19720418_      1035,STORET_Rhode,UNB10,00011,47.0,,1972-04-18T10:35:00,41.720278,-71.338056,US,Rhode,RI_Bristol,UPPER NARRAGANSETT BAY STA 10 / NORTHEAST / NARRAGANSETT BAY,00011,STORET Rhode,,HWIN-VAR-001,47.0,
STORET_Rhode_UNB10_19720424_      1025,STORET_Rhode,UNB10,00011,47.0,,1972-04-24T10:25:00,41.720278,-71.338056,US,Rhode,RI_Bristol,UPPER NARRAGANSETT BAY STA 10 / NORTHEAST / NARRAGANSETT BAY,00011,STORET Rhode,,HWIN-VAR-001,47.0,
STORET_Rhode_UNB10_19720501_      0900,STORET_Rhode,UNB10,00011,51.0,,1972-05-01T09:00:00,41.720278,-71.338056,US,Rhode,RI_Bristol,UPPER NARRAGANSETT BAY STA 10 / NORTHEAST / NARRAGANSETT BAY,00011,STORET Rhode,,HWIN-VAR-001,51.0,
STORET_Rhode_UNB10_19720508_      0920,STORET_Rhode,UNB10,00011,53.0,,1972-05-08T09:20:00,41.720278,-71.338056,US,Rhode,RI_Bristol,UPPER NARRAGANSETT BAY STA 10 / NORTHEAST / NARRAGANSETT BAY,00011,STORET Rhode,,HWIN-VAR-001,53.0,
STORET_Rhode_UNB10_19720517_      0940,STORET_Rhode,UNB10,00011,58.0,,1972-05-17T09:40:00,41.720278,-71.338056,US,Rhode,RI_Bristol,UPPER NARRAGANSETT BAY STA 10 / NORTHEAST / NARRAGANSETT BAY,00011,STORET Rhode,,HWIN-VAR-001,58.0,
STORET_Rhode_UNB10_19720522_      1000,STORET_Rhode,UNB10,00011,60.0,,1972-05-22T10:00:00,41.720278,-71.338056,US,Rhode,RI_Bristol,UPPER NARRAGANSETT BAY STA 10 / NORTHEAST / NARRAGANSETT BAY,00011,STORET Rhode,J,HWIN-VAR-001,60.0,
STORET_Rhode_UNB10_19720531_      1025,STORET_Rhode,UNB10,00011,63.0,,1972-05-31T10:25:00,41.720278,-71.338056,US,Rhode,RI_Bristol,UPPER NARRAGANSETT BAY STA 10 / NORTHEAST / NARRAGANSETT BAY,00011,STORET Rhode,,HWIN-VAR-001,63.0,
STORET_Rhode_UNB10_19720605_      0955,STORET_Rhode,UNB10,00011,67.0,,1972-06-05T09:55:00,41.720278,-71.338056,US,Rhode,RI_Bristol,UPPER NARRAGANSETT BAY STA 10 / NORTHEAST / NARRAGANSETT BAY,00011,STORET Rhode,,HWIN-VAR-001,67.0,
STORET_Rhode_UNB10_19720613_      0955,STORET_Rhode,UNB10,00011,60.0,,1972-06-13T09:55:00,41.720278,-71.338056,US,Rhode,RI_Bristol,UPPER NARRAGANSETT BAY STA 10 / NORTHEAST / NARRAGANSETT BAY,00011,STORET Rhode,,HWIN-VAR-001,60.0,
STORET_Rhode_UNB10_19720706_      1010,STORET_Rhode,UNB10,00011,67.0,,1972-07-06T10:10:00,41.720278,-71.338056,US,Rhode,RI_Bristol,UPPER NARRAGANSETT BAY STA 10 / NORTHEAST / NARRAGANSETT BAY,00011,STORET Rhode,,HWIN-VAR-001,67.0,
STORET_Rhode_UNB10_19720825_      0930,STORET_Rhode,UNB10,00011,74.0,,1972-08-25T09:30:00,41.720278,-71.338056,US,Rhode,RI_Bristol,UPPER NARRAGANSETT BAY STA 10 / NORTHEAST / NARRAGANSETT BAY,00011,STORET Rhode,,HWIN-VAR-001,74.0,
STORET_Rhode_UNB10_19720831_      0915,STORET_Rhode,UNB10,00011,74.0,,1972-08-31T09:15:00,41.720278,-71.338056,US,Rhode,RI_Bristol,UPPER NARRAGANSETT BAY STA 10 / NORTHEAST / NARRAGANSETT BAY,00011,STORET Rhode,J,HWIN-VAR-001,74.0,
STORET_Rhode_UNB10_19721003_      0950,STORET_Rhode,UNB10,00011,62.0,,1972-10-03T09:50:00,41.720278,-71.338056,US,Rhode,RI_Bristol,UPPER NARRAGANSETT BAY STA 10 / NORTHEAST / NARRAGANSETT BAY,00011,STORET Rhode,,HWIN-VAR-001,62.0,
STORET_Rhode_UNB10_19721012_      1042,STORET_Rhode,UNB10,00011,60.0,,1972-10-12T10:42:00,41.720278,-71.338056,US,Rhode,RI_Bristol,UPPER NARRAGANSETT BAY STA 10 / NORTHEAST / NARRAGANSETT BAY,00011,STORET Rhode,,HWIN-VAR-001,60.0,
STORET_Rhode_UNB10_19721026_      1005,STORET_Rhode,UNB10,00011,52.0,,1972-10-26T10:05:00,41.720278,-71.338056,US,Rhode,RI_Bristol,UPPER NARRAGANSETT BAY STA 10 / NORTHEAST / NARRAGANSETT BAY,00011,STORET Rhode,,HWIN-VAR-001,52.0,
STORET_Rhode_UNB10_19730111_      1025,STORET_Rhode,UNB10,00011,31.0,,1973-01-11T10:25:00,41.720278,-71.338056,US,Rhode,RI_Bristol,UPPER NARRAGANSETT BAY STA 10 / NORTHEAST / NARRAGANSETT BAY,00011,STORET Rhode,,HWIN-VAR-001,31.0,
STORET_Rhode_UNB10_19730118_      1025,STORET_Rhode,UNB10,00011,40.0,,1973-01-18T10:25:00,41.720278,-71.338056,US,Rhode,RI_Bristol,UPPER NARRAGANSETT BAY STA 10 / NORTHEAST / NARRAGANSETT BAY,00011,STORET Rhode,,HWIN-VAR-001,40.0,
STORET_Rhode_UNB10_19730213_      1455,STORET_Rhode,UNB10,00011,37.0,,1973-02-13T14:55:00,41.720278,-71.338056,US,Rhode,RI_Bristol,UPPER NARRAGANSETT BAY STA 10 / NORTHEAST / NARRAGANSETT BAY,00011,STORET Rhode,,HWIN-VAR-001,37.0,
STORET_Rhode_UNB10_19730227_      1100,STORET_Rhode,UNB10,00011,34.0,,1973-02-27T11:00:00,41.720278,-71.338056,US,Rhode,RI_Bristol,UPPER NARRAGANSETT BAY STA 10 / NORTHEAST / NARRAGANSETT BAY,00011,STORET Rhode,,HWIN-VAR-001,34.0,
STORET_Rhode_UNB10_19730313_      1015,STORET_Rhode,UNB10,00011,45.0,,1973-03-13T10:15:00,41.720278,-71.338056,US,Rhode,RI_Bristol,UPPER NARRAGANSETT BAY STA 10 / NORTHEAST / NARRAGANSETT BAY,00011,STORET Rhode,,HWIN-VAR-001,45.0,
STORET_Rhode_UNB10_19730320_      1100,STORET_Rhode,UNB10,00011,42.0,,1973-03-20T11:00:00,41.720278,-71.338056,US,Rhode,RI_Bristol,UPPER NARRAGANSETT BAY STA 10 / NORTHEAST / NARRAGANSETT BAY,00011,STORET Rhode,,HWIN-VAR-001,42.0,
STORET_Rhode_UNB10_19730507_      0955,STORET_Rhode,UNB10,00011,52.0,,1973-05-07T09:55:00,41.720278,-71.338056,US,Rhode,RI_Bristol,UPPER NARRAGANSETT BAY STA 10 / NORTHEAST / NARRAGANSETT BAY,00011,STORET Rhode,,HWIN-VAR-001,52.0,
STORET_Rhode_UNB10_19730727_      1003,STORET_Rhode,UNB10,00011,74.0,,1973-07-27T10:03:00,41.720278,-71.338056,US,Rhode,RI_Bristol,UPPER NARRAGANSETT BAY STA 10 / NORTHEAST / NARRAGANSETT BAY,00011,STORET Rhode,,HWIN-VAR-001,74.0,
STORET_Rhode_UNB10_19730904_      0935,STORET_Rhode,UNB10,00011,79.0,,1973-09-04T09:35:00,41.720278,-71.338056,US,Rhode,RI_Bristol,UPPER NARRAGANSETT BAY STA 10 / NORTHEAST / NARRAGANSETT BAY,00011,STORET Rhode,,HWIN-VAR-001,79.0,
STORET_Rhode_UNB10_19731002_      1015,STORET_Rhode,UNB10,00011,64.0,,1973-10-02T10:15:00,41.720278,-71.338056,US,Rhode,RI_Bristol,UPPER NARRAGANSETT BAY STA 10 / NORTHEAST / NARRAGANSETT BAY,00011,STORET Rhode,,HWIN-VAR-001,64.0,
STORET_Rhode_UNB10_19731024_      1100,STORET_Rhode,UNB10,00011,56.0,,1973-10-24T11:00:00,41.720278,-71.338056,US,Rhode,RI_Bristol,UPPER NARRAGANSETT BAY STA 10 / NORTHEAST / NARRAGANSETT BAY,00011,STORET Rhode,,HWIN-VAR-001,56.0,
STORET_Rhode_UNB10_19731127_      1120,STORET_Rhode,UNB10,00011,46.0,,1973-11-27T11:20:00,41.720278,-71.338056,US,Rhode,RI_Bristol,UPPER NARRAGANSETT BAY STA 10 / NORTHEAST / NARRAGANSETT BAY,00011,STORET Rhode,,HWIN-VAR-001,46.0,
STORET_Rhode_UNB10_19740103_      1130,STORET_Rhode,UNB10,00011,38.0,,1974-01-03T11:30:00,41.720278,-71.338056,US,Rhode,RI_Bristol,UPPER NARRAGANSETT BAY STA 10 / NORTHEAST / NARRAGANSETT BAY,00011,STORET Rhode,,HWIN-VAR-001,38.0,
STORET_Rhode_UNB10_19740212_      0945,STORET_Rhode,UNB10,00011,29.0,,1974-02-12T09:45:00,41.720278,-71.338056,US,Rhode,RI_Bristol,UPPER NARRAGANSETT BAY STA 10 / NORTHEAST / NARRAGANSETT BAY,00011,STORET Rhode,,HWIN-VAR-001,29.0,
STORET_Rhode_UNB10_19740306_      1020,STORET_Rhode,UNB10,00011,44.0,,1974-03-06T10:20:00,41.720278,-71.338056,US,Rhode,RI_Bristol,UPPER NARRAGANSETT BAY STA 10 / NORTHEAST / NARRAGANSETT BAY,00011,STORET Rhode,,HWIN-VAR-001,44.0,
STORET_Rhode_UNB10_19740509_      0935,STORET_Rhode,UNB10,00011,51.0,,1974-05-09T09:35:00,41.720278,-71.338056,US,Rhode,RI_Bristol,UPPER NARRAGANSETT BAY STA 10 / NORTHEAST / NARRAGANSETT BAY,00011,STORET Rhode,,HWIN-VAR-001,51.0,
STORET_Rhode_UNB10_19740522_      1010,STORET_Rhode,UNB10,00011,54.0,,1974-05-22T10:10:00,41.720278,-71.338056,US,Rhode,RI_Bristol,UPPER NARRAGANSETT BAY STA 10 / NORTHEAST / NARRAGANSETT BAY,00011,STORET Rhode,,HWIN-VAR-001,54.0,
STORET_Rhode_UNB10_19740530_      0946,STORET_Rhode,UNB10,00011,47.0,,1974-05-30T09:46:00,41.720278,-71.338056,US,Rhode,RI_Bristol,UPPER NARRAGANSETT BAY STA 10 / NORTHEAST / NARRAGANSETT BAY,00011,STORET Rhode,,HWIN-VAR-001,47.0,
STORET_Rhode_UNB10_19740710_      2500,STORET_Rhode,UNB10,00011,69.0,,1974-07-10T00:00:00,41.720278,-71.338056,US,Rhode,RI_Bristol,UPPER NARRAGANSETT BAY STA 10 / NORTHEAST / NARRAGANSETT BAY,00011,STORET Rhode,HOUR25,HWIN-VAR-001,69.0,
STORET_Rhode_UNB10_19740926_      2500,STORET_Rhode,UNB10,00011,65.0,,1974-09-26T00:00:00,41.720278,-71.338056,US,Rhode,RI_Bristol,UPPER NARRAGANSETT BAY STA 10 / NORTHEAST / NARRAGANSETT BAY,00011,STORET Rhode,HOUR25,HWIN-VAR-001,65.0,
STORET_Rhode_UNB10_19741119_      2500,STORET_Rhode,UNB10,00011,49.0,,1974-11-19T00:00:00,41.720278,-71.338056,US,Rhode,RI_Bristol,UPPER NARRAGANSETT BAY STA 10 / NORTHEAST / NARRAGANSETT BAY,00011,STORET Rhode,HOUR25,HWIN-VAR-001,49.0,
STORET_Rhode_UNB10_19741227_      2500,STORET_Rhode,UNB10,00011,40.5,,1974-12-27T00:00:00,41.720278,-71.338056,US,Rhode,RI_Bristol,UPPER NARRAGANSETT BAY STA 10 / NORTHEAST / NARRAGANSETT BAY,00011,STORET Rhode,HOUR25,HWIN-VAR-001,40.5,
STORET_Rhode_UNB10_19750103_      2500,STORET_Rhode,UNB10,00011,39.0,,1975-01-03T00:00:00,41.720278,-71.338056,US,Rhode,RI_Bristol,UPPER NARRAGANSETT BAY STA 10 / NORTHEAST / NARRAGANSETT BAY,00011,STORET Rhode,HOUR25,HWIN-VAR-001,39.0,
STORET_Rhode_UNB10_19750128_      2500,STORET_Rhode,UNB10,00011,39.0,,1975-01-28T00:00:00,41.720278,-71.338056,US,Rhode,RI_Bristol,UPPER NARRAGANSETT BAY STA 10 / NORTHEAST / NARRAGANSETT BAY,00011,STORET Rhode,HOUR25,HWIN-VAR-001,39.0,
STORET_Rhode_UNB10_19750217_      2500,STORET_Rhode,UNB10,00011,38.0,,1975-02-17T00:00:00,41.720278,-71.338056,US,Rhode,RI_Bristol,UPPER NARRAGANSETT BAY STA 10 / NORTHEAST / NARRAGANSETT BAY,00011,STORET Rhode,HOUR25,HWIN-VAR-001,38.0,
STORET_Rhode_UNB10_19750319_      2500,STORET_Rhode,UNB10,00011,43.0,,1975-03-19T00:00:00,41.720278,-71.338056,US,Rhode,RI_Bristol,UPPER NARRAGANSETT BAY STA 10 / NORTHEAST / NARRAGANSETT BAY,00011,STORET Rhode,HOUR25,HWIN-VAR-001,43.0,
STORET_Rhode_UNB10_19750409_      2500,STORET_Rhode,UNB10,00011,43.0,,1975-04-09T00:00:00,41.720278,-71.338056,US,Rhode,RI_Bristol,UPPER NARRAGANSETT BAY STA 10 / NORTHEAST / NARRAGANSETT BAY,00011,STORET Rhode,HOUR25,HWIN-VAR-001,43.0,
STORET_Rhode_UNB10_19750501_      2500,STORET_Rhode,UNB10,00011,55.0,,1975-05-01T00:00:00,41.720278,-71.338056,US,Rhode,RI_Bristol,UPPER NARRAGANSETT BAY STA 10 / NORTHEAST / NARRAGANSETT BAY,00011,STORET Rhode,HOUR25,HWIN-VAR-001,55.0,
STORET_Rhode_UNB10_19750520_      2500,STORET_Rhode,UNB10,00011,65.0,,1975-05-20T00:00:00,41.720278,-71.338056,US,Rhode,RI_Bristol,UPPER NARRAGANSETT BAY STA 10 / NORTHEAST / NARRAGANSETT BAY,00011,STORET Rhode,HOUR25,HWIN-VAR-001,65.0,
STORET_Rhode_UNB10_19750603_      2500,STORET_Rhode,UNB10,00011,66.0,,1975-06-03T00:00:00,41.720278,-71.338056,US,Rhode,RI_Bristol,UPPER NARRAGANSETT BAY STA 10 / NORTHEAST / NARRAGANSETT BAY,00011,STORET Rhode,HOUR25,HWIN-VAR-001,66.0,
STORET_Rhode_UNB10_19750610_      2500,STORET_Rhode,UNB10,00011,62.0,,1975-06-10T00:00:00,41.720278,-71.338056,US,Rhode,RI_Bristol,UPPER NARRAGANSETT BAY STA 10 / NORTHEAST / NARRAGANSETT BAY,00011,STORET Rhode,HOUR25,HWIN-VAR-001,62.0,
STORET_Rhode_UNB10_19750707_      2500,STORET_Rhode,UNB10,00011,72.0,,1975-07-07T00:00:00,41.720278,-71.338056,US,Rhode,RI_Bristol,UPPER NARRAGANSETT BAY STA 10 / NORTHEAST / NARRAGANSETT BAY,00011,STORET Rhode,HOUR25,HWIN-VAR-001,72.0,
STORET_Rhode_UNB10_19750729_      2500,STORET_Rhode,UNB10,00011,77.0,,1975-07-29T00:00:00,41.720278,-71.338056,US,Rhode,RI_Bristol,UPPER NARRAGANSETT BAY STA 10 / NORTHEAST / NARRAGANSETT BAY,00011,STORET Rhode,HOUR25,HWIN-VAR-001,77.0,
STORET_Rhode_UNB10_19750819_      2500,STORET_Rhode,UNB10,00011,73.0,,1975-08-19T00:00:00,41.720278,-71.338056,US,Rhode,RI_Bristol,UPPER NARRAGANSETT BAY STA 10 / NORTHEAST / NARRAGANSETT BAY,00011,STORET Rhode,HOUR25,HWIN-VAR-001,73.0,
STORET_Rhode_UNB10_19751001_      2500,STORET_Rhode,UNB10,00011,67.5,,1975-10-01T00:00:00,41.720278,-71.338056,US,Rhode,RI_Bristol,UPPER NARRAGANSETT BAY STA 10 / NORTHEAST / NARRAGANSETT BAY,00011,STORET Rhode,HOUR25,HWIN-VAR-001,67.5,
STORET_Rhode_UNB10_19751106_      2500,STORET_Rhode,UNB10,00011,55.0,,1975-11-06T00:00:00,41.720278,-71.338056,US,Rhode,RI_Bristol,UPPER NARRAGANSETT BAY STA 10 / NORTHEAST / NARRAGANSETT BAY,00011,STORET Rhode,HOUR25,HWIN-VAR-001,55.0,
STORET_Rhode_UNB10_19751120_      2500,STORET_Rhode,UNB10,00011,51.0,,1975-11-20T00:00:00,41.720278,-71.338056,US,Rhode,RI_Bristol,UPPER NARRAGANSETT BAY STA 10 / NORTHEAST / NARRAGANSETT BAY,00011,STORET Rhode,HOUR25,HWIN-VAR-001,51.0,
STORET_Rhode_UNB10_19751215_      2500,STORET_Rhode,UNB10,00011,43.0,,1975-12-15T00:00:00,41.720278,-71.338056,US,Rhode,RI_Bristol,UPPER NARRAGANSETT BAY STA 10 / NORTHEAST / NARRAGANSETT BAY,00011,STORET Rhode,HOUR25,HWIN-VAR-001,43.0,
STORET_Rhode_UNB10_19760113_      1338,STORET_Rhode,UNB10,00011,33.5,,1976-01-13T13:38:00,41.720278,-71.338056,US,Rhode,RI_Bristol,UPPER NARRAGANSETT BAY STA 10 / NORTHEAST / NARRAGANSETT BAY,00011,STORET Rhode,,HWIN-VAR-001,33.5,
STORET_Rhode_UNB10_19760312_      1032,STORET_Rhode,UNB10,00011,37.0,,1976-03-12T10:32:00,41.720278,-71.338056,US,Rhode,RI_Bristol,UPPER NARRAGANSETT BAY STA 10 / NORTHEAST / NARRAGANSETT BAY,00011,STORET Rhode,,HWIN-VAR-001,37.0,
STORET_Rhode_UNB10_19760429_      0910,STORET_Rhode,UNB10,00011,49.5,,1976-04-29T09:10:00,41.720278,-71.338056,US,Rhode,RI_Bristol,UPPER NARRAGANSETT BAY STA 10 / NORTHEAST / NARRAGANSETT BAY,00011,STORET Rhode,,HWIN-VAR-001,49.5,
STORET_Rhode_UNB10_19760608_      1143,STORET_Rhode,UNB10,00011,68.0,,1976-06-08T11:43:00,41.720278,-71.338056,US,Rhode,RI_Bristol,UPPER NARRAGANSETT BAY STA 10 / NORTHEAST / NARRAGANSETT BAY,00011,STORET Rhode,,HWIN-VAR-001,68.0,
STORET_Rhode_UNB10_19760715_      1023,STORET_Rhode,UNB10,00011,71.5,,1976-07-15T10:23:00,41.720278,-71.338056,US,Rhode,RI_Bristol,UPPER NARRAGANSETT BAY STA 10 / NORTHEAST / NARRAGANSETT BAY,00011,STORET Rhode,,HWIN-VAR-001,71.5,
STORET_Rhode_UNB10_19760715_      0123,STORET_Rhode,UNB10,00011,71.5,,1976-07-15T01:23:00,41.720278,-71.338056,US,Rhode,RI_Bristol,UPPER NARRAGANSETT BAY STA 10 / NORTHEAST / NARRAGANSETT BAY,00011,STORET Rhode,,HWIN-VAR-001,71.5,
STORET_Rhode_UNB10_19761029_      1007,STORET_Rhode,UNB10,00011,62.0,,1976-10-29T10:07:00,41.720278,-71.338056,US,Rhode,RI_Bristol,UPPER NARRAGANSETT BAY STA 10 / NORTHEAST / NARRAGANSETT BAY,00011,STORET Rhode,,HWIN-VAR-001,62.0,
STORET_Rhode_UNB10_19761103_      1125,STORET_Rhode,UNB10,00011,50.0,,1976-11-03T11:25:00,41.720278,-71.338056,US,Rhode,RI_Bristol,UPPER NARRAGANSETT BAY STA 10 / NORTHEAST / NARRAGANSETT BAY,00011,STORET Rhode,,HWIN-VAR-001,50.0,
STORET_Rhode_UNB10_19761215_      1055,STORET_Rhode,UNB10,00011,34.0,,1976-12-15T10:55:00,41.720278,-71.338056,US,Rhode,RI_Bristol,UPPER NARRAGANSETT BAY STA 10 / NORTHEAST / NARRAGANSETT BAY,00011,STORET Rhode,,HWIN-VAR-001,34.0,
STORET_Rhode_UNB10_19770216_      1140,STORET_Rhode,UNB10,00011,32.0,,1977-02-16T11:40:00,41.720278,-71.338056,US,Rhode,RI_Bristol,UPPER NARRAGANSETT BAY STA 10 / NORTHEAST / NARRAGANSETT BAY,00011,STORET Rhode,,HWIN-VAR-001,32.0,
STORET_Rhode_UNB10_19770426_      1000,STORET_Rhode,UNB10,00011,47.0,,1977-04-26T10:00:00,41.720278,-71.338056,US,Rhode,RI_Bristol,UPPER NARRAGANSETT BAY STA 10 / NORTHEAST / NARRAGANSETT BAY,00011,STORET Rhode,,HWIN-VAR-001,47.0,
STORET_Rhode_UNB10_19770810_      1004,STORET_Rhode,UNB10,00011,75.0,,1977-08-10T10:04:00,41.720278,-71.338056,US,Rhode,RI_Bristol,UPPER NARRAGANSETT BAY STA 10 / NORTHEAST / NARRAGANSETT BAY,00011,STORET Rhode,,HWIN-VAR-001,75.0,
STORET_Rhode_UNB10_19771025_      0915,STORET_Rhode,UNB10,00011,55.0,,1977-10-25T09:15:00,41.720278,-71.338056,US,Rhode,RI_Bristol,UPPER NARRAGANSETT BAY STA 10 / NORTHEAST / NARRAGANSETT BAY,00011,STORET Rhode,,HWIN-VAR-001,55.0,
STORET_Rhode_FRYB01_19740411_      2500,STORET_Rhode,FRYB01,00010,5.0,,1974-04-11T00:00:00,41.630278,-71.483333,US,Rhode,RI_Kent,FRY BROOK AT RT4 AT E.GREENWICH / NORTHEAST / NARRAGANSETT BAY,00010,STORET Rhode,$|HOUR25,HWIN-VAR-001,5.0,
STORET_Rhode_FRYB01_19740712_      2500,STORET_Rhode,FRYB01,00010,18.3333,,1974-07-12T00:00:00,41.630278,-71.483333,US,Rhode,RI_Kent,FRY BROOK AT RT4 AT E.GREENWICH / NORTHEAST / NARRAGANSETT BAY,00010,STORET Rhode,$|HOUR25,HWIN-VAR-001,18.3333,
STORET_Rhode_FRYB01_19741011_      2500,STORET_Rhode,FRYB01,00010,11.6667,,1974-10-11T00:00:00,41.630278,-71.483333,US,Rhode,RI_Kent,FRY BROOK AT RT4 AT E.GREENWICH / NORTHEAST / NARRAGANSETT BAY,00010,STORET Rhode,$|HOUR25,HWIN-VAR-001,11.6667,
STORET_Rhode_FRYB01_19741211_      2500,STORET_Rhode,FRYB01,00010,4.44444,,1974-12-11T00:00:00,41.630278,-71.483333,US,Rhode,RI_Kent,FRY BROOK AT RT4 AT E.GREENWICH / NORTHEAST / NARRAGANSETT BAY,00010,STORET Rhode,$|HOUR25,HWIN-VAR-001,4.44444,
STORET_Rhode_FRYB01_19750221_      2500,STORET_Rhode,FRYB01,00010,2.22222,,1975-02-21T00:00:00,41.630278,-71.483333,US,Rhode,RI_Kent,FRY BROOK AT RT4 AT E.GREENWICH / NORTHEAST / NARRAGANSETT BAY,00010,STORET Rhode,$|HOUR25,HWIN-VAR-001,2.22222,
STORET_Rhode_FRYB01_19750430_      2500,STORET_Rhode,FRYB01,00010,8.88889,,1975-04-30T00:00:00,41.630278,-71.483333,US,Rhode,RI_Kent,FRY BROOK AT RT4 AT E.GREENWICH / NORTHEAST / NARRAGANSETT BAY,00010,STORET Rhode,$|HOUR25,HWIN-VAR-001,8.88889,
STORET_Rhode_FRYB01_19750710_      2500,STORET_Rhode,FRYB01,00010,18.8889,,1975-07-10T00:00:00,41.630278,-71.483333,US,Rhode,RI_Kent,FRY BROOK AT RT4 AT E.GREENWICH / NORTHEAST / NARRAGANSETT BAY,00010,STORET Rhode,$|HOUR25,HWIN-VAR-001,18.8889,
STORET_Rhode_FRYB01_19750912_      2500,STORET_Rhode,FRYB01,00010,16.6667,,1975-09-12T00:00:00,41.630278,-71.483333,US,Rhode,RI_Kent,FRY BROOK AT RT4 AT E.GREENWICH / NORTHEAST / NARRAGANSETT BAY,00010,STORET Rhode,$|HOUR25,HWIN-VAR-001,16.6667,
STORET_Rhode_FRYB01_19751023_      2500,STORET_Rhode,FRYB01,00010,11.3889,,1975-10-23T00:00:00,41.630278,-71.483333,US,Rhode,RI_Kent,FRY BROOK AT RT4 AT E.GREENWICH / NORTHEAST / NARRAGANSETT BAY,00010,STORET Rhode,$|HOUR25,HWIN-VAR-001,11.3889,
STORET_Rhode_FRYB01_19751204_      2500,STORET_Rhode,FRYB01,00010,0.555556,,1975-12-04T00:00:00,41.630278,-71.483333,US,Rhode,RI_Kent,FRY BROOK AT RT4 AT E.GREENWICH / NORTHEAST / NARRAGANSETT BAY,00010,STORET Rhode,$|HOUR25,HWIN-VAR-001,0.555556,
STORET_Rhode_FRYB01_19760219_      2500,STORET_Rhode,FRYB01,00010,2.77778,,1976-02-19T00:00:00,41.630278,-71.483333,US,Rhode,RI_Kent,FRY BROOK AT RT4 AT E.GREENWICH / NORTHEAST / NARRAGANSETT BAY,00010,STORET Rhode,$|HOUR25,HWIN-VAR-001,2.77778,
STORET_Rhode_FRYB01_19760421_      2500,STORET_Rhode,FRYB01,00010,15.2778,,1976-04-21T00:00:00,41.630278,-71.483333,US,Rhode,RI_Kent,FRY BROOK AT RT4 AT E.GREENWICH / NORTHEAST / NARRAGANSETT BAY,00010,STORET Rhode,$|HOUR25,HWIN-VAR-001,15.2778,
STORET_Rhode_FRYB01_19760617_      2500,STORET_Rhode,FRYB01,00010,18.3333,,1976-06-17T00:00:00,41.630278,-71.483333,US,Rhode,RI_Kent,FRY BROOK AT RT4 AT E.GREENWICH / NORTHEAST / NARRAGANSETT BAY,00010,STORET Rhode,$|HOUR25,HWIN-VAR-001,18.3333,
STORET_Rhode_FRYB01_19761029_      2500,STORET_Rhode,FRYB01,00010,8.88889,,1976-10-29T00:00:00,41.630278,-71.483333,US,Rhode,RI_Kent,FRY BROOK AT RT4 AT E.GREENWICH / NORTHEAST / NARRAGANSETT BAY,00010,STORET Rhode,$|HOUR25,HWIN-VAR-001,8.88889,
STORET_Rhode_FRYB01_19761118_      2500,STORET_Rhode,FRYB01,00010,5.0,,1976-11-18T00:00:00,41.630278,-71.483333,US,Rhode,RI_Kent,FRY BROOK AT RT4 AT E.GREENWICH / NORTHEAST / NARRAGANSETT BAY,00010,STORET Rhode,$|HOUR25,HWIN-VAR-001,5.0,
STORET_Rhode_FRYB01_19761215_      2500,STORET_Rhode,FRYB01,00010,1.66667,,1976-12-15T00:00:00,41.630278,-71.483333,US,Rhode,RI_Kent,FRY BROOK AT RT4 AT E.GREENWICH / NORTHEAST / NARRAGANSETT BAY,00010,STORET Rhode,$|HOUR25,HWIN-VAR-001,1.66667,
STORET_Rhode_FRYB01_19770216_      2500,STORET_Rhode,FRYB01,00010,1.11111,,1977-02-16T00:00:00,41.630278,-71.483333,US,Rhode,RI_Kent,FRY BROOK AT RT4 AT E.GREENWICH / NORTHEAST / NARRAGANSETT BAY,00010,STORET Rhode,$|HOUR25,HWIN-VAR-001,1.11111,
STORET_Rhode_FRYB01_19770427_      2500,STORET_Rhode,FRYB01,00010,8.88889,,1977-04-27T00:00:00,41.630278,-71.483333,US,Rhode,RI_Kent,FRY BROOK AT RT4 AT E.GREENWICH / NORTHEAST / NARRAGANSETT BAY,00010,STORET Rhode,$|HOUR25,HWIN-VAR-001,8.88889,
STORET_Rhode_FRYB01_19770629_      2500,STORET_Rhode,FRYB01,00010,17.5,,1977-06-29T00:00:00,41.630278,-71.483333,US,Rhode,RI_Kent,FRY BROOK AT RT4 AT E.GREENWICH / NORTHEAST / NARRAGANSETT BAY,00010,STORET Rhode,$|HOUR25,HWIN-VAR-001,17.5,
STORET_Rhode_FRYB01_19770824_      2500,STORET_Rhode,FRYB01,00010,17.2222,,1977-08-24T00:00:00,41.630278,-71.483333,US,Rhode,RI_Kent,FRY BROOK AT RT4 AT E.GREENWICH / NORTHEAST / NARRAGANSETT BAY,00010,STORET Rhode,$|HOUR25,HWIN-VAR-001,17.2222,
STORET_Rhode_FRYB01_19771027_      2500,STORET_Rhode,FRYB01,00010,12.2222,,1977-10-27T00:00:00,41.630278,-71.483333,US,Rhode,RI_Kent,FRY BROOK AT RT4 AT E.GREENWICH / NORTHEAST / NARRAGANSETT BAY,00010,STORET Rhode,$|HOUR25,HWIN-VAR-001,12.2222,
STORET_Rhode_FRYB01_19771229_      2500,STORET_Rhode,FRYB01,00010,0.555556,,1977-12-29T00:00:00,41.630278,-71.483333,US,Rhode,RI_Kent,FRY BROOK AT RT4 AT E.GREENWICH / NORTHEAST / NARRAGANSETT BAY,00010,STORET Rhode,$|HOUR25,HWIN-VAR-001,0.555556,
STORET_Rhode_FRYB01_19780419_      2500,STORET_Rhode,FRYB01,00010,6.66667,,1978-04-19T00:00:00,41.630278,-71.483333,US,Rhode,RI_Kent,FRY BROOK AT RT4 AT E.GREENWICH / NORTHEAST / NARRAGANSETT BAY,00010,STORET Rhode,$|HOUR25,HWIN-VAR-001,6.66667,
STORET_Rhode_FRYB01_19780525_      2500,STORET_Rhode,FRYB01,00010,13.3333,,1978-05-25T00:00:00,41.630278,-71.483333,US,Rhode,RI_Kent,FRY BROOK AT RT4 AT E.GREENWICH / NORTHEAST / NARRAGANSETT BAY,00010,STORET Rhode,$|HOUR25,HWIN-VAR-001,13.3333,
STORET_Rhode_FRYB01_19780628_      2500,STORET_Rhode,FRYB01,00010,18.8889,,1978-06-28T00:00:00,41.630278,-71.483333,US,Rhode,RI_Kent,FRY BROOK AT RT4 AT E.GREENWICH / NORTHEAST / NARRAGANSETT BAY,00010,STORET Rhode,$|HOUR25,HWIN-VAR-001,18.8889,
STORET_Rhode_FRYB01_19780816_      2500,STORET_Rhode,FRYB01,00010,20.5555,,1978-08-16T00:00:00,41.630278,-71.483333,US,Rhode,RI_Kent,FRY BROOK AT RT4 AT E.GREENWICH / NORTHEAST / NARRAGANSETT BAY,00010,STORET Rhode,$|HOUR25,HWIN-VAR-001,20.5555,
STORET_Rhode_FRYB01_19781025_      2500,STORET_Rhode,FRYB01,00010,12.2222,,1978-10-25T00:00:00,41.630278,-71.483333,US,Rhode,RI_Kent,FRY BROOK AT RT4 AT E.GREENWICH / NORTHEAST / NARRAGANSETT BAY,00010,STORET Rhode,$|HOUR25,HWIN-VAR-001,12.2222,
STORET_Rhode_PWXCB117_19740411_      2500,STORET_Rhode,PWXCB117,00010,5.55556,,1974-04-11T00:00:00,41.696111,-71.530556,US,Rhode,RI_Kent,PAWTUXET RIVER SOUTH BRANCH R117 /  NORTHEAST / NARRAGANSETT BAY,00010,STORET Rhode,$|HOUR25,HWIN-VAR-001,5.55556,
STORET_Rhode_PWXCB117_19740717_      2500,STORET_Rhode,PWXCB117,00010,19.4444,,1974-07-17T00:00:00,41.696111,-71.530556,US,Rhode,RI_Kent,PAWTUXET RIVER SOUTH BRANCH R117 /  NORTHEAST / NARRAGANSETT BAY,00010,STORET Rhode,$|HOUR25,HWIN-VAR-001,19.4444,
STORET_Rhode_PWXCB117_19741011_      2500,STORET_Rhode,PWXCB117,00010,12.7778,,1974-10-11T00:00:00,41.696111,-71.530556,US,Rhode,RI_Kent,PAWTUXET RIVER SOUTH BRANCH R117 /  NORTHEAST / NARRAGANSETT BAY,00010,STORET Rhode,$|HOUR25,HWIN-VAR-001,12.7778,
STORET_Rhode_PWXCB117_19741204_      2500,STORET_Rhode,PWXCB117,00010,3.88889,,1974-12-04T00:00:00,41.696111,-71.530556,US,Rhode,RI_Kent,PAWTUXET RIVER SOUTH BRANCH R117 /  NORTHEAST / NARRAGANSETT BAY,00010,STORET Rhode,$|HOUR25,HWIN-VAR-001,3.88889,
STORET_Rhode_PWXCB117_19750220_      2500,STORET_Rhode,PWXCB117,00010,2.22222,,1975-02-20T00:00:00,41.696111,-71.530556,US,Rhode,RI_Kent,PAWTUXET RIVER SOUTH BRANCH R117 /  NORTHEAST / NARRAGANSETT BAY,00010,STORET Rhode,$|HOUR25,HWIN-VAR-001,2.22222,
STORET_Rhode_PWXCB117_19750430_      2500,STORET_Rhode,PWXCB117,00010,10.5556,,1975-04-30T00:00:00,41.696111,-71.530556,US,Rhode,RI_Kent,PAWTUXET RIVER SOUTH BRANCH R117 /  NORTHEAST / NARRAGANSETT BAY,00010,STORET Rhode,$|HOUR25,HWIN-VAR-001,10.5556,
STORET_Rhode_PWXCB117_19750710_      2500,STORET_Rhode,PWXCB117,00010,24.7222,,1975-07-10T00:00:00,41.696111,-71.530556,US,Rhode,RI_Kent,PAWTUXET RIVER SOUTH BRANCH R117 /  NORTHEAST / NARRAGANSETT BAY,00010,STORET Rhode,$|HOUR25,HWIN-VAR-001,24.7222,
STORET_Rhode_PWXCB117_19750912_      2500,STORET_Rhode,PWXCB117,00010,19.4444,,1975-09-12T00:00:00,41.696111,-71.530556,US,Rhode,RI_Kent,PAWTUXET RIVER SOUTH BRANCH R117 /  NORTHEAST / NARRAGANSETT BAY,00010,STORET Rhode,$|HOUR25,HWIN-VAR-001,19.4444,
STORET_Rhode_PWXCB117_19751023_      2500,STORET_Rhode,PWXCB117,00010,13.3333,,1975-10-23T00:00:00,41.696111,-71.530556,US,Rhode,RI_Kent,PAWTUXET RIVER SOUTH BRANCH R117 /  NORTHEAST / NARRAGANSETT BAY,00010,STORET Rhode,$|HOUR25,HWIN-VAR-001,13.3333,
STORET_Rhode_PWXCB117_19751204_      2500,STORET_Rhode,PWXCB117,00010,1.66667,,1975-12-04T00:00:00,41.696111,-71.530556,US,Rhode,RI_Kent,PAWTUXET RIVER SOUTH BRANCH R117 /  NORTHEAST / NARRAGANSETT BAY,00010,STORET Rhode,$|HOUR25,HWIN-VAR-001,1.66667,
STORET_Rhode_PWXCB117_19760219_      2500,STORET_Rhode,PWXCB117,00010,3.88889,,1976-02-19T00:00:00,41.696111,-71.530556,US,Rhode,RI_Kent,PAWTUXET RIVER SOUTH BRANCH R117 /  NORTHEAST / NARRAGANSETT BAY,00010,STORET Rhode,$|HOUR25,HWIN-VAR-001,3.88889,
STORET_Rhode_PWXCB117_19760421_      2500,STORET_Rhode,PWXCB117,00010,18.8889,,1976-04-21T00:00:00,41.696111,-71.530556,US,Rhode,RI_Kent,PAWTUXET RIVER SOUTH BRANCH R117 /  NORTHEAST / NARRAGANSETT BAY,00010,STORET Rhode,$|HOUR25,HWIN-VAR-001,18.8889,
STORET_Rhode_PWXCB117_19760617_      2500,STORET_Rhode,PWXCB117,00010,22.7778,,1976-06-17T00:00:00,41.696111,-71.530556,US,Rhode,RI_Kent,PAWTUXET RIVER SOUTH BRANCH R117 /  NORTHEAST / NARRAGANSETT BAY,00010,STORET Rhode,$|HOUR25,HWIN-VAR-001,22.7778,
STORET_Rhode_PWXCB117_19760826_      2500,STORET_Rhode,PWXCB117,00010,23.3333,,1976-08-26T00:00:00,41.696111,-71.530556,US,Rhode,RI_Kent,PAWTUXET RIVER SOUTH BRANCH R117 /  NORTHEAST / NARRAGANSETT BAY,00010,STORET Rhode,$|HOUR25,HWIN-VAR-001,23.3333,
STORET_Rhode_PWXCB117_19761118_      2500,STORET_Rhode,PWXCB117,00010,4.72222,,1976-11-18T00:00:00,41.696111,-71.530556,US,Rhode,RI_Kent,PAWTUXET RIVER SOUTH BRANCH R117 /  NORTHEAST / NARRAGANSETT BAY,00010,STORET Rhode,$|HOUR25,HWIN-VAR-001,4.72222,
STORET_Rhode_PWXCB117_19761215_      2500,STORET_Rhode,PWXCB117,00010,1.94444,,1976-12-15T00:00:00,41.696111,-71.530556,US,Rhode,RI_Kent,PAWTUXET RIVER SOUTH BRANCH R117 /  NORTHEAST / NARRAGANSETT BAY,00010,STORET Rhode,$|HOUR25,HWIN-VAR-001,1.94444,
STORET_Rhode_PWXCB117_19770216_      2500,STORET_Rhode,PWXCB117,00010,1.94444,,1977-02-16T00:00:00,41.696111,-71.530556,US,Rhode,RI_Kent,PAWTUXET RIVER SOUTH BRANCH R117 /  NORTHEAST / NARRAGANSETT BAY,00010,STORET Rhode,$|HOUR25,HWIN-VAR-001,1.94444,
STORET_Rhode_PWXCB117_19770427_      2500,STORET_Rhode,PWXCB117,00010,12.2222,,1977-04-27T00:00:00,41.696111,-71.530556,US,Rhode,RI_Kent,PAWTUXET RIVER SOUTH BRANCH R117 /  NORTHEAST / NARRAGANSETT BAY,00010,STORET Rhode,$|HOUR25,HWIN-VAR-001,12.2222,
STORET_Rhode_PWXCB117_19770629_      2500,STORET_Rhode,PWXCB117,00010,23.3333,,1977-06-29T00:00:00,41.696111,-71.530556,US,Rhode,RI_Kent,PAWTUXET RIVER SOUTH BRANCH R117 /  NORTHEAST / NARRAGANSETT BAY,00010,STORET Rhode,$|HOUR25,HWIN-VAR-001,23.3333,
STORET_Rhode_PWXCB117_19770824_      2500,STORET_Rhode,PWXCB117,00010,20.5555,,1977-08-24T00:00:00,41.696111,-71.530556,US,Rhode,RI_Kent,PAWTUXET RIVER SOUTH BRANCH R117 /  NORTHEAST / NARRAGANSETT BAY,00010,STORET Rhode,$|HOUR25,HWIN-VAR-001,20.5555,
STORET_Rhode_PWXCB117_19771027_      2500,STORET_Rhode,PWXCB117,00010,12.7778,,1977-10-27T00:00:00,41.696111,-71.530556,US,Rhode,RI_Kent,PAWTUXET RIVER SOUTH BRANCH R117 /  NORTHEAST / NARRAGANSETT BAY,00010,STORET Rhode,$|HOUR25,HWIN-VAR-001,12.7778,
STORET_Rhode_PWXCB117_19771229_      2500,STORET_Rhode,PWXCB117,00010,0.555556,,1977-12-29T00:00:00,41.696111,-71.530556,US,Rhode,RI_Kent,PAWTUXET RIVER SOUTH BRANCH R117 /  NORTHEAST / NARRAGANSETT BAY,00010,STORET Rhode,$|HOUR25,HWIN-VAR-001,0.555556,
STORET_Rhode_PWXCB117_19780419_      2500,STORET_Rhode,PWXCB117,00010,8.88889,,1978-04-19T00:00:00,41.696111,-71.530556,US,Rhode,RI_Kent,PAWTUXET RIVER SOUTH BRANCH R117 /  NORTHEAST / NARRAGANSETT BAY,00010,STORET Rhode,$|HOUR25,HWIN-VAR-001,8.88889,
STORET_Rhode_PWXCB117_19780525_      2500,STORET_Rhode,PWXCB117,00010,13.3333,,1978-05-25T00:00:00,41.696111,-71.530556,US,Rhode,RI_Kent,PAWTUXET RIVER SOUTH BRANCH R117 /  NORTHEAST / NARRAGANSETT BAY,00010,STORET Rhode,$|HOUR25,HWIN-VAR-001,13.3333,
STORET_Rhode_PWXCB117_19780628_      2500,STORET_Rhode,PWXCB117,00010,25.0,,1978-06-28T00:00:00,41.696111,-71.530556,US,Rhode,RI_Kent,PAWTUXET RIVER SOUTH BRANCH R117 /  NORTHEAST / NARRAGANSETT BAY,00010,STORET Rhode,$|HOUR25,HWIN-VAR-001,25.0,
STORET_Rhode_PWXCB117_19780816_      2500,STORET_Rhode,PWXCB117,00010,25.0,,1978-08-16T00:00:00,41.696111,-71.530556,US,Rhode,RI_Kent,PAWTUXET RIVER SOUTH BRANCH R117 /  NORTHEAST / NARRAGANSETT BAY,00010,STORET Rhode,$|HOUR25,HWIN-VAR-001,25.0,
STORET_Rhode_PWXCB117_19780824_      2500,STORET_Rhode,PWXCB117,00010,20.5555,,1978-08-24T00:00:00,41.696111,-71.530556,US,Rhode,RI_Kent,PAWTUXET RIVER SOUTH BRANCH R117 /  NORTHEAST / NARRAGANSETT BAY,00010,STORET Rhode,$|HOUR25,HWIN-VAR-001,20.5555,
STORET_Rhode_PWXCB117_19781025_      2500,STORET_Rhode,PWXCB117,00010,10.5556,,1978-10-25T00:00:00,41.696111,-71.530556,US,Rhode,RI_Kent,PAWTUXET RIVER SOUTH BRANCH R117 /  NORTHEAST / NARRAGANSETT BAY,00010,STORET Rhode,$|HOUR25,HWIN-VAR-001,10.5556,
STORET_Rhode_PWXNB115_19740411_      2500,STORET_Rhode,PWXNB115,00010,5.27778,,1974-04-11T00:00:00,41.718333,-71.523611,US,Rhode,RI_Kent,PAWTUXET RIVER NORTH BRANCH  115 / NORTHEAST / NARRAGANSETT BAY,00010,STORET Rhode,$|HOUR25,HWIN-VAR-001,5.27778,
STORET_Rhode_PWXNB115_19740717_      2500,STORET_Rhode,PWXNB115,00010,19.4444,,1974-07-17T00:00:00,41.718333,-71.523611,US,Rhode,RI_Kent,PAWTUXET RIVER NORTH BRANCH  115 / NORTHEAST / NARRAGANSETT BAY,00010,STORET Rhode,$|HOUR25,HWIN-VAR-001,19.4444,
STORET_Rhode_PWXNB115_19741011_      2500,STORET_Rhode,PWXNB115,00010,13.3333,,1974-10-11T00:00:00,41.718333,-71.523611,US,Rhode,RI_Kent,PAWTUXET RIVER NORTH BRANCH  115 / NORTHEAST / NARRAGANSETT BAY,00010,STORET Rhode,$|HOUR25,HWIN-VAR-001,13.3333,
STORET_Rhode_PWXNB115_19741204_      2500,STORET_Rhode,PWXNB115,00010,4.44444,,1974-12-04T00:00:00,41.718333,-71.523611,US,Rhode,RI_Kent,PAWTUXET RIVER NORTH BRANCH  115 / NORTHEAST / NARRAGANSETT BAY,00010,STORET Rhode,$|HOUR25,HWIN-VAR-001,4.44444,
STORET_Rhode_PWXNB115_19750220_      2500,STORET_Rhode,PWXNB115,00010,2.22222,,1975-02-20T00:00:00,41.718333,-71.523611,US,Rhode,RI_Kent,PAWTUXET RIVER NORTH BRANCH  115 / NORTHEAST / NARRAGANSETT BAY,00010,STORET Rhode,$|HOUR25,HWIN-VAR-001,2.22222,
STORET_Rhode_PWXNB115_19750430_      2500,STORET_Rhode,PWXNB115,00010,11.1111,,1975-04-30T00:00:00,41.718333,-71.523611,US,Rhode,RI_Kent,PAWTUXET RIVER NORTH BRANCH  115 / NORTHEAST / NARRAGANSETT BAY,00010,STORET Rhode,$|HOUR25,HWIN-VAR-001,11.1111,
STORET_Rhode_PWXNB115_19750710_      2500,STORET_Rhode,PWXNB115,00010,24.7222,,1975-07-10T00:00:00,41.718333,-71.523611,US,Rhode,RI_Kent,PAWTUXET RIVER NORTH BRANCH  115 / NORTHEAST / NARRAGANSETT BAY,00010,STORET Rhode,$|HOUR25,HWIN-VAR-001,24.7222,
STORET_Rhode_PWXNB115_19750912_      2500,STORET_Rhode,PWXNB115,00010,19.1667,,1975-09-12T00:00:00,41.718333,-71.523611,US,Rhode,RI_Kent,PAWTUXET RIVER NORTH BRANCH  115 / NORTHEAST / NARRAGANSETT BAY,00010,STORET Rhode,$|HOUR25,HWIN-VAR-001,19.1667,
STORET_Rhode_PWXNB115_19751023_      2500,STORET_Rhode,PWXNB115,00010,13.6111,,1975-10-23T00:00:00,41.718333,-71.523611,US,Rhode,RI_Kent,PAWTUXET RIVER NORTH BRANCH  115 / NORTHEAST / NARRAGANSETT BAY,00010,STORET Rhode,$|HOUR25,HWIN-VAR-001,13.6111,
STORET_Rhode_PWXNB115_19751204_      2500,STORET_Rhode,PWXNB115,00010,5.0,,1975-12-04T00:00:00,41.718333,-71.523611,US,Rhode,RI_Kent,PAWTUXET RIVER NORTH BRANCH  115 / NORTHEAST / NARRAGANSETT BAY,00010,STORET Rhode,$|HOUR25,HWIN-VAR-001,5.0,
STORET_Rhode_PWXNB115_19760219_      2500,STORET_Rhode,PWXNB115,00010,2.77778,,1976-02-19T00:00:00,41.718333,-71.523611,US,Rhode,RI_Kent,PAWTUXET RIVER NORTH BRANCH  115 / NORTHEAST / NARRAGANSETT BAY,00010,STORET Rhode,$|HOUR25,HWIN-VAR-001,2.77778,
STORET_Rhode_PWXNB115_19760421_      2500,STORET_Rhode,PWXNB115,00010,18.3333,,1976-04-21T00:00:00,41.718333,-71.523611,US,Rhode,RI_Kent,PAWTUXET RIVER NORTH BRANCH  115 / NORTHEAST / NARRAGANSETT BAY,00010,STORET Rhode,$|HOUR25,HWIN-VAR-001,18.3333,
STORET_Rhode_PWXNB115_19760617_      2500,STORET_Rhode,PWXNB115,00010,21.6667,,1976-06-17T00:00:00,41.718333,-71.523611,US,Rhode,RI_Kent,PAWTUXET RIVER NORTH BRANCH  115 / NORTHEAST / NARRAGANSETT BAY,00010,STORET Rhode,$|HOUR25,HWIN-VAR-001,21.6667,
STORET_Rhode_PWXNB115_19761118_      2500,STORET_Rhode,PWXNB115,00010,6.66667,,1976-11-18T00:00:00,41.718333,-71.523611,US,Rhode,RI_Kent,PAWTUXET RIVER NORTH BRANCH  115 / NORTHEAST / NARRAGANSETT BAY,00010,STORET Rhode,$|HOUR25,HWIN-VAR-001,6.66667,
STORET_Rhode_PWXNB115_19761215_      2500,STORET_Rhode,PWXNB115,00010,2.5,,1976-12-15T00:00:00,41.718333,-71.523611,US,Rhode,RI_Kent,PAWTUXET RIVER NORTH BRANCH  115 / NORTHEAST / NARRAGANSETT BAY,00010,STORET Rhode,$|HOUR25,HWIN-VAR-001,2.5,
STORET_Rhode_PWXNB115_19770216_      2500,STORET_Rhode,PWXNB115,00010,1.38889,,1977-02-16T00:00:00,41.718333,-71.523611,US,Rhode,RI_Kent,PAWTUXET RIVER NORTH BRANCH  115 / NORTHEAST / NARRAGANSETT BAY,00010,STORET Rhode,$|HOUR25,HWIN-VAR-001,1.38889,
STORET_Rhode_PWXNB115_19770427_      2500,STORET_Rhode,PWXNB115,00010,10.5556,,1977-04-27T00:00:00,41.718333,-71.523611,US,Rhode,RI_Kent,PAWTUXET RIVER NORTH BRANCH  115 / NORTHEAST / NARRAGANSETT BAY,00010,STORET Rhode,$|HOUR25,HWIN-VAR-001,10.5556,
STORET_Rhode_PWXNB115_19770629_      2500,STORET_Rhode,PWXNB115,00010,21.6667,,1977-06-29T00:00:00,41.718333,-71.523611,US,Rhode,RI_Kent,PAWTUXET RIVER NORTH BRANCH  115 / NORTHEAST / NARRAGANSETT BAY,00010,STORET Rhode,$|HOUR25,HWIN-VAR-001,21.6667,
STORET_Rhode_PWXNB115_19770824_      2500,STORET_Rhode,PWXNB115,00010,21.6667,,1977-08-24T00:00:00,41.718333,-71.523611,US,Rhode,RI_Kent,PAWTUXET RIVER NORTH BRANCH  115 / NORTHEAST / NARRAGANSETT BAY,00010,STORET Rhode,$|HOUR25,HWIN-VAR-001,21.6667,
STORET_Rhode_PWXNB115_19771027_      2500,STORET_Rhode,PWXNB115,00010,13.3333,,1977-10-27T00:00:00,41.718333,-71.523611,US,Rhode,RI_Kent,PAWTUXET RIVER NORTH BRANCH  115 / NORTHEAST / NARRAGANSETT BAY,00010,STORET Rhode,$|HOUR25,HWIN-VAR-001,13.3333,
STORET_Rhode_PWXNB115_19771229_      2500,STORET_Rhode,PWXNB115,00010,0.833333,,1977-12-29T00:00:00,41.718333,-71.523611,US,Rhode,RI_Kent,PAWTUXET RIVER NORTH BRANCH  115 / NORTHEAST / NARRAGANSETT BAY,00010,STORET Rhode,$|HOUR25,HWIN-VAR-001,0.833333,
STORET_Rhode_PWXNB115_19780419_      2500,STORET_Rhode,PWXNB115,00010,8.88889,,1978-04-19T00:00:00,41.718333,-71.523611,US,Rhode,RI_Kent,PAWTUXET RIVER NORTH BRANCH  115 / NORTHEAST / NARRAGANSETT BAY,00010,STORET Rhode,$|HOUR25,HWIN-VAR-001,8.88889,
STORET_Rhode_PWXNB115_19780525_      2500,STORET_Rhode,PWXNB115,00010,13.3333,,1978-05-25T00:00:00,41.718333,-71.523611,US,Rhode,RI_Kent,PAWTUXET RIVER NORTH BRANCH  115 / NORTHEAST / NARRAGANSETT BAY,00010,STORET Rhode,$|HOUR25,HWIN-VAR-001,13.3333,
STORET_Rhode_PWXNB115_19780628_      2500,STORET_Rhode,PWXNB115,00010,23.8889,,1978-06-28T00:00:00,41.718333,-71.523611,US,Rhode,RI_Kent,PAWTUXET RIVER NORTH BRANCH  115 / NORTHEAST / NARRAGANSETT BAY,00010,STORET Rhode,$|HOUR25,HWIN-VAR-001,23.8889,
STORET_Rhode_PWXNB115_19780816_      2500,STORET_Rhode,PWXNB115,00010,23.8889,,1978-08-16T00:00:00,41.718333,-71.523611,US,Rhode,RI_Kent,PAWTUXET RIVER NORTH BRANCH  115 / NORTHEAST / NARRAGANSETT BAY,00010,STORET Rhode,$|HOUR25,HWIN-VAR-001,23.8889,
STORET_Rhode_PWXNB115_19781025_      2500,STORET_Rhode,PWXNB115,00010,11.1111,,1978-10-25T00:00:00,41.718333,-71.523611,US,Rhode,RI_Kent,PAWTUXET RIVER NORTH BRANCH  115 / NORTHEAST / NARRAGANSETT BAY,00010,STORET Rhode,$|HOUR25,HWIN-VAR-001,11.1111,
STORET_Rhode_PWXPCD_19740411_      2500,STORET_Rhode,PWXPCD,00010,5.27778,,1974-04-11T00:00:00,41.764167,-71.390833,US,Rhode,RI_Kent,PAWTUXET RIVER AT PAW. COVE DAM / NORTHEAST / NARRAGANSETT BAY,00010,STORET Rhode,$|HOUR25,HWIN-VAR-001,5.27778,
STORET_Rhode_PWXPCD_19740717_      2500,STORET_Rhode,PWXPCD,00010,20.0,,1974-07-17T00:00:00,41.764167,-71.390833,US,Rhode,RI_Kent,PAWTUXET RIVER AT PAW. COVE DAM / NORTHEAST / NARRAGANSETT BAY,00010,STORET Rhode,$|HOUR25,HWIN-VAR-001,20.0,
STORET_Rhode_PWXPCD_19741011_      2500,STORET_Rhode,PWXPCD,00010,14.4444,,1974-10-11T00:00:00,41.764167,-71.390833,US,Rhode,RI_Kent,PAWTUXET RIVER AT PAW. COVE DAM / NORTHEAST / NARRAGANSETT BAY,00010,STORET Rhode,$|HOUR25,HWIN-VAR-001,14.4444,
STORET_Rhode_PWXPCD_19741204_      2500,STORET_Rhode,PWXPCD,00010,5.0,,1974-12-04T00:00:00,41.764167,-71.390833,US,Rhode,RI_Kent,PAWTUXET RIVER AT PAW. COVE DAM / NORTHEAST / NARRAGANSETT BAY,00010,STORET Rhode,$|HOUR25,HWIN-VAR-001,5.0,
STORET_Rhode_PWXPCD_19750220_      2500,STORET_Rhode,PWXPCD,00010,2.22222,,1975-02-20T00:00:00,41.764167,-71.390833,US,Rhode,RI_Kent,PAWTUXET RIVER AT PAW. COVE DAM / NORTHEAST / NARRAGANSETT BAY,00010,STORET Rhode,$|HOUR25,HWIN-VAR-001,2.22222,
STORET_Rhode_PWXPCD_19750430_      2500,STORET_Rhode,PWXPCD,00010,11.6667,,1975-04-30T00:00:00,41.764167,-71.390833,US,Rhode,RI_Kent,PAWTUXET RIVER AT PAW. COVE DAM / NORTHEAST / NARRAGANSETT BAY,00010,STORET Rhode,$|HOUR25,HWIN-VAR-001,11.6667,
STORET_Rhode_PWXPCD_19750710_      2500,STORET_Rhode,PWXPCD,00010,25.0,,1975-07-10T00:00:00,41.764167,-71.390833,US,Rhode,RI_Kent,PAWTUXET RIVER AT PAW. COVE DAM / NORTHEAST / NARRAGANSETT BAY,00010,STORET Rhode,$|HOUR25,HWIN-VAR-001,25.0,
STORET_Rhode_PWXPCD_19750912_      2500,STORET_Rhode,PWXPCD,00010,20.0,,1975-09-12T00:00:00,41.764167,-71.390833,US,Rhode,RI_Kent,PAWTUXET RIVER AT PAW. COVE DAM / NORTHEAST / NARRAGANSETT BAY,00010,STORET Rhode,$|HOUR25,HWIN-VAR-001,20.0,
STORET_Rhode_PWXPCD_19751023_      2500,STORET_Rhode,PWXPCD,00010,13.8889,,1975-10-23T00:00:00,41.764167,-71.390833,US,Rhode,RI_Kent,PAWTUXET RIVER AT PAW. COVE DAM / NORTHEAST / NARRAGANSETT BAY,00010,STORET Rhode,$|HOUR25,HWIN-VAR-001,13.8889,
STORET_Rhode_PWXPCD_19751204_      2500,STORET_Rhode,PWXPCD,00010,3.88889,,1975-12-04T00:00:00,41.764167,-71.390833,US,Rhode,RI_Kent,PAWTUXET RIVER AT PAW. COVE DAM / NORTHEAST / NARRAGANSETT BAY,00010,STORET Rhode,$|HOUR25,HWIN-VAR-001,3.88889,
STORET_Rhode_PWXPCD_19760219_      2500,STORET_Rhode,PWXPCD,00010,3.88889,,1976-02-19T00:00:00,41.764167,-71.390833,US,Rhode,RI_Kent,PAWTUXET RIVER AT PAW. COVE DAM / NORTHEAST / NARRAGANSETT BAY,00010,STORET Rhode,$|HOUR25,HWIN-VAR-001,3.88889,
STORET_Rhode_PWXPCD_19760421_      2500,STORET_Rhode,PWXPCD,00010,19.1667,,1976-04-21T00:00:00,41.764167,-71.390833,US,Rhode,RI_Kent,PAWTUXET RIVER AT PAW. COVE DAM / NORTHEAST / NARRAGANSETT BAY,00010,STORET Rhode,$|HOUR25,HWIN-VAR-001,19.1667,
STORET_Rhode_PWXPCD_19760617_      2500,STORET_Rhode,PWXPCD,00010,22.7778,,1976-06-17T00:00:00,41.764167,-71.390833,US,Rhode,RI_Kent,PAWTUXET RIVER AT PAW. COVE DAM / NORTHEAST / NARRAGANSETT BAY,00010,STORET Rhode,$|HOUR25,HWIN-VAR-001,22.7778,
STORET_Rhode_PWXPCD_19760915_      2500,STORET_Rhode,PWXPCD,00010,20.0,,1976-09-15T00:00:00,41.764167,-71.390833,US,Rhode,RI_Kent,PAWTUXET RIVER AT PAW. COVE DAM / NORTHEAST / NARRAGANSETT BAY,00010,STORET Rhode,$|HOUR25,HWIN-VAR-001,20.0,
STORET_Rhode_PWXPCD_19761118_      2500,STORET_Rhode,PWXPCD,00010,6.94444,,1976-11-18T00:00:00,41.764167,-71.390833,US,Rhode,RI_Kent,PAWTUXET RIVER AT PAW. COVE DAM / NORTHEAST / NARRAGANSETT BAY,00010,STORET Rhode,$|HOUR25,HWIN-VAR-001,6.94444,
STORET_Rhode_PWXPCD_19761215_      2500,STORET_Rhode,PWXPCD,00010,3.05556,,1976-12-15T00:00:00,41.764167,-71.390833,US,Rhode,RI_Kent,PAWTUXET RIVER AT PAW. COVE DAM / NORTHEAST / NARRAGANSETT BAY,00010,STORET Rhode,$|HOUR25,HWIN-VAR-001,3.05556,
STORET_Rhode_PWXPCD_19770216_      2500,STORET_Rhode,PWXPCD,00010,2.22222,,1977-02-16T00:00:00,41.764167,-71.390833,US,Rhode,RI_Kent,PAWTUXET RIVER AT PAW. COVE DAM / NORTHEAST / NARRAGANSETT BAY,00010,STORET Rhode,$|HOUR25,HWIN-VAR-001,2.22222,
STORET_Rhode_PWXPCD_19770427_      2500,STORET_Rhode,PWXPCD,00010,11.1111,,1977-04-27T00:00:00,41.764167,-71.390833,US,Rhode,RI_Kent,PAWTUXET RIVER AT PAW. COVE DAM / NORTHEAST / NARRAGANSETT BAY,00010,STORET Rhode,$|HOUR25,HWIN-VAR-001,11.1111,
STORET_Rhode_PWXPCD_19770629_      2500,STORET_Rhode,PWXPCD,00010,22.2222,,1977-06-29T00:00:00,41.764167,-71.390833,US,Rhode,RI_Kent,PAWTUXET RIVER AT PAW. COVE DAM / NORTHEAST / NARRAGANSETT BAY,00010,STORET Rhode,$|HOUR25,HWIN-VAR-001,22.2222,
STORET_Rhode_PWXPCD_19770824_      2500,STORET_Rhode,PWXPCD,00010,21.6667,,1977-08-24T00:00:00,41.764167,-71.390833,US,Rhode,RI_Kent,PAWTUXET RIVER AT PAW. COVE DAM / NORTHEAST / NARRAGANSETT BAY,00010,STORET Rhode,$|HOUR25,HWIN-VAR-001,21.6667,
STORET_Rhode_PWXPCD_19771027_      2500,STORET_Rhode,PWXPCD,00010,15.0,,1977-10-27T00:00:00,41.764167,-71.390833,US,Rhode,RI_Kent,PAWTUXET RIVER AT PAW. COVE DAM / NORTHEAST / NARRAGANSETT BAY,00010,STORET Rhode,$|HOUR25,HWIN-VAR-001,15.0,
STORET_Rhode_PWXPCD_19771229_      2500,STORET_Rhode,PWXPCD,00010,0.555556,,1977-12-29T00:00:00,41.764167,-71.390833,US,Rhode,RI_Kent,PAWTUXET RIVER AT PAW. COVE DAM / NORTHEAST / NARRAGANSETT BAY,00010,STORET Rhode,$|HOUR25,HWIN-VAR-001,0.555556,
STORET_Rhode_PWXPCD_19780419_      2500,STORET_Rhode,PWXPCD,00010,8.88889,,1978-04-19T00:00:00,41.764167,-71.390833,US,Rhode,RI_Kent,PAWTUXET RIVER AT PAW. COVE DAM / NORTHEAST / NARRAGANSETT BAY,00010,STORET Rhode,$|HOUR25,HWIN-VAR-001,8.88889,
STORET_Rhode_PWXPCD_19780525_      2500,STORET_Rhode,PWXPCD,00010,13.3333,,1978-05-25T00:00:00,41.764167,-71.390833,US,Rhode,RI_Kent,PAWTUXET RIVER AT PAW. COVE DAM / NORTHEAST / NARRAGANSETT BAY,00010,STORET Rhode,$|HOUR25,HWIN-VAR-001,13.3333,
STORET_Rhode_PWXPCD_19780628_      2500,STORET_Rhode,PWXPCD,00010,23.8889,,1978-06-28T00:00:00,41.764167,-71.390833,US,Rhode,RI_Kent,PAWTUXET RIVER AT PAW. COVE DAM / NORTHEAST / NARRAGANSETT BAY,00010,STORET Rhode,$|HOUR25,HWIN-VAR-001,23.8889,
STORET_Rhode_PWXPCD_19780816_      2500,STORET_Rhode,PWXPCD,00010,24.4444,,1978-08-16T00:00:00,41.764167,-71.390833,US,Rhode,RI_Kent,PAWTUXET RIVER AT PAW. COVE DAM / NORTHEAST / NARRAGANSETT BAY,00010,STORET Rhode,$|HOUR25,HWIN-VAR-001,24.4444,
STORET_Rhode_PWXPCD_19781025_      2500,STORET_Rhode,PWXPCD,00010,12.2222,,1978-10-25T00:00:00,41.764167,-71.390833,US,Rhode,RI_Kent,PAWTUXET RIVER AT PAW. COVE DAM / NORTHEAST / NARRAGANSETT BAY,00010,STORET Rhode,$|HOUR25,HWIN-VAR-001,12.2222,
STORET_Rhode_RI01_19780809_      0800,STORET_Rhode,RI01,00010,18.8889,,1978-08-09T08:00:00,41.574167,-71.720833,US,Rhode,RI_Kent,"WOOD RIVER, TEN ROD RD (RTE 165) / NORTHEAST / PAWCATUCK RIVER",00010,STORET Rhode,$,HWIN-VAR-001,18.8889,
STORET_Rhode_RI01_19780816_      0800,STORET_Rhode,RI01,00010,18.8889,,1978-08-16T08:00:00,41.574167,-71.720833,US,Rhode,RI_Kent,"WOOD RIVER, TEN ROD RD (RTE 165) / NORTHEAST / PAWCATUCK RIVER",00010,STORET Rhode,$,HWIN-VAR-001,18.8889,
STORET_Rhode_RI01_19780823_      0830,STORET_Rhode,RI01,00010,15.0,,1978-08-23T08:30:00,41.574167,-71.720833,US,Rhode,RI_Kent,"WOOD RIVER, TEN ROD RD (RTE 165) / NORTHEAST / PAWCATUCK RIVER",00010,STORET Rhode,$,HWIN-VAR-001,15.0,
STORET_Rhode_RI01_19780830_      0800,STORET_Rhode,RI01,00010,17.2222,,1978-08-30T08:00:00,41.574167,-71.720833,US,Rhode,RI_Kent,"WOOD RIVER, TEN ROD RD (RTE 165) / NORTHEAST / PAWCATUCK RIVER",00010,STORET Rhode,$,HWIN-VAR-001,17.2222,
STORET_Rhode_RI01_19780905_      0820,STORET_Rhode,RI01,00010,13.8889,,1978-09-05T08:20:00,41.574167,-71.720833,US,Rhode,RI_Kent,"WOOD RIVER, TEN ROD RD (RTE 165) / NORTHEAST / PAWCATUCK RIVER",00010,STORET Rhode,$,HWIN-VAR-001,13.8889,
STORET_Rhode_RI01_19780914_      0900,STORET_Rhode,RI01,00010,11.1111,,1978-09-14T09:00:00,41.574167,-71.720833,US,Rhode,RI_Kent,"WOOD RIVER, TEN ROD RD (RTE 165) / NORTHEAST / PAWCATUCK RIVER",00010,STORET Rhode,$,HWIN-VAR-001,11.1111,
STORET_Rhode_RI01_19780920_      0930,STORET_Rhode,RI01,00010,12.2222,,1978-09-20T09:30:00,41.574167,-71.720833,US,Rhode,RI_Kent,"WOOD RIVER, TEN ROD RD (RTE 165) / NORTHEAST / PAWCATUCK RIVER",00010,STORET Rhode,$,HWIN-VAR-001,12.2222,
STORET_Rhode_RI01_19780926_      0815,STORET_Rhode,RI01,00010,9.44444,,1978-09-26T08:15:00,41.574167,-71.720833,US,Rhode,RI_Kent,"WOOD RIVER, TEN ROD RD (RTE 165) / NORTHEAST / PAWCATUCK RIVER",00010,STORET Rhode,$,HWIN-VAR-001,9.44444,
STORET_Rhode_RI01_19781003_      0515,STORET_Rhode,RI01,00010,11.1111,,1978-10-03T05:15:00,41.574167,-71.720833,US,Rhode,RI_Kent,"WOOD RIVER, TEN ROD RD (RTE 165) / NORTHEAST / PAWCATUCK RIVER",00010,STORET Rhode,$,HWIN-VAR-001,11.1111,
STORET_Rhode_RI01_19781010_      0810,STORET_Rhode,RI01,00010,6.11111,,1978-10-10T08:10:00,41.574167,-71.720833,US,Rhode,RI_Kent,"WOOD RIVER, TEN ROD RD (RTE 165) / NORTHEAST / PAWCATUCK RIVER",00010,STORET Rhode,$,HWIN-VAR-001,6.11111,
STORET_Rhode_RI01_19781016_      1145,STORET_Rhode,RI01,00010,8.88889,,1978-10-16T11:45:00,41.574167,-71.720833,US,Rhode,RI_Kent,"WOOD RIVER, TEN ROD RD (RTE 165) / NORTHEAST / PAWCATUCK RIVER",00010,STORET Rhode,$,HWIN-VAR-001,8.88889,
STORET_Rhode_RI01_19781024_      0815,STORET_Rhode,RI01,00010,8.33333,,1978-10-24T08:15:00,41.574167,-71.720833,US,Rhode,RI_Kent,"WOOD RIVER, TEN ROD RD (RTE 165) / NORTHEAST / PAWCATUCK RIVER",00010,STORET Rhode,$,HWIN-VAR-001,8.33333,
STORET_Rhode_RI01_19781113_      0820,STORET_Rhode,RI01,00010,4.44444,,1978-11-13T08:20:00,41.574167,-71.720833,US,Rhode,RI_Kent,"WOOD RIVER, TEN ROD RD (RTE 165) / NORTHEAST / PAWCATUCK RIVER",00010,STORET Rhode,$,HWIN-VAR-001,4.44444,
STORET_Rhode_RI01_19781211_      1210,STORET_Rhode,RI01,00010,1.66667,,1978-12-11T12:10:00,41.574167,-71.720833,US,Rhode,RI_Kent,"WOOD RIVER, TEN ROD RD (RTE 165) / NORTHEAST / PAWCATUCK RIVER",00010,STORET Rhode,$,HWIN-VAR-001,1.66667,
STORET_Rhode_RI01_19790115_      1055,STORET_Rhode,RI01,00010,1.66667,,1979-01-15T10:55:00,41.574167,-71.720833,US,Rhode,RI_Kent,"WOOD RIVER, TEN ROD RD (RTE 165) / NORTHEAST / PAWCATUCK RIVER",00010,STORET Rhode,$,HWIN-VAR-001,1.66667,
STORET_Rhode_RI01_19790205_      0930,STORET_Rhode,RI01,00010,0.555556,,1979-02-05T09:30:00,41.574167,-71.720833,US,Rhode,RI_Kent,"WOOD RIVER, TEN ROD RD (RTE 165) / NORTHEAST / PAWCATUCK RIVER",00010,STORET Rhode,$,HWIN-VAR-001,0.555556,
STORET_Rhode_RI01_19790319_      1030,STORET_Rhode,RI01,00010,5.0,,1979-03-19T10:30:00,41.574167,-71.720833,US,Rhode,RI_Kent,"WOOD RIVER, TEN ROD RD (RTE 165) / NORTHEAST / PAWCATUCK RIVER",00010,STORET Rhode,$,HWIN-VAR-001,5.0,
STORET_Rhode_RI01_19790405_      0834,STORET_Rhode,RI01,00010,6.66667,,1979-04-05T08:34:00,41.574167,-71.720833,US,Rhode,RI_Kent,"WOOD RIVER, TEN ROD RD (RTE 165) / NORTHEAST / PAWCATUCK RIVER",00010,STORET Rhode,$,HWIN-VAR-001,6.66667,
STORET_Rhode_RI01_19790424_      0620,STORET_Rhode,RI01,00010,8.88889,,1979-04-24T06:20:00,41.574167,-71.720833,US,Rhode,RI_Kent,"WOOD RIVER, TEN ROD RD (RTE 165) / NORTHEAST / PAWCATUCK RIVER",00010,STORET Rhode,$,HWIN-VAR-001,8.88889,
STORET_Rhode_RI01_19790522_      0620,STORET_Rhode,RI01,00010,12.7778,,1979-05-22T06:20:00,41.574167,-71.720833,US,Rhode,RI_Kent,"WOOD RIVER, TEN ROD RD (RTE 165) / NORTHEAST / PAWCATUCK RIVER",00010,STORET Rhode,$,HWIN-VAR-001,12.7778,
STORET_Rhode_RI02_19780816_      0830,STORET_Rhode,RI02,00010,20.5555,,1978-08-16T08:30:00,41.62675,-71.633333,US,Rhode,RI_Kent,NOOSENECK RIVER AT RTE 3 BRIDGE / NORTHEAST / NARRAGANSETT BAY,00010,STORET Rhode,$,HWIN-VAR-001,20.5555,
STORET_Rhode_RI02_19780823_      0915,STORET_Rhode,RI02,00010,17.7778,,1978-08-23T09:15:00,41.62675,-71.633333,US,Rhode,RI_Kent,NOOSENECK RIVER AT RTE 3 BRIDGE / NORTHEAST / NARRAGANSETT BAY,00010,STORET Rhode,$,HWIN-VAR-001,17.7778,
STORET_Rhode_RI02_19780830_      0825,STORET_Rhode,RI02,00010,17.7778,,1978-08-30T08:25:00,41.62675,-71.633333,US,Rhode,RI_Kent,NOOSENECK RIVER AT RTE 3 BRIDGE / NORTHEAST / NARRAGANSETT BAY,00010,STORET Rhode,$,HWIN-VAR-001,17.7778,
STORET_Rhode_RI02_19780905_      0845,STORET_Rhode,RI02,00010,16.1111,,1978-09-05T08:45:00,41.62675,-71.633333,US,Rhode,RI_Kent,NOOSENECK RIVER AT RTE 3 BRIDGE / NORTHEAST / NARRAGANSETT BAY,00010,STORET Rhode,$,HWIN-VAR-001,16.1111,
STORET_Rhode_RI02_19780914_      0920,STORET_Rhode,RI02,00010,12.2222,,1978-09-14T09:20:00,41.62675,-71.633333,US,Rhode,RI_Kent,NOOSENECK RIVER AT RTE 3 BRIDGE / NORTHEAST / NARRAGANSETT BAY,00010,STORET Rhode,$,HWIN-VAR-001,12.2222,
STORET_Rhode_RI02_19780920_      1010,STORET_Rhode,RI02,00010,12.7778,,1978-09-20T10:10:00,41.62675,-71.633333,US,Rhode,RI_Kent,NOOSENECK RIVER AT RTE 3 BRIDGE / NORTHEAST / NARRAGANSETT BAY,00010,STORET Rhode,$,HWIN-VAR-001,12.7778,
STORET_Rhode_RI02_19780926_      0835,STORET_Rhode,RI02,00010,11.1111,,1978-09-26T08:35:00,41.62675,-71.633333,US,Rhode,RI_Kent,NOOSENECK RIVER AT RTE 3 BRIDGE / NORTHEAST / NARRAGANSETT BAY,00010,STORET Rhode,$,HWIN-VAR-001,11.1111,
STORET_Rhode_RI02_19781003_      0545,STORET_Rhode,RI02,00010,12.2222,,1978-10-03T05:45:00,41.62675,-71.633333,US,Rhode,RI_Kent,NOOSENECK RIVER AT RTE 3 BRIDGE / NORTHEAST / NARRAGANSETT BAY,00010,STORET Rhode,$,HWIN-VAR-001,12.2222,
STORET_Rhode_RI02_19781010_      0835,STORET_Rhode,RI02,00010,7.22222,,1978-10-10T08:35:00,41.62675,-71.633333,US,Rhode,RI_Kent,NOOSENECK RIVER AT RTE 3 BRIDGE / NORTHEAST / NARRAGANSETT BAY,00010,STORET Rhode,$,HWIN-VAR-001,7.22222,
STORET_Rhode_RI02_19781016_      1110,STORET_Rhode,RI02,00010,8.88889,,1978-10-16T11:10:00,41.62675,-71.633333,US,Rhode,RI_Kent,NOOSENECK RIVER AT RTE 3 BRIDGE / NORTHEAST / NARRAGANSETT BAY,00010,STORET Rhode,$,HWIN-VAR-001,8.88889,
STORET_Rhode_RI02_19781024_      0840,STORET_Rhode,RI02,00010,8.88889,,1978-10-24T08:40:00,41.62675,-71.633333,US,Rhode,RI_Kent,NOOSENECK RIVER AT RTE 3 BRIDGE / NORTHEAST / NARRAGANSETT BAY,00010,STORET Rhode,$,HWIN-VAR-001,8.88889,
STORET_Rhode_RI02_19781113_      0840,STORET_Rhode,RI02,00010,4.44444,,1978-11-13T08:40:00,41.62675,-71.633333,US,Rhode,RI_Kent,NOOSENECK RIVER AT RTE 3 BRIDGE / NORTHEAST / NARRAGANSETT BAY,00010,STORET Rhode,$,HWIN-VAR-001,4.44444,
STORET_Rhode_RI02_19781211_      1150,STORET_Rhode,RI02,00010,1.66667,,1978-12-11T11:50:00,41.62675,-71.633333,US,Rhode,RI_Kent,NOOSENECK RIVER AT RTE 3 BRIDGE / NORTHEAST / NARRAGANSETT BAY,00010,STORET Rhode,$,HWIN-VAR-001,1.66667,
STORET_Rhode_RI02_19790115_      1115,STORET_Rhode,RI02,00010,1.66667,,1979-01-15T11:15:00,41.62675,-71.633333,US,Rhode,RI_Kent,NOOSENECK RIVER AT RTE 3 BRIDGE / NORTHEAST / NARRAGANSETT BAY,00010,STORET Rhode,$,HWIN-VAR-001,1.66667,
STORET_Rhode_RI02_19790205_      0950,STORET_Rhode,RI02,00010,0.555556,,1979-02-05T09:50:00,41.62675,-71.633333,US,Rhode,RI_Kent,NOOSENECK RIVER AT RTE 3 BRIDGE / NORTHEAST / NARRAGANSETT BAY,00010,STORET Rhode,$,HWIN-VAR-001,0.555556,
STORET_Rhode_RI02_19790319_      1050,STORET_Rhode,RI02,00010,4.44444,,1979-03-19T10:50:00,41.62675,-71.633333,US,Rhode,RI_Kent,NOOSENECK RIVER AT RTE 3 BRIDGE / NORTHEAST / NARRAGANSETT BAY,00010,STORET Rhode,$,HWIN-VAR-001,4.44444,
STORET_Rhode_RI02_19790405_      0855,STORET_Rhode,RI02,00010,6.66667,,1979-04-05T08:55:00,41.62675,-71.633333,US,Rhode,RI_Kent,NOOSENECK RIVER AT RTE 3 BRIDGE / NORTHEAST / NARRAGANSETT BAY,00010,STORET Rhode,$,HWIN-VAR-001,6.66667,
STORET_Rhode_RI02_19790424_      0635,STORET_Rhode,RI02,00010,8.88889,,1979-04-24T06:35:00,41.62675,-71.633333,US,Rhode,RI_Kent,NOOSENECK RIVER AT RTE 3 BRIDGE / NORTHEAST / NARRAGANSETT BAY,00010,STORET Rhode,$,HWIN-VAR-001,8.88889,
STORET_Rhode_RI02_19790522_      0645,STORET_Rhode,RI02,00010,12.7778,,1979-05-22T06:45:00,41.62675,-71.633333,US,Rhode,RI_Kent,NOOSENECK RIVER AT RTE 3 BRIDGE / NORTHEAST / NARRAGANSETT BAY,00010,STORET Rhode,$,HWIN-VAR-001,12.7778,
STORET_Rhode_RI03_19780809_      0830,STORET_Rhode,RI03,00010,20.0,,1978-08-09T08:30:00,41.665,-71.619583,US,Rhode,RI_Kent,BIG RIVER ABOVE CARR RIVER / NORTHEAST / NARRAGANSETT BAY,00010,STORET Rhode,$,HWIN-VAR-001,20.0,
STORET_Rhode_RI03_19780816_      0855,STORET_Rhode,RI03,00010,20.5555,,1978-08-16T08:55:00,41.665,-71.619583,US,Rhode,RI_Kent,BIG RIVER ABOVE CARR RIVER / NORTHEAST / NARRAGANSETT BAY,00010,STORET Rhode,$,HWIN-VAR-001,20.5555,
STORET_Rhode_RI03_19780823_      0935,STORET_Rhode,RI03,00010,17.7778,,1978-08-23T09:35:00,41.665,-71.619583,US,Rhode,RI_Kent,BIG RIVER ABOVE CARR RIVER / NORTHEAST / NARRAGANSETT BAY,00010,STORET Rhode,$,HWIN-VAR-001,17.7778,
STORET_Rhode_RI03_19780830_      0845,STORET_Rhode,RI03,00010,18.3333,,1978-08-30T08:45:00,41.665,-71.619583,US,Rhode,RI_Kent,BIG RIVER ABOVE CARR RIVER / NORTHEAST / NARRAGANSETT BAY,00010,STORET Rhode,$,HWIN-VAR-001,18.3333,
STORET_Rhode_RI03_19780905_      0905,STORET_Rhode,RI03,00010,15.5556,,1978-09-05T09:05:00,41.665,-71.619583,US,Rhode,RI_Kent,BIG RIVER ABOVE CARR RIVER / NORTHEAST / NARRAGANSETT BAY,00010,STORET Rhode,$,HWIN-VAR-001,15.5556,
STORET_Rhode_RI03_19780914_      0940,STORET_Rhode,RI03,00010,12.2222,,1978-09-14T09:40:00,41.665,-71.619583,US,Rhode,RI_Kent,BIG RIVER ABOVE CARR RIVER / NORTHEAST / NARRAGANSETT BAY,00010,STORET Rhode,$,HWIN-VAR-001,12.2222,
STORET_Rhode_RI03_19780920_      0820,STORET_Rhode,RI03,00010,17.2222,,1978-09-20T08:20:00,41.665,-71.619583,US,Rhode,RI_Kent,BIG RIVER ABOVE CARR RIVER / NORTHEAST / NARRAGANSETT BAY,00010,STORET Rhode,$,HWIN-VAR-001,17.2222,
STORET_Rhode_RI03_19780926_      0855,STORET_Rhode,RI03,00010,11.1111,,1978-09-26T08:55:00,41.665,-71.619583,US,Rhode,RI_Kent,BIG RIVER ABOVE CARR RIVER / NORTHEAST / NARRAGANSETT BAY,00010,STORET Rhode,$,HWIN-VAR-001,11.1111,
STORET_Rhode_RI03_19781003_      0655,STORET_Rhode,RI03,00010,12.2222,,1978-10-03T06:55:00,41.665,-71.619583,US,Rhode,RI_Kent,BIG RIVER ABOVE CARR RIVER / NORTHEAST / NARRAGANSETT BAY,00010,STORET Rhode,$,HWIN-VAR-001,12.2222,
STORET_Rhode_RI03_19781010_      0855,STORET_Rhode,RI03,00010,6.66667,,1978-10-10T08:55:00,41.665,-71.619583,US,Rhode,RI_Kent,BIG RIVER ABOVE CARR RIVER / NORTHEAST / NARRAGANSETT BAY,00010,STORET Rhode,$,HWIN-VAR-001,6.66667,
STORET_Rhode_RI03_19781016_      1035,STORET_Rhode,RI03,00010,7.77778,,1978-10-16T10:35:00,41.665,-71.619583,US,Rhode,RI_Kent,BIG RIVER ABOVE CARR RIVER / NORTHEAST / NARRAGANSETT BAY,00010,STORET Rhode,$,HWIN-VAR-001,7.77778,
STORET_Rhode_RI03_19781024_      0900,STORET_Rhode,RI03,00010,9.44444,,1978-10-24T09:00:00,41.665,-71.619583,US,Rhode,RI_Kent,BIG RIVER ABOVE CARR RIVER / NORTHEAST / NARRAGANSETT BAY,00010,STORET Rhode,$,HWIN-VAR-001,9.44444,
STORET_Rhode_RI03_19781113_      0900,STORET_Rhode,RI03,00010,4.44444,,1978-11-13T09:00:00,41.665,-71.619583,US,Rhode,RI_Kent,BIG RIVER ABOVE CARR RIVER / NORTHEAST / NARRAGANSETT BAY,00010,STORET Rhode,$,HWIN-VAR-001,4.44444,
STORET_Rhode_RI03_19781211_      1130,STORET_Rhode,RI03,00010,3.33333,,1978-12-11T11:30:00,41.665,-71.619583,US,Rhode,RI_Kent,BIG RIVER ABOVE CARR RIVER / NORTHEAST / NARRAGANSETT BAY,00010,STORET Rhode,$,HWIN-VAR-001,3.33333,
STORET_Rhode_RI03_19790115_      1135,STORET_Rhode,RI03,00010,1.66667,,1979-01-15T11:35:00,41.665,-71.619583,US,Rhode,RI_Kent,BIG RIVER ABOVE CARR RIVER / NORTHEAST / NARRAGANSETT BAY,00010,STORET Rhode,$,HWIN-VAR-001,1.66667,
STORET_Rhode_RI03_19790205_      1010,STORET_Rhode,RI03,00010,0.555556,,1979-02-05T10:10:00,41.665,-71.619583,US,Rhode,RI_Kent,BIG RIVER ABOVE CARR RIVER / NORTHEAST / NARRAGANSETT BAY,00010,STORET Rhode,$,HWIN-VAR-001,0.555556,
STORET_Rhode_RI03_19790319_      1110,STORET_Rhode,RI03,00010,4.44444,,1979-03-19T11:10:00,41.665,-71.619583,US,Rhode,RI_Kent,BIG RIVER ABOVE CARR RIVER / NORTHEAST / NARRAGANSETT BAY,00010,STORET Rhode,$,HWIN-VAR-001,4.44444,
STORET_Rhode_RI03_19790405_      0910,STORET_Rhode,RI03,00010,6.66667,,1979-04-05T09:10:00,41.665,-71.619583,US,Rhode,RI_Kent,BIG RIVER ABOVE CARR RIVER / NORTHEAST / NARRAGANSETT BAY,00010,STORET Rhode,$,HWIN-VAR-001,6.66667,
STORET_Rhode_RI03_19790424_      0658,STORET_Rhode,RI03,00010,8.88889,,1979-04-24T06:58:00,41.665,-71.619583,US,Rhode,RI_Kent,BIG RIVER ABOVE CARR RIVER / NORTHEAST / NARRAGANSETT BAY,00010,STORET Rhode,$,HWIN-VAR-001,8.88889,
STORET_Rhode_RI03_19790522_      0700,STORET_Rhode,RI03,00010,12.7778,,1979-05-22T07:00:00,41.665,-71.619583,US,Rhode,RI_Kent,BIG RIVER ABOVE CARR RIVER / NORTHEAST / NARRAGANSETT BAY,00010,STORET Rhode,$,HWIN-VAR-001,12.7778,
STORET_Rhode_RI04_19780809_      0850,STORET_Rhode,RI04,00010,23.8889,,1978-08-09T08:50:00,41.643194,-71.608056,US,Rhode,RI_Kent,CARR RIVER AT BURNT SAWMILL RD / NORTHEAST / NARRAGANSETT BAY,00010,STORET Rhode,$,HWIN-VAR-001,23.8889,
STORET_Rhode_RI04_19780816_      0910,STORET_Rhode,RI04,00010,23.8889,,1978-08-16T09:10:00,41.643194,-71.608056,US,Rhode,RI_Kent,CARR RIVER AT BURNT SAWMILL RD / NORTHEAST / NARRAGANSETT BAY,00010,STORET Rhode,$,HWIN-VAR-001,23.8889,
STORET_Rhode_RI04_19780823_      0955,STORET_Rhode,RI04,00010,22.2222,,1978-08-23T09:55:00,41.643194,-71.608056,US,Rhode,RI_Kent,CARR RIVER AT BURNT SAWMILL RD / NORTHEAST / NARRAGANSETT BAY,00010,STORET Rhode,$,HWIN-VAR-001,22.2222,
STORET_Rhode_RI04_19780830_      0900,STORET_Rhode,RI04,00010,20.5555,,1978-08-30T09:00:00,41.643194,-71.608056,US,Rhode,RI_Kent,CARR RIVER AT BURNT SAWMILL RD / NORTHEAST / NARRAGANSETT BAY,00010,STORET Rhode,$,HWIN-VAR-001,20.5555,
STORET_Rhode_RI04_19780905_      0920,STORET_Rhode,RI04,00010,19.4444,,1978-09-05T09:20:00,41.643194,-71.608056,US,Rhode,RI_Kent,CARR RIVER AT BURNT SAWMILL RD / NORTHEAST / NARRAGANSETT BAY,00010,STORET Rhode,$,HWIN-VAR-001,19.4444,
STORET_Rhode_RI04_19780914_      0955,STORET_Rhode,RI04,00010,17.2222,,1978-09-14T09:55:00,41.643194,-71.608056,US,Rhode,RI_Kent,CARR RIVER AT BURNT SAWMILL RD / NORTHEAST / NARRAGANSETT BAY,00010,STORET Rhode,$,HWIN-VAR-001,17.2222,
STORET_Rhode_RI04_19780920_      0900,STORET_Rhode,RI04,00010,12.2222,,1978-09-20T09:00:00,41.643194,-71.608056,US,Rhode,RI_Kent,CARR RIVER AT BURNT SAWMILL RD / NORTHEAST / NARRAGANSETT BAY,00010,STORET Rhode,$,HWIN-VAR-001,12.2222,
STORET_Rhode_RI04_19780926_      0910,STORET_Rhode,RI04,00010,13.8889,,1978-09-26T09:10:00,41.643194,-71.608056,US,Rhode,RI_Kent,CARR RIVER AT BURNT SAWMILL RD / NORTHEAST / NARRAGANSETT BAY,00010,STORET Rhode,$,HWIN-VAR-001,13.8889,
STORET_Rhode_RI04_19781003_      0625,STORET_Rhode,RI04,00010,15.0,,1978-10-03T06:25:00,41.643194,-71.608056,US,Rhode,RI_Kent,CARR RIVER AT BURNT SAWMILL RD / NORTHEAST / NARRAGANSETT BAY,00010,STORET Rhode,$,HWIN-VAR-001,15.0,
STORET_Rhode_RI04_19781010_      0910,STORET_Rhode,RI04,00010,10.0,,1978-10-10T09:10:00,41.643194,-71.608056,US,Rhode,RI_Kent,CARR RIVER AT BURNT SAWMILL RD / NORTHEAST / NARRAGANSETT BAY,00010,STORET Rhode,$,HWIN-VAR-001,10.0,
STORET_Rhode_RI04_19781016_      1005,STORET_Rhode,RI04,00010,11.1111,,1978-10-16T10:05:00,41.643194,-71.608056,US,Rhode,RI_Kent,CARR RIVER AT BURNT SAWMILL RD / NORTHEAST / NARRAGANSETT BAY,00010,STORET Rhode,$,HWIN-VAR-001,11.1111,
STORET_Rhode_RI04_19781024_      0915,STORET_Rhode,RI04,00010,11.1111,,1978-10-24T09:15:00,41.643194,-71.608056,US,Rhode,RI_Kent,CARR RIVER AT BURNT SAWMILL RD / NORTHEAST / NARRAGANSETT BAY,00010,STORET Rhode,$,HWIN-VAR-001,11.1111,
STORET_Rhode_RI04_19781113_      0915,STORET_Rhode,RI04,00010,6.66667,,1978-11-13T09:15:00,41.643194,-71.608056,US,Rhode,RI_Kent,CARR RIVER AT BURNT SAWMILL RD / NORTHEAST / NARRAGANSETT BAY,00010,STORET Rhode,$,HWIN-VAR-001,6.66667,
STORET_Rhode_RI04_19781211_      1015,STORET_Rhode,RI04,00010,3.33333,,1978-12-11T10:15:00,41.643194,-71.608056,US,Rhode,RI_Kent,CARR RIVER AT BURNT SAWMILL RD / NORTHEAST / NARRAGANSETT BAY,00010,STORET Rhode,$,HWIN-VAR-001,3.33333,
STORET_Rhode_RI04_19790115_      1150,STORET_Rhode,RI04,00010,1.66667,,1979-01-15T11:50:00,41.643194,-71.608056,US,Rhode,RI_Kent,CARR RIVER AT BURNT SAWMILL RD / NORTHEAST / NARRAGANSETT BAY,00010,STORET Rhode,$,HWIN-VAR-001,1.66667,
STORET_Rhode_RI04_19790205_      1025,STORET_Rhode,RI04,00010,0.555556,,1979-02-05T10:25:00,41.643194,-71.608056,US,Rhode,RI_Kent,CARR RIVER AT BURNT SAWMILL RD / NORTHEAST / NARRAGANSETT BAY,00010,STORET Rhode,$,HWIN-VAR-001,0.555556,
STORET_Rhode_RI04_19790319_      1130,STORET_Rhode,RI04,00010,3.88889,,1979-03-19T11:30:00,41.643194,-71.608056,US,Rhode,RI_Kent,CARR RIVER AT BURNT SAWMILL RD / NORTHEAST / NARRAGANSETT BAY,00010,STORET Rhode,$,HWIN-VAR-001,3.88889,
STORET_Rhode_RI04_19790405_      0925,STORET_Rhode,RI04,00010,6.66667,,1979-04-05T09:25:00,41.643194,-71.608056,US,Rhode,RI_Kent,CARR RIVER AT BURNT SAWMILL RD / NORTHEAST / NARRAGANSETT BAY,00010,STORET Rhode,$,HWIN-VAR-001,6.66667,
STORET_Rhode_RI04_19790424_      0710,STORET_Rhode,RI04,00010,12.7778,,1979-04-24T07:10:00,41.643194,-71.608056,US,Rhode,RI_Kent,CARR RIVER AT BURNT SAWMILL RD / NORTHEAST / NARRAGANSETT BAY,00010,STORET Rhode,$,HWIN-VAR-001,12.7778,
STORET_Rhode_RI04_19790522_      0715,STORET_Rhode,RI04,00010,16.1111,,1979-05-22T07:15:00,41.643194,-71.608056,US,Rhode,RI_Kent,CARR RIVER AT BURNT SAWMILL RD / NORTHEAST / NARRAGANSETT BAY,00010,STORET Rhode,$,HWIN-VAR-001,16.1111,
STORET_Rhode_RI05_19780809_      0905,STORET_Rhode,RI05,00010,23.8889,,1978-08-09T09:05:00,41.665,-71.619583,US,Rhode,RI_Kent,BIG RIVER AT HARKNEY HILL ROAD / NORTHEAST / NARRAGANSETT BAY,00010,STORET Rhode,$,HWIN-VAR-001,23.8889,
STORET_Rhode_RI05_19780816_      0925,STORET_Rhode,RI05,00010,24.4444,,1978-08-16T09:25:00,41.665,-71.619583,US,Rhode,RI_Kent,BIG RIVER AT HARKNEY HILL ROAD / NORTHEAST / NARRAGANSETT BAY,00010,STORET Rhode,$,HWIN-VAR-001,24.4444,
STORET_Rhode_RI05_19780823_      1015,STORET_Rhode,RI05,00010,22.7778,,1978-08-23T10:15:00,41.665,-71.619583,US,Rhode,RI_Kent,BIG RIVER AT HARKNEY HILL ROAD / NORTHEAST / NARRAGANSETT BAY,00010,STORET Rhode,$,HWIN-VAR-001,22.7778,
STORET_Rhode_RI05_19780830_      0915,STORET_Rhode,RI05,00010,22.2222,,1978-08-30T09:15:00,41.665,-71.619583,US,Rhode,RI_Kent,BIG RIVER AT HARKNEY HILL ROAD / NORTHEAST / NARRAGANSETT BAY,00010,STORET Rhode,$,HWIN-VAR-001,22.2222,
STORET_Rhode_RI05_19780905_      0955,STORET_Rhode,RI05,00010,20.0,,1978-09-05T09:55:00,41.665,-71.619583,US,Rhode,RI_Kent,BIG RIVER AT HARKNEY HILL ROAD / NORTHEAST / NARRAGANSETT BAY,00010,STORET Rhode,$,HWIN-VAR-001,20.0,
STORET_Rhode_RI05_19780914_      1010,STORET_Rhode,RI05,00010,16.1111,,1978-09-14T10:10:00,41.665,-71.619583,US,Rhode,RI_Kent,BIG RIVER AT HARKNEY HILL ROAD / NORTHEAST / NARRAGANSETT BAY,00010,STORET Rhode,$,HWIN-VAR-001,16.1111,
STORET_Rhode_RI05_19780920_      1050,STORET_Rhode,RI05,00010,16.1111,,1978-09-20T10:50:00,41.665,-71.619583,US,Rhode,RI_Kent,BIG RIVER AT HARKNEY HILL ROAD / NORTHEAST / NARRAGANSETT BAY,00010,STORET Rhode,$,HWIN-VAR-001,16.1111,
STORET_Rhode_RI05_19780926_      0925,STORET_Rhode,RI05,00010,13.8889,,1978-09-26T09:25:00,41.665,-71.619583,US,Rhode,RI_Kent,BIG RIVER AT HARKNEY HILL ROAD / NORTHEAST / NARRAGANSETT BAY,00010,STORET Rhode,$,HWIN-VAR-001,13.8889,
STORET_Rhode_RI05_19781003_      0730,STORET_Rhode,RI05,00010,13.8889,,1978-10-03T07:30:00,41.665,-71.619583,US,Rhode,RI_Kent,BIG RIVER AT HARKNEY HILL ROAD / NORTHEAST / NARRAGANSETT BAY,00010,STORET Rhode,$,HWIN-VAR-001,13.8889,
STORET_Rhode_RI05_19781010_      0925,STORET_Rhode,RI05,00010,9.44444,,1978-10-10T09:25:00,41.665,-71.619583,US,Rhode,RI_Kent,BIG RIVER AT HARKNEY HILL ROAD / NORTHEAST / NARRAGANSETT BAY,00010,STORET Rhode,$,HWIN-VAR-001,9.44444,
STORET_Rhode_RI05_19781016_      0935,STORET_Rhode,RI05,00010,10.0,,1978-10-16T09:35:00,41.665,-71.619583,US,Rhode,RI_Kent,BIG RIVER AT HARKNEY HILL ROAD / NORTHEAST / NARRAGANSETT BAY,00010,STORET Rhode,$,HWIN-VAR-001,10.0,
STORET_Rhode_RI05_19781024_      0935,STORET_Rhode,RI05,00010,8.88889,,1978-10-24T09:35:00,41.665,-71.619583,US,Rhode,RI_Kent,BIG RIVER AT HARKNEY HILL ROAD / NORTHEAST / NARRAGANSETT BAY,00010,STORET Rhode,$,HWIN-VAR-001,8.88889,
STORET_Rhode_RI05_19781113_      0935,STORET_Rhode,RI05,00010,5.55556,,1978-11-13T09:35:00,41.665,-71.619583,US,Rhode,RI_Kent,BIG RIVER AT HARKNEY HILL ROAD / NORTHEAST / NARRAGANSETT BAY,00010,STORET Rhode,$,HWIN-VAR-001,5.55556,
STORET_Rhode_RI05_19781211_      1300,STORET_Rhode,RI05,00010,1.66667,,1978-12-11T13:00:00,41.665,-71.619583,US,Rhode,RI_Kent,BIG RIVER AT HARKNEY HILL ROAD / NORTHEAST / NARRAGANSETT BAY,00010,STORET Rhode,$,HWIN-VAR-001,1.66667,
STORET_Rhode_RI05_19790115_      1210,STORET_Rhode,RI05,00010,1.66667,,1979-01-15T12:10:00,41.665,-71.619583,US,Rhode,RI_Kent,BIG RIVER AT HARKNEY HILL ROAD / NORTHEAST / NARRAGANSETT BAY,00010,STORET Rhode,$,HWIN-VAR-001,1.66667,
STORET_Rhode_RI05_19790205_      1100,STORET_Rhode,RI05,00010,0.555556,,1979-02-05T11:00:00,41.665,-71.619583,US,Rhode,RI_Kent,BIG RIVER AT HARKNEY HILL ROAD / NORTHEAST / NARRAGANSETT BAY,00010,STORET Rhode,$,HWIN-VAR-001,0.555556,
STORET_Rhode_RI05_19790319_      1210,STORET_Rhode,RI05,00010,6.66667,,1979-03-19T12:10:00,41.665,-71.619583,US,Rhode,RI_Kent,BIG RIVER AT HARKNEY HILL ROAD / NORTHEAST / NARRAGANSETT BAY,00010,STORET Rhode,$,HWIN-VAR-001,6.66667,
STORET_Rhode_RI05_19790405_      0940,STORET_Rhode,RI05,00010,6.66667,,1979-04-05T09:40:00,41.665,-71.619583,US,Rhode,RI_Kent,BIG RIVER AT HARKNEY HILL ROAD / NORTHEAST / NARRAGANSETT BAY,00010,STORET Rhode,$,HWIN-VAR-001,6.66667,
STORET_Rhode_RI05_19790424_      0815,STORET_Rhode,RI05,00010,12.2222,,1979-04-24T08:15:00,41.665,-71.619583,US,Rhode,RI_Kent,BIG RIVER AT HARKNEY HILL ROAD / NORTHEAST / NARRAGANSETT BAY,00010,STORET Rhode,$,HWIN-VAR-001,12.2222,
STORET_Rhode_RI05_19790522_      0820,STORET_Rhode,RI05,00010,15.0,,1979-05-22T08:20:00,41.665,-71.619583,US,Rhode,RI_Kent,BIG RIVER AT HARKNEY HILL ROAD / NORTHEAST / NARRAGANSETT BAY,00010,STORET Rhode,$,HWIN-VAR-001,15.0,
STORET_Rhode_RI06_19780809_      0925,STORET_Rhode,RI06,00010,20.0,,1978-08-09T09:25:00,41.689167,-71.741944,US,Rhode,RI_Kent,BUCKS HORN BRK AT OLD RR BRIDGE / NORTHEAST / PAWCATUCK RIVER,00010,STORET Rhode,$,HWIN-VAR-001,20.0,
STORET_Rhode_RI06_19780816_      0950,STORET_Rhode,RI06,00010,20.0,,1978-08-16T09:50:00,41.689167,-71.741944,US,Rhode,RI_Kent,BUCKS HORN BRK AT OLD RR BRIDGE / NORTHEAST / PAWCATUCK RIVER,00010,STORET Rhode,$,HWIN-VAR-001,20.0,
STORET_Rhode_RI06_19780823_      1100,STORET_Rhode,RI06,00010,16.1111,,1978-08-23T11:00:00,41.689167,-71.741944,US,Rhode,RI_Kent,BUCKS HORN BRK AT OLD RR BRIDGE / NORTHEAST / PAWCATUCK RIVER,00010,STORET Rhode,$,HWIN-VAR-001,16.1111,
STORET_Rhode_RI06_19780830_      0940,STORET_Rhode,RI06,00010,17.7778,,1978-08-30T09:40:00,41.689167,-71.741944,US,Rhode,RI_Kent,BUCKS HORN BRK AT OLD RR BRIDGE / NORTHEAST / PAWCATUCK RIVER,00010,STORET Rhode,$,HWIN-VAR-001,17.7778,
STORET_Rhode_RI06_19780905_      1020,STORET_Rhode,RI06,00010,15.0,,1978-09-05T10:20:00,41.689167,-71.741944,US,Rhode,RI_Kent,BUCKS HORN BRK AT OLD RR BRIDGE / NORTHEAST / PAWCATUCK RIVER,00010,STORET Rhode,$,HWIN-VAR-001,15.0,
STORET_Rhode_RI06_19780914_      1040,STORET_Rhode,RI06,00010,12.7778,,1978-09-14T10:40:00,41.689167,-71.741944,US,Rhode,RI_Kent,BUCKS HORN BRK AT OLD RR BRIDGE / NORTHEAST / PAWCATUCK RIVER,00010,STORET Rhode,$,HWIN-VAR-001,12.7778,
STORET_Rhode_RI06_19780920_      1135,STORET_Rhode,RI06,00010,12.2222,,1978-09-20T11:35:00,41.689167,-71.741944,US,Rhode,RI_Kent,BUCKS HORN BRK AT OLD RR BRIDGE / NORTHEAST / PAWCATUCK RIVER,00010,STORET Rhode,$,HWIN-VAR-001,12.2222,
STORET_Rhode_RI06_19780926_      1000,STORET_Rhode,RI06,00010,10.5556,,1978-09-26T10:00:00,41.689167,-71.741944,US,Rhode,RI_Kent,BUCKS HORN BRK AT OLD RR BRIDGE / NORTHEAST / PAWCATUCK RIVER,00010,STORET Rhode,$,HWIN-VAR-001,10.5556,
STORET_Rhode_RI06_19781003_      0820,STORET_Rhode,RI06,00010,12.2222,,1978-10-03T08:20:00,41.689167,-71.741944,US,Rhode,RI_Kent,BUCKS HORN BRK AT OLD RR BRIDGE / NORTHEAST / PAWCATUCK RIVER,00010,STORET Rhode,$,HWIN-VAR-001,12.2222,
STORET_Rhode_RI06_19781010_      1000,STORET_Rhode,RI06,00010,6.66667,,1978-10-10T10:00:00,41.689167,-71.741944,US,Rhode,RI_Kent,BUCKS HORN BRK AT OLD RR BRIDGE / NORTHEAST / PAWCATUCK RIVER,00010,STORET Rhode,$,HWIN-VAR-001,6.66667,
STORET_Rhode_RI06_19781016_      0900,STORET_Rhode,RI06,00010,6.66667,,1978-10-16T09:00:00,41.689167,-71.741944,US,Rhode,RI_Kent,BUCKS HORN BRK AT OLD RR BRIDGE / NORTHEAST / PAWCATUCK RIVER,00010,STORET Rhode,$,HWIN-VAR-001,6.66667,
STORET_Rhode_RI06_19781024_      1005,STORET_Rhode,RI06,00010,8.88889,,1978-10-24T10:05:00,41.689167,-71.741944,US,Rhode,RI_Kent,BUCKS HORN BRK AT OLD RR BRIDGE / NORTHEAST / PAWCATUCK RIVER,00010,STORET Rhode,$,HWIN-VAR-001,8.88889,
STORET_Rhode_RI06_19781113_      0955,STORET_Rhode,RI06,00010,4.44444,,1978-11-13T09:55:00,41.689167,-71.741944,US,Rhode,RI_Kent,BUCKS HORN BRK AT OLD RR BRIDGE / NORTHEAST / PAWCATUCK RIVER,00010,STORET Rhode,$,HWIN-VAR-001,4.44444,
STORET_Rhode_RI06_19781211_      1325,STORET_Rhode,RI06,00010,1.11111,,1978-12-11T13:25:00,41.689167,-71.741944,US,Rhode,RI_Kent,BUCKS HORN BRK AT OLD RR BRIDGE / NORTHEAST / PAWCATUCK RIVER,00010,STORET Rhode,$,HWIN-VAR-001,1.11111,
STORET_Rhode_RI06_19790115_      1235,STORET_Rhode,RI06,00010,1.11111,,1979-01-15T12:35:00,41.689167,-71.741944,US,Rhode,RI_Kent,BUCKS HORN BRK AT OLD RR BRIDGE / NORTHEAST / PAWCATUCK RIVER,00010,STORET Rhode,$,HWIN-VAR-001,1.11111,
STORET_Rhode_RI06_19790205_      1130,STORET_Rhode,RI06,00010,0.555556,,1979-02-05T11:30:00,41.689167,-71.741944,US,Rhode,RI_Kent,BUCKS HORN BRK AT OLD RR BRIDGE / NORTHEAST / PAWCATUCK RIVER,00010,STORET Rhode,$,HWIN-VAR-001,0.555556,
STORET_Rhode_RI06_19790319_      1240,STORET_Rhode,RI06,00010,4.44444,,1979-03-19T12:40:00,41.689167,-71.741944,US,Rhode,RI_Kent,BUCKS HORN BRK AT OLD RR BRIDGE / NORTHEAST / PAWCATUCK RIVER,00010,STORET Rhode,$,HWIN-VAR-001,4.44444,
STORET_Rhode_RI08_19780823_      1105,STORET_Rhode,RI08,00010,22.4444,,1978-08-23T11:05:00,41.669444,-71.614861,US,Rhode,RI_Kent,FLAT RIVER RESERVOIR / NORTHEAST / NARRAGANSETT BAY,00010,STORET Rhode,$,HWIN-VAR-001,22.4444,
STORET_Rhode_RI08_19780823_      1105,STORET_Rhode,RI08,00010,23.8889,,1978-08-23T11:05:00,41.669444,-71.614861,US,Rhode,RI_Kent,FLAT RIVER RESERVOIR / NORTHEAST / NARRAGANSETT BAY,00010,STORET Rhode,$,HWIN-VAR-001,23.8889,
STORET_Rhode_RI08_19780823_      1105,STORET_Rhode,RI08,00010,24.8333,,1978-08-23T11:05:00,41.669444,-71.614861,US,Rhode,RI_Kent,FLAT RIVER RESERVOIR / NORTHEAST / NARRAGANSETT BAY,00010,STORET Rhode,$,HWIN-VAR-001,24.8333,
STORET_Rhode_RI08_19780823_      1105,STORET_Rhode,RI08,00010,23.5,,1978-08-23T11:05:00,41.669444,-71.614861,US,Rhode,RI_Kent,FLAT RIVER RESERVOIR / NORTHEAST / NARRAGANSETT BAY,00010,STORET Rhode,$,HWIN-VAR-001,23.5,
STORET_Rhode_RI08_19780905_      0920,STORET_Rhode,RI08,00010,20.2778,,1978-09-05T09:20:00,41.669444,-71.614861,US,Rhode,RI_Kent,FLAT RIVER RESERVOIR / NORTHEAST / NARRAGANSETT BAY,00010,STORET Rhode,$,HWIN-VAR-001,20.2778,
STORET_Rhode_RI08_19780905_      0920,STORET_Rhode,RI08,00010,21.1111,,1978-09-05T09:20:00,41.669444,-71.614861,US,Rhode,RI_Kent,FLAT RIVER RESERVOIR / NORTHEAST / NARRAGANSETT BAY,00010,STORET Rhode,$,HWIN-VAR-001,21.1111,
STORET_Rhode_RI08_19780905_      0920,STORET_Rhode,RI08,00010,21.1111,,1978-09-05T09:20:00,41.669444,-71.614861,US,Rhode,RI_Kent,FLAT RIVER RESERVOIR / NORTHEAST / NARRAGANSETT BAY,00010,STORET Rhode,$,HWIN-VAR-001,21.1111,
STORET_Rhode_RI08_19780905_      0920,STORET_Rhode,RI08,00010,21.1111,,1978-09-05T09:20:00,41.669444,-71.614861,US,Rhode,RI_Kent,FLAT RIVER RESERVOIR / NORTHEAST / NARRAGANSETT BAY,00010,STORET Rhode,$,HWIN-VAR-001,21.1111,
STORET_Rhode_RI08_19781010_      0850,STORET_Rhode,RI08,00010,8.33333,,1978-10-10T08:50:00,41.669444,-71.614861,US,Rhode,RI_Kent,FLAT RIVER RESERVOIR / NORTHEAST / NARRAGANSETT BAY,00010,STORET Rhode,$,HWIN-VAR-001,8.33333,
STORET_Rhode_RI08_19781010_      0850,STORET_Rhode,RI08,00010,8.33333,,1978-10-10T08:50:00,41.669444,-71.614861,US,Rhode,RI_Kent,FLAT RIVER RESERVOIR / NORTHEAST / NARRAGANSETT BAY,00010,STORET Rhode,$,HWIN-VAR-001,8.33333,
STORET_Rhode_RI08_19781010_      0850,STORET_Rhode,RI08,00010,8.33333,,1978-10-10T08:50:00,41.669444,-71.614861,US,Rhode,RI_Kent,FLAT RIVER RESERVOIR / NORTHEAST / NARRAGANSETT BAY,00010,STORET Rhode,$,HWIN-VAR-001,8.33333,
STORET_Rhode_RI08_19790522_      0855,STORET_Rhode,RI08,00010,13.2778,,1979-05-22T08:55:00,41.669444,-71.614861,US,Rhode,RI_Kent,FLAT RIVER RESERVOIR / NORTHEAST / NARRAGANSETT BAY,00010,STORET Rhode,$,HWIN-VAR-001,13.2778,
STORET_Rhode_RI08_19790522_      0855,STORET_Rhode,RI08,00010,14.3889,,1979-05-22T08:55:00,41.669444,-71.614861,US,Rhode,RI_Kent,FLAT RIVER RESERVOIR / NORTHEAST / NARRAGANSETT BAY,00010,STORET Rhode,$,HWIN-VAR-001,14.3889,
STORET_Rhode_RI08_19790522_      0855,STORET_Rhode,RI08,00010,14.2222,,1979-05-22T08:55:00,41.669444,-71.614861,US,Rhode,RI_Kent,FLAT RIVER RESERVOIR / NORTHEAST / NARRAGANSETT BAY,00010,STORET Rhode,$,HWIN-VAR-001,14.2222,
STORET_Rhode_RI08_19790522_      0855,STORET_Rhode,RI08,00010,14.1111,,1979-05-22T08:55:00,41.669444,-71.614861,US,Rhode,RI_Kent,FLAT RIVER RESERVOIR / NORTHEAST / NARRAGANSETT BAY,00010,STORET Rhode,$,HWIN-VAR-001,14.1111,
STORET_Rhode_RI08_19790801_      0915,STORET_Rhode,RI08,00010,20.5555,,1979-08-01T09:15:00,41.669444,-71.614861,US,Rhode,RI_Kent,FLAT RIVER RESERVOIR / NORTHEAST / NARRAGANSETT BAY,00010,STORET Rhode,$,HWIN-VAR-001,20.5555,
STORET_Rhode_RI08_19790801_      0915,STORET_Rhode,RI08,00010,26.5555,,1979-08-01T09:15:00,41.669444,-71.614861,US,Rhode,RI_Kent,FLAT RIVER RESERVOIR / NORTHEAST / NARRAGANSETT BAY,00010,STORET Rhode,$,HWIN-VAR-001,26.5555,
STORET_Rhode_RI08_19790801_      0915,STORET_Rhode,RI08,00010,27.3333,,1979-08-01T09:15:00,41.669444,-71.614861,US,Rhode,RI_Kent,FLAT RIVER RESERVOIR / NORTHEAST / NARRAGANSETT BAY,00010,STORET Rhode,$,HWIN-VAR-001,27.3333,
STORET_Rhode_RI08_19790801_      0915,STORET_Rhode,RI08,00010,27.5,,1979-08-01T09:15:00,41.669444,-71.614861,US,Rhode,RI_Kent,FLAT RIVER RESERVOIR / NORTHEAST / NARRAGANSETT BAY,00010,STORET Rhode,$,HWIN-VAR-001,27.5,
STORET_Rhode_RI08_19790801_      0915,STORET_Rhode,RI08,00010,23.6111,,1979-08-01T09:15:00,41.669444,-71.614861,US,Rhode,RI_Kent,FLAT RIVER RESERVOIR / NORTHEAST / NARRAGANSETT BAY,00010,STORET Rhode,$,HWIN-VAR-001,23.6111,
STORET_Rhode_RI08A_19780823_      1030,STORET_Rhode,RI08A,00010,20.1111,,1978-08-23T10:30:00,41.670833,-71.609722,US,Rhode,RI_Kent,FLAT RIVER RESERVOIR / NORTHEAST / NARRAGANSETT BAY,00010,STORET Rhode,$,HWIN-VAR-001,20.1111,
STORET_Rhode_RI08A_19780823_      1030,STORET_Rhode,RI08A,00010,22.3333,,1978-08-23T10:30:00,41.670833,-71.609722,US,Rhode,RI_Kent,FLAT RIVER RESERVOIR / NORTHEAST / NARRAGANSETT BAY,00010,STORET Rhode,$,HWIN-VAR-001,22.3333,
STORET_Rhode_RI08A_19780823_      1030,STORET_Rhode,RI08A,00010,24.3889,,1978-08-23T10:30:00,41.670833,-71.609722,US,Rhode,RI_Kent,FLAT RIVER RESERVOIR / NORTHEAST / NARRAGANSETT BAY,00010,STORET Rhode,$,HWIN-VAR-001,24.3889,
STORET_Rhode_RI08A_19780823_      1030,STORET_Rhode,RI08A,00010,24.7778,,1978-08-23T10:30:00,41.670833,-71.609722,US,Rhode,RI_Kent,FLAT RIVER RESERVOIR / NORTHEAST / NARRAGANSETT BAY,00010,STORET Rhode,$,HWIN-VAR-001,24.7778,
STORET_Rhode_RI08A_19780823_      1030,STORET_Rhode,RI08A,00010,24.8889,,1978-08-23T10:30:00,41.670833,-71.609722,US,Rhode,RI_Kent,FLAT RIVER RESERVOIR / NORTHEAST / NARRAGANSETT BAY,00010,STORET Rhode,$,HWIN-VAR-001,24.8889,
STORET_Rhode_RI08A_19780905_      0900,STORET_Rhode,RI08A,00010,20.0,,1978-09-05T09:00:00,41.670833,-71.609722,US,Rhode,RI_Kent,FLAT RIVER RESERVOIR / NORTHEAST / NARRAGANSETT BAY,00010,STORET Rhode,$,HWIN-VAR-001,20.0,
STORET_Rhode_RI08A_19780905_      0900,STORET_Rhode,RI08A,00010,20.5555,,1978-09-05T09:00:00,41.670833,-71.609722,US,Rhode,RI_Kent,FLAT RIVER RESERVOIR / NORTHEAST / NARRAGANSETT BAY,00010,STORET Rhode,$,HWIN-VAR-001,20.5555,
STORET_Rhode_RI08A_19780905_      0900,STORET_Rhode,RI08A,00010,20.3889,,1978-09-05T09:00:00,41.670833,-71.609722,US,Rhode,RI_Kent,FLAT RIVER RESERVOIR / NORTHEAST / NARRAGANSETT BAY,00010,STORET Rhode,$,HWIN-VAR-001,20.3889,
STORET_Rhode_RI08A_19780905_      0900,STORET_Rhode,RI08A,00010,20.2778,,1978-09-05T09:00:00,41.670833,-71.609722,US,Rhode,RI_Kent,FLAT RIVER RESERVOIR / NORTHEAST / NARRAGANSETT BAY,00010,STORET Rhode,$,HWIN-VAR-001,20.2778,
STORET_Rhode_RI08A_19781010_      0835,STORET_Rhode,RI08A,00010,8.72222,,1978-10-10T08:35:00,41.670833,-71.609722,US,Rhode,RI_Kent,FLAT RIVER RESERVOIR / NORTHEAST / NARRAGANSETT BAY,00010,STORET Rhode,$,HWIN-VAR-001,8.72222,
STORET_Rhode_RI08A_19781010_      0835,STORET_Rhode,RI08A,00010,8.72222,,1978-10-10T08:35:00,41.670833,-71.609722,US,Rhode,RI_Kent,FLAT RIVER RESERVOIR / NORTHEAST / NARRAGANSETT BAY,00010,STORET Rhode,$,HWIN-VAR-001,8.72222,
STORET_Rhode_RI08A_19781010_      0835,STORET_Rhode,RI08A,00010,8.77777,,1978-10-10T08:35:00,41.670833,-71.609722,US,Rhode,RI_Kent,FLAT RIVER RESERVOIR / NORTHEAST / NARRAGANSETT BAY,00010,STORET Rhode,$,HWIN-VAR-001,8.77777,
STORET_Rhode_RI08A_19781010_      0835,STORET_Rhode,RI08A,00010,8.77777,,1978-10-10T08:35:00,41.670833,-71.609722,US,Rhode,RI_Kent,FLAT RIVER RESERVOIR / NORTHEAST / NARRAGANSETT BAY,00010,STORET Rhode,$,HWIN-VAR-001,8.77777,
STORET_Rhode_RI08B_19780823_      1145,STORET_Rhode,RI08B,00010,22.5555,,1978-08-23T11:45:00,41.667222,-71.617222,US,Rhode,RI_Kent,FLAT RIVER RESERVIOR / NORTHEAST / NARRAGANSETT BAY,00010,STORET Rhode,$,HWIN-VAR-001,22.5555,
STORET_Rhode_RI08B_19780823_      1145,STORET_Rhode,RI08B,00010,23.2778,,1978-08-23T11:45:00,41.667222,-71.617222,US,Rhode,RI_Kent,FLAT RIVER RESERVIOR / NORTHEAST / NARRAGANSETT BAY,00010,STORET Rhode,$,HWIN-VAR-001,23.2778,
STORET_Rhode_RI08B_19780823_      1145,STORET_Rhode,RI08B,00010,23.6667,,1978-08-23T11:45:00,41.667222,-71.617222,US,Rhode,RI_Kent,FLAT RIVER RESERVIOR / NORTHEAST / NARRAGANSETT BAY,00010,STORET Rhode,$,HWIN-VAR-001,23.6667,
STORET_Rhode_RI08B_19780823_      1145,STORET_Rhode,RI08B,00010,24.1667,,1978-08-23T11:45:00,41.667222,-71.617222,US,Rhode,RI_Kent,FLAT RIVER RESERVIOR / NORTHEAST / NARRAGANSETT BAY,00010,STORET Rhode,$,HWIN-VAR-001,24.1667,
STORET_Rhode_RI08B_19780905_      0935,STORET_Rhode,RI08B,00010,20.2778,,1978-09-05T09:35:00,41.667222,-71.617222,US,Rhode,RI_Kent,FLAT RIVER RESERVIOR / NORTHEAST / NARRAGANSETT BAY,00010,STORET Rhode,$,HWIN-VAR-001,20.2778,
STORET_Rhode_RI08B_19780905_      0935,STORET_Rhode,RI08B,00010,21.3889,,1978-09-05T09:35:00,41.667222,-71.617222,US,Rhode,RI_Kent,FLAT RIVER RESERVIOR / NORTHEAST / NARRAGANSETT BAY,00010,STORET Rhode,$,HWIN-VAR-001,21.3889,
STORET_Rhode_RI08B_19780905_      0935,STORET_Rhode,RI08B,00010,21.1111,,1978-09-05T09:35:00,41.667222,-71.617222,US,Rhode,RI_Kent,FLAT RIVER RESERVIOR / NORTHEAST / NARRAGANSETT BAY,00010,STORET Rhode,$,HWIN-VAR-001,21.1111,
STORET_Rhode_RI08B_19780905_      0935,STORET_Rhode,RI08B,00010,21.1111,,1978-09-05T09:35:00,41.667222,-71.617222,US,Rhode,RI_Kent,FLAT RIVER RESERVIOR / NORTHEAST / NARRAGANSETT BAY,00010,STORET Rhode,$,HWIN-VAR-001,21.1111,
STORET_Rhode_RI08B_19781010_      0910,STORET_Rhode,RI08B,00010,8.11111,,1978-10-10T09:10:00,41.667222,-71.617222,US,Rhode,RI_Kent,FLAT RIVER RESERVIOR / NORTHEAST / NARRAGANSETT BAY,00010,STORET Rhode,$,HWIN-VAR-001,8.11111,
STORET_Rhode_RI08B_19781010_      0910,STORET_Rhode,RI08B,00010,8.11111,,1978-10-10T09:10:00,41.667222,-71.617222,US,Rhode,RI_Kent,FLAT RIVER RESERVIOR / NORTHEAST / NARRAGANSETT BAY,00010,STORET Rhode,$,HWIN-VAR-001,8.11111,
STORET_Rhode_RI08B_19781010_      0910,STORET_Rhode,RI08B,00010,8.11111,,1978-10-10T09:10:00,41.667222,-71.617222,US,Rhode,RI_Kent,FLAT RIVER RESERVIOR / NORTHEAST / NARRAGANSETT BAY,00010,STORET Rhode,$,HWIN-VAR-001,8.11111,
STORET_Rhode_RI08C_19780823_      1235,STORET_Rhode,RI08C,00010,22.1667,,1978-08-23T12:35:00,41.663889,-71.620833,US,Rhode,RI_Kent,BIG RIVER BELOW BEAR BROOK / NORTHEAST / NARRAGANSETT BAY,00010,STORET Rhode,$,HWIN-VAR-001,22.1667,
STORET_Rhode_RI08C_19780823_      1235,STORET_Rhode,RI08C,00010,22.5,,1978-08-23T12:35:00,41.663889,-71.620833,US,Rhode,RI_Kent,BIG RIVER BELOW BEAR BROOK / NORTHEAST / NARRAGANSETT BAY,00010,STORET Rhode,$,HWIN-VAR-001,22.5,
STORET_Rhode_RI08C_19780823_      1235,STORET_Rhode,RI08C,00010,23.8333,,1978-08-23T12:35:00,41.663889,-71.620833,US,Rhode,RI_Kent,BIG RIVER BELOW BEAR BROOK / NORTHEAST / NARRAGANSETT BAY,00010,STORET Rhode,$,HWIN-VAR-001,23.8333,
STORET_Rhode_RI08C_19780905_      1020,STORET_Rhode,RI08C,00010,20.5555,,1978-09-05T10:20:00,41.663889,-71.620833,US,Rhode,RI_Kent,BIG RIVER BELOW BEAR BROOK / NORTHEAST / NARRAGANSETT BAY,00010,STORET Rhode,$,HWIN-VAR-001,20.5555,
STORET_Rhode_RI08C_19780905_      1020,STORET_Rhode,RI08C,00010,20.8333,,1978-09-05T10:20:00,41.663889,-71.620833,US,Rhode,RI_Kent,BIG RIVER BELOW BEAR BROOK / NORTHEAST / NARRAGANSETT BAY,00010,STORET Rhode,$,HWIN-VAR-001,20.8333,
STORET_Rhode_RI08C_19780905_      1020,STORET_Rhode,RI08C,00010,20.5555,,1978-09-05T10:20:00,41.663889,-71.620833,US,Rhode,RI_Kent,BIG RIVER BELOW BEAR BROOK / NORTHEAST / NARRAGANSETT BAY,00010,STORET Rhode,$,HWIN-VAR-001,20.5555,
STORET_Rhode_RI08C_19781010_      0930,STORET_Rhode,RI08C,00010,7.22222,,1978-10-10T09:30:00,41.663889,-71.620833,US,Rhode,RI_Kent,BIG RIVER BELOW BEAR BROOK / NORTHEAST / NARRAGANSETT BAY,00010,STORET Rhode,$,HWIN-VAR-001,7.22222,
STORET_Rhode_RI08C_19781010_      0930,STORET_Rhode,RI08C,00010,7.22222,,1978-10-10T09:30:00,41.663889,-71.620833,US,Rhode,RI_Kent,BIG RIVER BELOW BEAR BROOK / NORTHEAST / NARRAGANSETT BAY,00010,STORET Rhode,$,HWIN-VAR-001,7.22222,
STORET_Rhode_RI08C_19781010_      0930,STORET_Rhode,RI08C,00010,7.22222,,1978-10-10T09:30:00,41.663889,-71.620833,US,Rhode,RI_Kent,BIG RIVER BELOW BEAR BROOK / NORTHEAST / NARRAGANSETT BAY,00010,STORET Rhode,$,HWIN-VAR-001,7.22222,
STORET_Rhode_RI08D_19780823_      1210,STORET_Rhode,RI08D,00010,22.1111,,1978-08-23T12:10:00,41.6625,-71.621111,US,Rhode,RI_Kent,BIG RIVER UPSTREAM FROM BEAR BROOK / NORTHEAST / NARRAGANSETT BAY,00010,STORET Rhode,$,HWIN-VAR-001,22.1111,
STORET_Rhode_RI08D_19780823_      1210,STORET_Rhode,RI08D,00010,22.3333,,1978-08-23T12:10:00,41.6625,-71.621111,US,Rhode,RI_Kent,BIG RIVER UPSTREAM FROM BEAR BROOK / NORTHEAST / NARRAGANSETT BAY,00010,STORET Rhode,$,HWIN-VAR-001,22.3333,
STORET_Rhode_RI08D_19780823_      1210,STORET_Rhode,RI08D,00010,22.9444,,1978-08-23T12:10:00,41.6625,-71.621111,US,Rhode,RI_Kent,BIG RIVER UPSTREAM FROM BEAR BROOK / NORTHEAST / NARRAGANSETT BAY,00010,STORET Rhode,$,HWIN-VAR-001,22.9444,
STORET_Rhode_RI08D_19780905_      1005,STORET_Rhode,RI08D,00010,20.2778,,1978-09-05T10:05:00,41.6625,-71.621111,US,Rhode,RI_Kent,BIG RIVER UPSTREAM FROM BEAR BROOK / NORTHEAST / NARRAGANSETT BAY,00010,STORET Rhode,$,HWIN-VAR-001,20.2778,
STORET_Rhode_RI08D_19780905_      1005,STORET_Rhode,RI08D,00010,20.2778,,1978-09-05T10:05:00,41.6625,-71.621111,US,Rhode,RI_Kent,BIG RIVER UPSTREAM FROM BEAR BROOK / NORTHEAST / NARRAGANSETT BAY,00010,STORET Rhode,$,HWIN-VAR-001,20.2778,
STORET_Rhode_RI08D_19780905_      1005,STORET_Rhode,RI08D,00010,20.5555,,1978-09-05T10:05:00,41.6625,-71.621111,US,Rhode,RI_Kent,BIG RIVER UPSTREAM FROM BEAR BROOK / NORTHEAST / NARRAGANSETT BAY,00010,STORET Rhode,$,HWIN-VAR-001,20.5555,
STORET_Rhode_RI08D_19781010_      0920,STORET_Rhode,RI08D,00010,7.16666,,1978-10-10T09:20:00,41.6625,-71.621111,US,Rhode,RI_Kent,BIG RIVER UPSTREAM FROM BEAR BROOK / NORTHEAST / NARRAGANSETT BAY,00010,STORET Rhode,$,HWIN-VAR-001,7.16666,
STORET_Rhode_RI08D_19781010_      0920,STORET_Rhode,RI08D,00010,7.22222,,1978-10-10T09:20:00,41.6625,-71.621111,US,Rhode,RI_Kent,BIG RIVER UPSTREAM FROM BEAR BROOK / NORTHEAST / NARRAGANSETT BAY,00010,STORET Rhode,$,HWIN-VAR-001,7.22222,
STORET_Rhode_RI09_19790405_      0950,STORET_Rhode,RI09,00010,5.55556,,1979-04-05T09:50:00,41.660278,-71.628333,US,Rhode,RI_Kent,BEAR BROOK / NORTHEAST / NARRAGANSETT BAY,00010,STORET Rhode,$,HWIN-VAR-001,5.55556,
STORET_Rhode_RI09_19790424_      0758,STORET_Rhode,RI09,00010,8.88889,,1979-04-24T07:58:00,41.660278,-71.628333,US,Rhode,RI_Kent,BEAR BROOK / NORTHEAST / NARRAGANSETT BAY,00010,STORET Rhode,$,HWIN-VAR-001,8.88889,
STORET_Rhode_RI09_19790522_      0810,STORET_Rhode,RI09,00010,12.7778,,1979-05-22T08:10:00,41.660278,-71.628333,US,Rhode,RI_Kent,BEAR BROOK / NORTHEAST / NARRAGANSETT BAY,00010,STORET Rhode,$,HWIN-VAR-001,12.7778,
STORET_Rhode_RI10_19790522_      1000,STORET_Rhode,RI10,00010,14.2778,,1979-05-22T10:00:00,41.680278,-71.607083,US,Rhode,RI_Kent,FLAT RIVER RESERVOIR / NORTHEAST / NARRAGANSETT BAY,00010,STORET Rhode,$,HWIN-VAR-001,14.2778,
STORET_Rhode_RI10_19790522_      1000,STORET_Rhode,RI10,00010,14.7222,,1979-05-22T10:00:00,41.680278,-71.607083,US,Rhode,RI_Kent,FLAT RIVER RESERVOIR / NORTHEAST / NARRAGANSETT BAY,00010,STORET Rhode,$,HWIN-VAR-001,14.7222,
STORET_Rhode_RI10_19790522_      1000,STORET_Rhode,RI10,00010,15.7778,,1979-05-22T10:00:00,41.680278,-71.607083,US,Rhode,RI_Kent,FLAT RIVER RESERVOIR / NORTHEAST / NARRAGANSETT BAY,00010,STORET Rhode,$,HWIN-VAR-001,15.7778,
STORET_Rhode_RI10_19790522_      1000,STORET_Rhode,RI10,00010,15.6111,,1979-05-22T10:00:00,41.680278,-71.607083,US,Rhode,RI_Kent,FLAT RIVER RESERVOIR / NORTHEAST / NARRAGANSETT BAY,00010,STORET Rhode,$,HWIN-VAR-001,15.6111,
STORET_Rhode_RI10_19790522_      1000,STORET_Rhode,RI10,00010,15.2222,,1979-05-22T10:00:00,41.680278,-71.607083,US,Rhode,RI_Kent,FLAT RIVER RESERVOIR / NORTHEAST / NARRAGANSETT BAY,00010,STORET Rhode,$,HWIN-VAR-001,15.2222,
STORET_Rhode_RI10_19790801_      0845,STORET_Rhode,RI10,00010,25.7778,,1979-08-01T08:45:00,41.680278,-71.607083,US,Rhode,RI_Kent,FLAT RIVER RESERVOIR / NORTHEAST / NARRAGANSETT BAY,00010,STORET Rhode,$,HWIN-VAR-001,25.7778,
STORET_Rhode_RI10_19790801_      0845,STORET_Rhode,RI10,00010,28.0,,1979-08-01T08:45:00,41.680278,-71.607083,US,Rhode,RI_Kent,FLAT RIVER RESERVOIR / NORTHEAST / NARRAGANSETT BAY,00010,STORET Rhode,$,HWIN-VAR-001,28.0,
STORET_Rhode_RI10_19790801_      0845,STORET_Rhode,RI10,00010,26.5555,,1979-08-01T08:45:00,41.680278,-71.607083,US,Rhode,RI_Kent,FLAT RIVER RESERVOIR / NORTHEAST / NARRAGANSETT BAY,00010,STORET Rhode,$,HWIN-VAR-001,26.5555,
STORET_Rhode_RI10_19790801_      0845,STORET_Rhode,RI10,00010,28.0,,1979-08-01T08:45:00,41.680278,-71.607083,US,Rhode,RI_Kent,FLAT RIVER RESERVOIR / NORTHEAST / NARRAGANSETT BAY,00010,STORET Rhode,$,HWIN-VAR-001,28.0,
STORET_Rhode_RI10_19790801_      0845,STORET_Rhode,RI10,00010,28.0,,1979-08-01T08:45:00,41.680278,-71.607083,US,Rhode,RI_Kent,FLAT RIVER RESERVOIR / NORTHEAST / NARRAGANSETT BAY,00010,STORET Rhode,$,HWIN-VAR-001,28.0,
STORET_Rhode_RI11_19790521_      1225,STORET_Rhode,RI11,00010,6.88889,,1979-05-21T12:25:00,41.759167,-71.58875,US,Rhode,RI_Kent,SCITUATE RESERVOIR / NORTHEAST / NARRAGANSETT BAY,00010,STORET Rhode,$,HWIN-VAR-001,6.88889,
STORET_Rhode_RI11_19790521_      1225,STORET_Rhode,RI11,00010,8.49999,,1979-05-21T12:25:00,41.759167,-71.58875,US,Rhode,RI_Kent,SCITUATE RESERVOIR / NORTHEAST / NARRAGANSETT BAY,00010,STORET Rhode,$,HWIN-VAR-001,8.49999,
STORET_Rhode_RI11_19790521_      1225,STORET_Rhode,RI11,00010,9.11111,,1979-05-21T12:25:00,41.759167,-71.58875,US,Rhode,RI_Kent,SCITUATE RESERVOIR / NORTHEAST / NARRAGANSETT BAY,00010,STORET Rhode,$,HWIN-VAR-001,9.11111,
STORET_Rhode_RI11_19790521_      1225,STORET_Rhode,RI11,00010,7.27777,,1979-05-21T12:25:00,41.759167,-71.58875,US,Rhode,RI_Kent,SCITUATE RESERVOIR / NORTHEAST / NARRAGANSETT BAY,00010,STORET Rhode,$,HWIN-VAR-001,7.27777,
STORET_Rhode_RI11_19790521_      1225,STORET_Rhode,RI11,00010,7.0,,1979-05-21T12:25:00,41.759167,-71.58875,US,Rhode,RI_Kent,SCITUATE RESERVOIR / NORTHEAST / NARRAGANSETT BAY,00010,STORET Rhode,$,HWIN-VAR-001,7.0,
STORET_Rhode_RI11_19790521_      1225,STORET_Rhode,RI11,00010,10.5,,1979-05-21T12:25:00,41.759167,-71.58875,US,Rhode,RI_Kent,SCITUATE RESERVOIR / NORTHEAST / NARRAGANSETT BAY,00010,STORET Rhode,$,HWIN-VAR-001,10.5,
STORET_Rhode_RI11_19790521_      1225,STORET_Rhode,RI11,00010,14.3889,,1979-05-21T12:25:00,41.759167,-71.58875,US,Rhode,RI_Kent,SCITUATE RESERVOIR / NORTHEAST / NARRAGANSETT BAY,00010,STORET Rhode,$,HWIN-VAR-001,14.3889,
STORET_Rhode_RI11_19790521_      1225,STORET_Rhode,RI11,00010,15.8889,,1979-05-21T12:25:00,41.759167,-71.58875,US,Rhode,RI_Kent,SCITUATE RESERVOIR / NORTHEAST / NARRAGANSETT BAY,00010,STORET Rhode,$,HWIN-VAR-001,15.8889,
STORET_Rhode_RI11_19790521_      1225,STORET_Rhode,RI11,00010,15.1667,,1979-05-21T12:25:00,41.759167,-71.58875,US,Rhode,RI_Kent,SCITUATE RESERVOIR / NORTHEAST / NARRAGANSETT BAY,00010,STORET Rhode,$,HWIN-VAR-001,15.1667,
STORET_Rhode_RI11_19790521_      1225,STORET_Rhode,RI11,00010,14.9444,,1979-05-21T12:25:00,41.759167,-71.58875,US,Rhode,RI_Kent,SCITUATE RESERVOIR / NORTHEAST / NARRAGANSETT BAY,00010,STORET Rhode,$,HWIN-VAR-001,14.9444,
STORET_Rhode_RI11_19790521_      1225,STORET_Rhode,RI11,00010,14.8333,,1979-05-21T12:25:00,41.759167,-71.58875,US,Rhode,RI_Kent,SCITUATE RESERVOIR / NORTHEAST / NARRAGANSETT BAY,00010,STORET Rhode,$,HWIN-VAR-001,14.8333,
STORET_Rhode_RI11_19790521_      1225,STORET_Rhode,RI11,00010,14.6667,,1979-05-21T12:25:00,41.759167,-71.58875,US,Rhode,RI_Kent,SCITUATE RESERVOIR / NORTHEAST / NARRAGANSETT BAY,00010,STORET Rhode,$,HWIN-VAR-001,14.6667,
STORET_Rhode_RI11_19790521_      1225,STORET_Rhode,RI11,00010,14.2222,,1979-05-21T12:25:00,41.759167,-71.58875,US,Rhode,RI_Kent,SCITUATE RESERVOIR / NORTHEAST / NARRAGANSETT BAY,00010,STORET Rhode,$,HWIN-VAR-001,14.2222,
STORET_Rhode_RI11_19790731_      1230,STORET_Rhode,RI11,00010,10.0,,1979-07-31T12:30:00,41.759167,-71.58875,US,Rhode,RI_Kent,SCITUATE RESERVOIR / NORTHEAST / NARRAGANSETT BAY,00010,STORET Rhode,$,HWIN-VAR-001,10.0,
STORET_Rhode_RI11_19790731_      1230,STORET_Rhode,RI11,00010,10.5,,1979-07-31T12:30:00,41.759167,-71.58875,US,Rhode,RI_Kent,SCITUATE RESERVOIR / NORTHEAST / NARRAGANSETT BAY,00010,STORET Rhode,$,HWIN-VAR-001,10.5,
STORET_Rhode_RI11_19790731_      1230,STORET_Rhode,RI11,00010,19.5555,,1979-07-31T12:30:00,41.759167,-71.58875,US,Rhode,RI_Kent,SCITUATE RESERVOIR / NORTHEAST / NARRAGANSETT BAY,00010,STORET Rhode,$,HWIN-VAR-001,19.5555,
STORET_Rhode_RI11_19790731_      1230,STORET_Rhode,RI11,00010,16.2778,,1979-07-31T12:30:00,41.759167,-71.58875,US,Rhode,RI_Kent,SCITUATE RESERVOIR / NORTHEAST / NARRAGANSETT BAY,00010,STORET Rhode,$,HWIN-VAR-001,16.2778,
STORET_Rhode_RI11_19790731_      1230,STORET_Rhode,RI11,00010,11.5,,1979-07-31T12:30:00,41.759167,-71.58875,US,Rhode,RI_Kent,SCITUATE RESERVOIR / NORTHEAST / NARRAGANSETT BAY,00010,STORET Rhode,$,HWIN-VAR-001,11.5,
STORET_Rhode_RI11_19790731_      1230,STORET_Rhode,RI11,00010,10.0,,1979-07-31T12:30:00,41.759167,-71.58875,US,Rhode,RI_Kent,SCITUATE RESERVOIR / NORTHEAST / NARRAGANSETT BAY,00010,STORET Rhode,$,HWIN-VAR-001,10.0,
STORET_Rhode_RI11_19790731_      1230,STORET_Rhode,RI11,00010,21.8889,,1979-07-31T12:30:00,41.759167,-71.58875,US,Rhode,RI_Kent,SCITUATE RESERVOIR / NORTHEAST / NARRAGANSETT BAY,00010,STORET Rhode,$,HWIN-VAR-001,21.8889,
STORET_Rhode_RI11_19790731_      1230,STORET_Rhode,RI11,00010,28.1111,,1979-07-31T12:30:00,41.759167,-71.58875,US,Rhode,RI_Kent,SCITUATE RESERVOIR / NORTHEAST / NARRAGANSETT BAY,00010,STORET Rhode,$,HWIN-VAR-001,28.1111,
STORET_Rhode_RI11_19790731_      1230,STORET_Rhode,RI11,00010,28.0,,1979-07-31T12:30:00,41.759167,-71.58875,US,Rhode,RI_Kent,SCITUATE RESERVOIR / NORTHEAST / NARRAGANSETT BAY,00010,STORET Rhode,$,HWIN-VAR-001,28.0,
STORET_Rhode_RI11_19790731_      1230,STORET_Rhode,RI11,00010,27.7778,,1979-07-31T12:30:00,41.759167,-71.58875,US,Rhode,RI_Kent,SCITUATE RESERVOIR / NORTHEAST / NARRAGANSETT BAY,00010,STORET Rhode,$,HWIN-VAR-001,27.7778,
STORET_Rhode_RI11_19790731_      1230,STORET_Rhode,RI11,00010,27.6111,,1979-07-31T12:30:00,41.759167,-71.58875,US,Rhode,RI_Kent,SCITUATE RESERVOIR / NORTHEAST / NARRAGANSETT BAY,00010,STORET Rhode,$,HWIN-VAR-001,27.6111,
STORET_Rhode_RI11_19790731_      1230,STORET_Rhode,RI11,00010,27.4444,,1979-07-31T12:30:00,41.759167,-71.58875,US,Rhode,RI_Kent,SCITUATE RESERVOIR / NORTHEAST / NARRAGANSETT BAY,00010,STORET Rhode,$,HWIN-VAR-001,27.4444,
STORET_Rhode_RI11_19790731_      1230,STORET_Rhode,RI11,00010,25.1111,,1979-07-31T12:30:00,41.759167,-71.58875,US,Rhode,RI_Kent,SCITUATE RESERVOIR / NORTHEAST / NARRAGANSETT BAY,00010,STORET Rhode,$,HWIN-VAR-001,25.1111,
STORET_Rhode_RI11_19790731_      1230,STORET_Rhode,RI11,00010,23.2778,,1979-07-31T12:30:00,41.759167,-71.58875,US,Rhode,RI_Kent,SCITUATE RESERVOIR / NORTHEAST / NARRAGANSETT BAY,00010,STORET Rhode,$,HWIN-VAR-001,23.2778,
STORET_Rhode_WRBBR1_19760318_      2500,STORET_Rhode,WRBBR1,00010,4.0,,1976-03-18T00:00:00,41.663889,-71.619444,US,Rhode,RI_Kent,BIG RIVER / NORTHEAST / NARRAGANSETT BAY,00010,STORET Rhode,HOUR25,HWIN-VAR-001,4.0,
STORET_Rhode_WRBBR2_19760318_      2500,STORET_Rhode,WRBBR2,00010,4.0,,1976-03-18T00:00:00,41.661111,-71.630556,US,Rhode,RI_Kent,BEAR BROOK / NORTHEAST / NARRAGANSETT BAY,00010,STORET Rhode,HOUR25,HWIN-VAR-001,4.0,
STORET_Rhode_WRBBR3_19760318_      2500,STORET_Rhode,WRBBR3,00010,4.0,,1976-03-18T00:00:00,41.65,-71.605556,US,Rhode,RI_Kent,BIG RIVER / NORTHEAST / NARRAGANSETT BAY,00010,STORET Rhode,HOUR25,HWIN-VAR-001,4.0,
STORET_Rhode_WRBBR4_19760318_      2500,STORET_Rhode,WRBBR4,00010,4.0,,1976-03-18T00:00:00,41.644444,-71.608333,US,Rhode,RI_Kent,CARR RIVER / NORTHEAST / NARRAGANSETT BAY,00010,STORET Rhode,HOUR25,HWIN-VAR-001,4.0,
STORET_Rhode_WRBBR5_19760318_      2500,STORET_Rhode,WRBBR5,00010,5.0,,1976-03-18T00:00:00,41.616667,-71.619444,US,Rhode,RI_Kent,CONGDON RIVER / NORTHEAST / NARRAGANSETT BAY,00010,STORET Rhode,HOUR25,HWIN-VAR-001,5.0,
STORET_Rhode_WRBBR6_19760318_      2500,STORET_Rhode,WRBBR6,00010,5.0,,1976-03-18T00:00:00,41.655556,-71.622222,US,Rhode,RI_Kent,NOOSENECK RIVER / NORTHEAST / NARRAGANSETT BAY,00010,STORET Rhode,HOUR25,HWIN-VAR-001,5.0,
STORET_Rhode_WRBBR7_19760318_      2500,STORET_Rhode,WRBBR7,00010,4.0,,1976-03-18T00:00:00,41.644444,-71.613889,US,Rhode,RI_Kent,BIG RIVER / NORTHEAST / NARRAGANSETT BAY,00010,STORET Rhode,HOUR25,HWIN-VAR-001,4.0,
STORET_Rhode_WRBFR1_19760318_      2500,STORET_Rhode,WRBFR1,00010,6.0,,1976-03-18T00:00:00,41.697778,-71.594444,US,Rhode,RI_Kent,FLAT RIVER RESERVOIR / NORTHEAST / NARRAGANSETT BAY,00010,STORET Rhode,HOUR25,HWIN-VAR-001,6.0,
STORET_Rhode_WRBMR2_19760415_      2500,STORET_Rhode,WRBMR2,00010,17.0,,1976-04-15T00:00:00,41.683333,-71.775,US,Rhode,RI_Kent,ROARING BROOK / NORTHEAST / PAWCATUCK RIVER,00010,STORET Rhode,HOUR25,HWIN-VAR-001,17.0,
STORET_Rhode_WRBMR3_19760415_      2500,STORET_Rhode,WRBMR3,00010,17.0,,1976-04-15T00:00:00,41.691667,-71.763889,US,Rhode,RI_Kent,MOOSUP RIVER / NORTHEAST / PAWCATUCK RIVER,00010,STORET Rhode,HOUR25,HWIN-VAR-001,17.0,
STORET_Rhode_1D1-019_19841104_      2500,STORET_Rhode,1D1-019,00010,9.5,,1984-11-04T00:00:00,41.713889,-71.729167,US,Rhode,RI_Kent,WATERMAN POND /  /,00010,STORET Rhode,HOUR25,HWIN-VAR-001,9.5,
STORET_Rhode_1D1-066_19841104_      2500,STORET_Rhode,1D1-066,00010,11.2,,1984-11-04T00:00:00,41.653889,-71.591389,US,Rhode,RI_Kent,LAKE MISHNOCK /  /,00010,STORET Rhode,HOUR25,HWIN-VAR-001,11.2,
STORET_Rhode_1D2-050_19841104_      2500,STORET_Rhode,1D2-050,00010,10.7,,1984-11-04T00:00:00,41.679167,-71.55,US,Rhode,RI_Kent,TIOGUE LAKE /  /,00010,STORET Rhode,HOUR25,HWIN-VAR-001,10.7,
STORET_Rhode_1D2-085_19841104_      2500,STORET_Rhode,1D2-085,00010,11.6,,1984-11-04T00:00:00,41.683611,-71.6,US,Rhode,RI_Kent,FLAT RIVER RES. (EAST ARM) /  /,00010,STORET Rhode,HOUR25,HWIN-VAR-001,11.6,
STORET_Rhode_FRYB01_19740411_      2500,STORET_Rhode,FRYB01,00011,41.0,,1974-04-11T00:00:00,41.630278,-71.483333,US,Rhode,RI_Kent,FRY BROOK AT RT4 AT E.GREENWICH / NORTHEAST / NARRAGANSETT BAY,00011,STORET Rhode,HOUR25,HWIN-VAR-001,41.0,
STORET_Rhode_FRYB01_19740712_      2500,STORET_Rhode,FRYB01,00011,65.0,,1974-07-12T00:00:00,41.630278,-71.483333,US,Rhode,RI_Kent,FRY BROOK AT RT4 AT E.GREENWICH / NORTHEAST / NARRAGANSETT BAY,00011,STORET Rhode,HOUR25,HWIN-VAR-001,65.0,
STORET_Rhode_FRYB01_19741011_      2500,STORET_Rhode,FRYB01,00011,53.0,,1974-10-11T00:00:00,41.630278,-71.483333,US,Rhode,RI_Kent,FRY BROOK AT RT4 AT E.GREENWICH / NORTHEAST / NARRAGANSETT BAY,00011,STORET Rhode,HOUR25,HWIN-VAR-001,53.0,
STORET_Rhode_FRYB01_19741211_      2500,STORET_Rhode,FRYB01,00011,40.0,,1974-12-11T00:00:00,41.630278,-71.483333,US,Rhode,RI_Kent,FRY BROOK AT RT4 AT E.GREENWICH / NORTHEAST / NARRAGANSETT BAY,00011,STORET Rhode,HOUR25,HWIN-VAR-001,40.0,
STORET_Rhode_FRYB01_19750221_      2500,STORET_Rhode,FRYB01,00011,36.0,,1975-02-21T00:00:00,41.630278,-71.483333,US,Rhode,RI_Kent,FRY BROOK AT RT4 AT E.GREENWICH / NORTHEAST / NARRAGANSETT BAY,00011,STORET Rhode,HOUR25,HWIN-VAR-001,36.0,
STORET_Rhode_FRYB01_19750430_      2500,STORET_Rhode,FRYB01,00011,48.0,,1975-04-30T00:00:00,41.630278,-71.483333,US,Rhode,RI_Kent,FRY BROOK AT RT4 AT E.GREENWICH / NORTHEAST / NARRAGANSETT BAY,00011,STORET Rhode,HOUR25,HWIN-VAR-001,48.0,
STORET_Rhode_FRYB01_19750710_      2500,STORET_Rhode,FRYB01,00011,66.0,,1975-07-10T00:00:00,41.630278,-71.483333,US,Rhode,RI_Kent,FRY BROOK AT RT4 AT E.GREENWICH / NORTHEAST / NARRAGANSETT BAY,00011,STORET Rhode,HOUR25,HWIN-VAR-001,66.0,
STORET_Rhode_FRYB01_19750912_      2500,STORET_Rhode,FRYB01,00011,62.0,,1975-09-12T00:00:00,41.630278,-71.483333,US,Rhode,RI_Kent,FRY BROOK AT RT4 AT E.GREENWICH / NORTHEAST / NARRAGANSETT BAY,00011,STORET Rhode,HOUR25,HWIN-VAR-001,62.0,
STORET_Rhode_FRYB01_19751023_      2500,STORET_Rhode,FRYB01,00011,52.5,,1975-10-23T00:00:00,41.630278,-71.483333,US,Rhode,RI_Kent,FRY BROOK AT RT4 AT E.GREENWICH / NORTHEAST / NARRAGANSETT BAY,00011,STORET Rhode,HOUR25,HWIN-VAR-001,52.5,
STORET_Rhode_FRYB01_19751204_      2500,STORET_Rhode,FRYB01,00011,33.0,,1975-12-04T00:00:00,41.630278,-71.483333,US,Rhode,RI_Kent,FRY BROOK AT RT4 AT E.GREENWICH / NORTHEAST / NARRAGANSETT BAY,00011,STORET Rhode,HOUR25,HWIN-VAR-001,33.0,
STORET_Rhode_FRYB01_19760219_      2500,STORET_Rhode,FRYB01,00011,37.0,,1976-02-19T00:00:00,41.630278,-71.483333,US,Rhode,RI_Kent,FRY BROOK AT RT4 AT E.GREENWICH / NORTHEAST / NARRAGANSETT BAY,00011,STORET Rhode,HOUR25,HWIN-VAR-001,37.0,
STORET_Rhode_FRYB01_19760421_      2500,STORET_Rhode,FRYB01,00011,59.5,,1976-04-21T00:00:00,41.630278,-71.483333,US,Rhode,RI_Kent,FRY BROOK AT RT4 AT E.GREENWICH / NORTHEAST / NARRAGANSETT BAY,00011,STORET Rhode,HOUR25,HWIN-VAR-001,59.5,
STORET_Rhode_FRYB01_19760617_      2500,STORET_Rhode,FRYB01,00011,65.0,,1976-06-17T00:00:00,41.630278,-71.483333,US,Rhode,RI_Kent,FRY BROOK AT RT4 AT E.GREENWICH / NORTHEAST / NARRAGANSETT BAY,00011,STORET Rhode,HOUR25,HWIN-VAR-001,65.0,
STORET_Rhode_FRYB01_19761029_      2500,STORET_Rhode,FRYB01,00011,48.0,,1976-10-29T00:00:00,41.630278,-71.483333,US,Rhode,RI_Kent,FRY BROOK AT RT4 AT E.GREENWICH / NORTHEAST / NARRAGANSETT BAY,00011,STORET Rhode,HOUR25,HWIN-VAR-001,48.0,
STORET_Rhode_FRYB01_19761118_      2500,STORET_Rhode,FRYB01,00011,41.0,,1976-11-18T00:00:00,41.630278,-71.483333,US,Rhode,RI_Kent,FRY BROOK AT RT4 AT E.GREENWICH / NORTHEAST / NARRAGANSETT BAY,00011,STORET Rhode,HOUR25,HWIN-VAR-001,41.0,
STORET_Rhode_FRYB01_19761215_      2500,STORET_Rhode,FRYB01,00011,35.0,,1976-12-15T00:00:00,41.630278,-71.483333,US,Rhode,RI_Kent,FRY BROOK AT RT4 AT E.GREENWICH / NORTHEAST / NARRAGANSETT BAY,00011,STORET Rhode,HOUR25,HWIN-VAR-001,35.0,
STORET_Rhode_FRYB01_19770216_      2500,STORET_Rhode,FRYB01,00011,34.0,,1977-02-16T00:00:00,41.630278,-71.483333,US,Rhode,RI_Kent,FRY BROOK AT RT4 AT E.GREENWICH / NORTHEAST / NARRAGANSETT BAY,00011,STORET Rhode,HOUR25,HWIN-VAR-001,34.0,
STORET_Rhode_FRYB01_19770427_      2500,STORET_Rhode,FRYB01,00011,48.0,,1977-04-27T00:00:00,41.630278,-71.483333,US,Rhode,RI_Kent,FRY BROOK AT RT4 AT E.GREENWICH / NORTHEAST / NARRAGANSETT BAY,00011,STORET Rhode,HOUR25,HWIN-VAR-001,48.0,
STORET_Rhode_FRYB01_19770629_      2500,STORET_Rhode,FRYB01,00011,63.5,,1977-06-29T00:00:00,41.630278,-71.483333,US,Rhode,RI_Kent,FRY BROOK AT RT4 AT E.GREENWICH / NORTHEAST / NARRAGANSETT BAY,00011,STORET Rhode,HOUR25,HWIN-VAR-001,63.5,
STORET_Rhode_FRYB01_19770824_      2500,STORET_Rhode,FRYB01,00011,63.0,,1977-08-24T00:00:00,41.630278,-71.483333,US,Rhode,RI_Kent,FRY BROOK AT RT4 AT E.GREENWICH / NORTHEAST / NARRAGANSETT BAY,00011,STORET Rhode,HOUR25,HWIN-VAR-001,63.0,
STORET_Rhode_FRYB01_19771027_      2500,STORET_Rhode,FRYB01,00011,54.0,,1977-10-27T00:00:00,41.630278,-71.483333,US,Rhode,RI_Kent,FRY BROOK AT RT4 AT E.GREENWICH / NORTHEAST / NARRAGANSETT BAY,00011,STORET Rhode,HOUR25,HWIN-VAR-001,54.0,
STORET_Rhode_FRYB01_19771229_      2500,STORET_Rhode,FRYB01,00011,33.0,,1977-12-29T00:00:00,41.630278,-71.483333,US,Rhode,RI_Kent,FRY BROOK AT RT4 AT E.GREENWICH / NORTHEAST / NARRAGANSETT BAY,00011,STORET Rhode,HOUR25,HWIN-VAR-001,33.0,
STORET_Rhode_FRYB01_19780419_      2500,STORET_Rhode,FRYB01,00011,44.0,,1978-04-19T00:00:00,41.630278,-71.483333,US,Rhode,RI_Kent,FRY BROOK AT RT4 AT E.GREENWICH / NORTHEAST / NARRAGANSETT BAY,00011,STORET Rhode,HOUR25,HWIN-VAR-001,44.0,
STORET_Rhode_FRYB01_19780525_      2500,STORET_Rhode,FRYB01,00011,56.0,,1978-05-25T00:00:00,41.630278,-71.483333,US,Rhode,RI_Kent,FRY BROOK AT RT4 AT E.GREENWICH / NORTHEAST / NARRAGANSETT BAY,00011,STORET Rhode,HOUR25,HWIN-VAR-001,56.0,
STORET_Rhode_FRYB01_19780628_      2500,STORET_Rhode,FRYB01,00011,66.0,,1978-06-28T00:00:00,41.630278,-71.483333,US,Rhode,RI_Kent,FRY BROOK AT RT4 AT E.GREENWICH / NORTHEAST / NARRAGANSETT BAY,00011,STORET Rhode,HOUR25,HWIN-VAR-001,66.0,
STORET_Rhode_FRYB01_19780816_      2500,STORET_Rhode,FRYB01,00011,69.0,,1978-08-16T00:00:00,41.630278,-71.483333,US,Rhode,RI_Kent,FRY BROOK AT RT4 AT E.GREENWICH / NORTHEAST / NARRAGANSETT BAY,00011,STORET Rhode,HOUR25,HWIN-VAR-001,69.0,
STORET_Rhode_FRYB01_19781025_      2500,STORET_Rhode,FRYB01,00011,54.0,,1978-10-25T00:00:00,41.630278,-71.483333,US,Rhode,RI_Kent,FRY BROOK AT RT4 AT E.GREENWICH / NORTHEAST / NARRAGANSETT BAY,00011,STORET Rhode,HOUR25,HWIN-VAR-001,54.0,
STORET_Rhode_PWXCB117_19740411_      2500,STORET_Rhode,PWXCB117,00011,42.0,,1974-04-11T00:00:00,41.696111,-71.530556,US,Rhode,RI_Kent,PAWTUXET RIVER SOUTH BRANCH R117 /  NORTHEAST / NARRAGANSETT BAY,00011,STORET Rhode,HOUR25,HWIN-VAR-001,42.0,
STORET_Rhode_PWXCB117_19740717_      2500,STORET_Rhode,PWXCB117,00011,67.0,,1974-07-17T00:00:00,41.696111,-71.530556,US,Rhode,RI_Kent,PAWTUXET RIVER SOUTH BRANCH R117 /  NORTHEAST / NARRAGANSETT BAY,00011,STORET Rhode,HOUR25,HWIN-VAR-001,67.0,
STORET_Rhode_PWXCB117_19741011_      2500,STORET_Rhode,PWXCB117,00011,55.0,,1974-10-11T00:00:00,41.696111,-71.530556,US,Rhode,RI_Kent,PAWTUXET RIVER SOUTH BRANCH R117 /  NORTHEAST / NARRAGANSETT BAY,00011,STORET Rhode,HOUR25,HWIN-VAR-001,55.0,
STORET_Rhode_PWXCB117_19741204_      2500,STORET_Rhode,PWXCB117,00011,39.0,,1974-12-04T00:00:00,41.696111,-71.530556,US,Rhode,RI_Kent,PAWTUXET RIVER SOUTH BRANCH R117 /  NORTHEAST / NARRAGANSETT BAY,00011,STORET Rhode,HOUR25,HWIN-VAR-001,39.0,
STORET_Rhode_PWXCB117_19750220_      2500,STORET_Rhode,PWXCB117,00011,36.0,,1975-02-20T00:00:00,41.696111,-71.530556,US,Rhode,RI_Kent,PAWTUXET RIVER SOUTH BRANCH R117 /  NORTHEAST / NARRAGANSETT BAY,00011,STORET Rhode,HOUR25,HWIN-VAR-001,36.0,
STORET_Rhode_PWXCB117_19750430_      2500,STORET_Rhode,PWXCB117,00011,51.0,,1975-04-30T00:00:00,41.696111,-71.530556,US,Rhode,RI_Kent,PAWTUXET RIVER SOUTH BRANCH R117 /  NORTHEAST / NARRAGANSETT BAY,00011,STORET Rhode,HOUR25,HWIN-VAR-001,51.0,
STORET_Rhode_PWXCB117_19750710_      2500,STORET_Rhode,PWXCB117,00011,76.5,,1975-07-10T00:00:00,41.696111,-71.530556,US,Rhode,RI_Kent,PAWTUXET RIVER SOUTH BRANCH R117 /  NORTHEAST / NARRAGANSETT BAY,00011,STORET Rhode,HOUR25,HWIN-VAR-001,76.5,
STORET_Rhode_PWXCB117_19750912_      2500,STORET_Rhode,PWXCB117,00011,67.0,,1975-09-12T00:00:00,41.696111,-71.530556,US,Rhode,RI_Kent,PAWTUXET RIVER SOUTH BRANCH R117 /  NORTHEAST / NARRAGANSETT BAY,00011,STORET Rhode,HOUR25,HWIN-VAR-001,67.0,
STORET_Rhode_PWXCB117_19751023_      2500,STORET_Rhode,PWXCB117,00011,56.0,,1975-10-23T00:00:00,41.696111,-71.530556,US,Rhode,RI_Kent,PAWTUXET RIVER SOUTH BRANCH R117 /  NORTHEAST / NARRAGANSETT BAY,00011,STORET Rhode,HOUR25,HWIN-VAR-001,56.0,
STORET_Rhode_PWXCB117_19751204_      2500,STORET_Rhode,PWXCB117,00011,35.0,,1975-12-04T00:00:00,41.696111,-71.530556,US,Rhode,RI_Kent,PAWTUXET RIVER SOUTH BRANCH R117 /  NORTHEAST / NARRAGANSETT BAY,00011,STORET Rhode,HOUR25,HWIN-VAR-001,35.0,
STORET_Rhode_PWXCB117_19760219_      2500,STORET_Rhode,PWXCB117,00011,39.0,,1976-02-19T00:00:00,41.696111,-71.530556,US,Rhode,RI_Kent,PAWTUXET RIVER SOUTH BRANCH R117 /  NORTHEAST / NARRAGANSETT BAY,00011,STORET Rhode,HOUR25,HWIN-VAR-001,39.0,
STORET_Rhode_PWXCB117_19760421_      2500,STORET_Rhode,PWXCB117,00011,66.0,,1976-04-21T00:00:00,41.696111,-71.530556,US,Rhode,RI_Kent,PAWTUXET RIVER SOUTH BRANCH R117 /  NORTHEAST / NARRAGANSETT BAY,00011,STORET Rhode,HOUR25,HWIN-VAR-001,66.0,
STORET_Rhode_PWXCB117_19760617_      2500,STORET_Rhode,PWXCB117,00011,73.0,,1976-06-17T00:00:00,41.696111,-71.530556,US,Rhode,RI_Kent,PAWTUXET RIVER SOUTH BRANCH R117 /  NORTHEAST / NARRAGANSETT BAY,00011,STORET Rhode,HOUR25,HWIN-VAR-001,73.0,
STORET_Rhode_PWXCB117_19760826_      2500,STORET_Rhode,PWXCB117,00011,74.0,,1976-08-26T00:00:00,41.696111,-71.530556,US,Rhode,RI_Kent,PAWTUXET RIVER SOUTH BRANCH R117 /  NORTHEAST / NARRAGANSETT BAY,00011,STORET Rhode,HOUR25,HWIN-VAR-001,74.0,
STORET_Rhode_PWXCB117_19761118_      2500,STORET_Rhode,PWXCB117,00011,40.5,,1976-11-18T00:00:00,41.696111,-71.530556,US,Rhode,RI_Kent,PAWTUXET RIVER SOUTH BRANCH R117 /  NORTHEAST / NARRAGANSETT BAY,00011,STORET Rhode,HOUR25,HWIN-VAR-001,40.5,
STORET_Rhode_PWXCB117_19761215_      2500,STORET_Rhode,PWXCB117,00011,35.5,,1976-12-15T00:00:00,41.696111,-71.530556,US,Rhode,RI_Kent,PAWTUXET RIVER SOUTH BRANCH R117 /  NORTHEAST / NARRAGANSETT BAY,00011,STORET Rhode,HOUR25,HWIN-VAR-001,35.5,
STORET_Rhode_PWXCB117_19770216_      2500,STORET_Rhode,PWXCB117,00011,35.5,,1977-02-16T00:00:00,41.696111,-71.530556,US,Rhode,RI_Kent,PAWTUXET RIVER SOUTH BRANCH R117 /  NORTHEAST / NARRAGANSETT BAY,00011,STORET Rhode,HOUR25,HWIN-VAR-001,35.5,
STORET_Rhode_PWXCB117_19770427_      2500,STORET_Rhode,PWXCB117,00011,54.0,,1977-04-27T00:00:00,41.696111,-71.530556,US,Rhode,RI_Kent,PAWTUXET RIVER SOUTH BRANCH R117 /  NORTHEAST / NARRAGANSETT BAY,00011,STORET Rhode,HOUR25,HWIN-VAR-001,54.0,
STORET_Rhode_PWXCB117_19770629_      2500,STORET_Rhode,PWXCB117,00011,74.0,,1977-06-29T00:00:00,41.696111,-71.530556,US,Rhode,RI_Kent,PAWTUXET RIVER SOUTH BRANCH R117 /  NORTHEAST / NARRAGANSETT BAY,00011,STORET Rhode,HOUR25,HWIN-VAR-001,74.0,
STORET_Rhode_PWXCB117_19770824_      2500,STORET_Rhode,PWXCB117,00011,69.0,,1977-08-24T00:00:00,41.696111,-71.530556,US,Rhode,RI_Kent,PAWTUXET RIVER SOUTH BRANCH R117 /  NORTHEAST / NARRAGANSETT BAY,00011,STORET Rhode,HOUR25,HWIN-VAR-001,69.0,
STORET_Rhode_PWXCB117_19771027_      2500,STORET_Rhode,PWXCB117,00011,55.0,,1977-10-27T00:00:00,41.696111,-71.530556,US,Rhode,RI_Kent,PAWTUXET RIVER SOUTH BRANCH R117 /  NORTHEAST / NARRAGANSETT BAY,00011,STORET Rhode,HOUR25,HWIN-VAR-001,55.0,
STORET_Rhode_PWXCB117_19771229_      2500,STORET_Rhode,PWXCB117,00011,33.0,,1977-12-29T00:00:00,41.696111,-71.530556,US,Rhode,RI_Kent,PAWTUXET RIVER SOUTH BRANCH R117 /  NORTHEAST / NARRAGANSETT BAY,00011,STORET Rhode,HOUR25,HWIN-VAR-001,33.0,
STORET_Rhode_PWXCB117_19780419_      2500,STORET_Rhode,PWXCB117,00011,48.0,,1978-04-19T00:00:00,41.696111,-71.530556,US,Rhode,RI_Kent,PAWTUXET RIVER SOUTH BRANCH R117 /  NORTHEAST / NARRAGANSETT BAY,00011,STORET Rhode,HOUR25,HWIN-VAR-001,48.0,
STORET_Rhode_PWXCB117_19780525_      2500,STORET_Rhode,PWXCB117,00011,56.0,,1978-05-25T00:00:00,41.696111,-71.530556,US,Rhode,RI_Kent,PAWTUXET RIVER SOUTH BRANCH R117 /  NORTHEAST / NARRAGANSETT BAY,00011,STORET Rhode,HOUR25,HWIN-VAR-001,56.0,
STORET_Rhode_PWXCB117_19780628_      2500,STORET_Rhode,PWXCB117,00011,77.0,,1978-06-28T00:00:00,41.696111,-71.530556,US,Rhode,RI_Kent,PAWTUXET RIVER SOUTH BRANCH R117 /  NORTHEAST / NARRAGANSETT BAY,00011,STORET Rhode,HOUR25,HWIN-VAR-001,77.0,
STORET_Rhode_PWXCB117_19780816_      2500,STORET_Rhode,PWXCB117,00011,77.0,,1978-08-16T00:00:00,41.696111,-71.530556,US,Rhode,RI_Kent,PAWTUXET RIVER SOUTH BRANCH R117 /  NORTHEAST / NARRAGANSETT BAY,00011,STORET Rhode,HOUR25,HWIN-VAR-001,77.0,
STORET_Rhode_PWXCB117_19780824_      2500,STORET_Rhode,PWXCB117,00011,69.0,,1978-08-24T00:00:00,41.696111,-71.530556,US,Rhode,RI_Kent,PAWTUXET RIVER SOUTH BRANCH R117 /  NORTHEAST / NARRAGANSETT BAY,00011,STORET Rhode,HOUR25,HWIN-VAR-001,69.0,
STORET_Rhode_PWXCB117_19781025_      2500,STORET_Rhode,PWXCB117,00011,51.0,,1978-10-25T00:00:00,41.696111,-71.530556,US,Rhode,RI_Kent,PAWTUXET RIVER SOUTH BRANCH R117 /  NORTHEAST / NARRAGANSETT BAY,00011,STORET Rhode,HOUR25,HWIN-VAR-001,51.0,
STORET_Rhode_PWXNB115_19740411_      2500,STORET_Rhode,PWXNB115,00011,41.5,,1974-04-11T00:00:00,41.718333,-71.523611,US,Rhode,RI_Kent,PAWTUXET RIVER NORTH BRANCH  115 / NORTHEAST / NARRAGANSETT BAY,00011,STORET Rhode,HOUR25,HWIN-VAR-001,41.5,
STORET_Rhode_PWXNB115_19740717_      2500,STORET_Rhode,PWXNB115,00011,67.0,,1974-07-17T00:00:00,41.718333,-71.523611,US,Rhode,RI_Kent,PAWTUXET RIVER NORTH BRANCH  115 / NORTHEAST / NARRAGANSETT BAY,00011,STORET Rhode,HOUR25,HWIN-VAR-001,67.0,
STORET_Rhode_PWXNB115_19741011_      2500,STORET_Rhode,PWXNB115,00011,56.0,,1974-10-11T00:00:00,41.718333,-71.523611,US,Rhode,RI_Kent,PAWTUXET RIVER NORTH BRANCH  115 / NORTHEAST / NARRAGANSETT BAY,00011,STORET Rhode,HOUR25,HWIN-VAR-001,56.0,
STORET_Rhode_PWXNB115_19741204_      2500,STORET_Rhode,PWXNB115,00011,40.0,,1974-12-04T00:00:00,41.718333,-71.523611,US,Rhode,RI_Kent,PAWTUXET RIVER NORTH BRANCH  115 / NORTHEAST / NARRAGANSETT BAY,00011,STORET Rhode,HOUR25,HWIN-VAR-001,40.0,
STORET_Rhode_PWXNB115_19750220_      2500,STORET_Rhode,PWXNB115,00011,36.0,,1975-02-20T00:00:00,41.718333,-71.523611,US,Rhode,RI_Kent,PAWTUXET RIVER NORTH BRANCH  115 / NORTHEAST / NARRAGANSETT BAY,00011,STORET Rhode,HOUR25,HWIN-VAR-001,36.0,
STORET_Rhode_PWXNB115_19750430_      2500,STORET_Rhode,PWXNB115,00011,52.0,,1975-04-30T00:00:00,41.718333,-71.523611,US,Rhode,RI_Kent,PAWTUXET RIVER NORTH BRANCH  115 / NORTHEAST / NARRAGANSETT BAY,00011,STORET Rhode,HOUR25,HWIN-VAR-001,52.0,
STORET_Rhode_PWXNB115_19750710_      2500,STORET_Rhode,PWXNB115,00011,76.5,,1975-07-10T00:00:00,41.718333,-71.523611,US,Rhode,RI_Kent,PAWTUXET RIVER NORTH BRANCH  115 / NORTHEAST / NARRAGANSETT BAY,00011,STORET Rhode,HOUR25,HWIN-VAR-001,76.5,
STORET_Rhode_PWXNB115_19750912_      2500,STORET_Rhode,PWXNB115,00011,66.5,,1975-09-12T00:00:00,41.718333,-71.523611,US,Rhode,RI_Kent,PAWTUXET RIVER NORTH BRANCH  115 / NORTHEAST / NARRAGANSETT BAY,00011,STORET Rhode,HOUR25,HWIN-VAR-001,66.5,
STORET_Rhode_PWXNB115_19751023_      2500,STORET_Rhode,PWXNB115,00011,56.5,,1975-10-23T00:00:00,41.718333,-71.523611,US,Rhode,RI_Kent,PAWTUXET RIVER NORTH BRANCH  115 / NORTHEAST / NARRAGANSETT BAY,00011,STORET Rhode,HOUR25,HWIN-VAR-001,56.5,
STORET_Rhode_PWXNB115_19751204_      2500,STORET_Rhode,PWXNB115,00011,41.0,,1975-12-04T00:00:00,41.718333,-71.523611,US,Rhode,RI_Kent,PAWTUXET RIVER NORTH BRANCH  115 / NORTHEAST / NARRAGANSETT BAY,00011,STORET Rhode,HOUR25,HWIN-VAR-001,41.0,
STORET_Rhode_PWXNB115_19760219_      2500,STORET_Rhode,PWXNB115,00011,37.0,,1976-02-19T00:00:00,41.718333,-71.523611,US,Rhode,RI_Kent,PAWTUXET RIVER NORTH BRANCH  115 / NORTHEAST / NARRAGANSETT BAY,00011,STORET Rhode,HOUR25,HWIN-VAR-001,37.0,
STORET_Rhode_PWXNB115_19760421_      2500,STORET_Rhode,PWXNB115,00011,65.0,,1976-04-21T00:00:00,41.718333,-71.523611,US,Rhode,RI_Kent,PAWTUXET RIVER NORTH BRANCH  115 / NORTHEAST / NARRAGANSETT BAY,00011,STORET Rhode,HOUR25,HWIN-VAR-001,65.0,
STORET_Rhode_PWXNB115_19760617_      2500,STORET_Rhode,PWXNB115,00011,71.0,,1976-06-17T00:00:00,41.718333,-71.523611,US,Rhode,RI_Kent,PAWTUXET RIVER NORTH BRANCH  115 / NORTHEAST / NARRAGANSETT BAY,00011,STORET Rhode,HOUR25,HWIN-VAR-001,71.0,
STORET_Rhode_PWXNB115_19761118_      2500,STORET_Rhode,PWXNB115,00011,44.0,,1976-11-18T00:00:00,41.718333,-71.523611,US,Rhode,RI_Kent,PAWTUXET RIVER NORTH BRANCH  115 / NORTHEAST / NARRAGANSETT BAY,00011,STORET Rhode,HOUR25,HWIN-VAR-001,44.0,
STORET_Rhode_PWXNB115_19761215_      2500,STORET_Rhode,PWXNB115,00011,36.5,,1976-12-15T00:00:00,41.718333,-71.523611,US,Rhode,RI_Kent,PAWTUXET RIVER NORTH BRANCH  115 / NORTHEAST / NARRAGANSETT BAY,00011,STORET Rhode,HOUR25,HWIN-VAR-001,36.5,
STORET_Rhode_PWXNB115_19770216_      2500,STORET_Rhode,PWXNB115,00011,34.5,,1977-02-16T00:00:00,41.718333,-71.523611,US,Rhode,RI_Kent,PAWTUXET RIVER NORTH BRANCH  115 / NORTHEAST / NARRAGANSETT BAY,00011,STORET Rhode,HOUR25,HWIN-VAR-001,34.5,
STORET_Rhode_PWXNB115_19770427_      2500,STORET_Rhode,PWXNB115,00011,51.0,,1977-04-27T00:00:00,41.718333,-71.523611,US,Rhode,RI_Kent,PAWTUXET RIVER NORTH BRANCH  115 / NORTHEAST / NARRAGANSETT BAY,00011,STORET Rhode,HOUR25,HWIN-VAR-001,51.0,
STORET_Rhode_PWXNB115_19770629_      2500,STORET_Rhode,PWXNB115,00011,71.0,,1977-06-29T00:00:00,41.718333,-71.523611,US,Rhode,RI_Kent,PAWTUXET RIVER NORTH BRANCH  115 / NORTHEAST / NARRAGANSETT BAY,00011,STORET Rhode,HOUR25,HWIN-VAR-001,71.0,
STORET_Rhode_PWXNB115_19770824_      2500,STORET_Rhode,PWXNB115,00011,71.0,,1977-08-24T00:00:00,41.718333,-71.523611,US,Rhode,RI_Kent,PAWTUXET RIVER NORTH BRANCH  115 / NORTHEAST / NARRAGANSETT BAY,00011,STORET Rhode,HOUR25,HWIN-VAR-001,71.0,
STORET_Rhode_PWXNB115_19771027_      2500,STORET_Rhode,PWXNB115,00011,56.0,,1977-10-27T00:00:00,41.718333,-71.523611,US,Rhode,RI_Kent,PAWTUXET RIVER NORTH BRANCH  115 / NORTHEAST / NARRAGANSETT BAY,00011,STORET Rhode,HOUR25,HWIN-VAR-001,56.0,
STORET_Rhode_PWXNB115_19771229_      2500,STORET_Rhode,PWXNB115,00011,33.5,,1977-12-29T00:00:00,41.718333,-71.523611,US,Rhode,RI_Kent,PAWTUXET RIVER NORTH BRANCH  115 / NORTHEAST / NARRAGANSETT BAY,00011,STORET Rhode,HOUR25,HWIN-VAR-001,33.5,
STORET_Rhode_PWXNB115_19780419_      2500,STORET_Rhode,PWXNB115,00011,48.0,,1978-04-19T00:00:00,41.718333,-71.523611,US,Rhode,RI_Kent,PAWTUXET RIVER NORTH BRANCH  115 / NORTHEAST / NARRAGANSETT BAY,00011,STORET Rhode,HOUR25,HWIN-VAR-001,48.0,
STORET_Rhode_PWXNB115_19780525_      2500,STORET_Rhode,PWXNB115,00011,56.0,,1978-05-25T00:00:00,41.718333,-71.523611,US,Rhode,RI_Kent,PAWTUXET RIVER NORTH BRANCH  115 / NORTHEAST / NARRAGANSETT BAY,00011,STORET Rhode,HOUR25,HWIN-VAR-001,56.0,
STORET_Rhode_PWXNB115_19780628_      2500,STORET_Rhode,PWXNB115,00011,75.0,,1978-06-28T00:00:00,41.718333,-71.523611,US,Rhode,RI_Kent,PAWTUXET RIVER NORTH BRANCH  115 / NORTHEAST / NARRAGANSETT BAY,00011,STORET Rhode,HOUR25,HWIN-VAR-001,75.0,
STORET_Rhode_PWXNB115_19780816_      2500,STORET_Rhode,PWXNB115,00011,75.0,,1978-08-16T00:00:00,41.718333,-71.523611,US,Rhode,RI_Kent,PAWTUXET RIVER NORTH BRANCH  115 / NORTHEAST / NARRAGANSETT BAY,00011,STORET Rhode,HOUR25,HWIN-VAR-001,75.0,
STORET_Rhode_PWXNB115_19781025_      2500,STORET_Rhode,PWXNB115,00011,52.0,,1978-10-25T00:00:00,41.718333,-71.523611,US,Rhode,RI_Kent,PAWTUXET RIVER NORTH BRANCH  115 / NORTHEAST / NARRAGANSETT BAY,00011,STORET Rhode,HOUR25,HWIN-VAR-001,52.0,
STORET_Rhode_PWXPCD_19740411_      2500,STORET_Rhode,PWXPCD,00011,41.5,,1974-04-11T00:00:00,41.764167,-71.390833,US,Rhode,RI_Kent,PAWTUXET RIVER AT PAW. COVE DAM / NORTHEAST / NARRAGANSETT BAY,00011,STORET Rhode,HOUR25,HWIN-VAR-001,41.5,
STORET_Rhode_PWXPCD_19740717_      2500,STORET_Rhode,PWXPCD,00011,68.0,,1974-07-17T00:00:00,41.764167,-71.390833,US,Rhode,RI_Kent,PAWTUXET RIVER AT PAW. COVE DAM / NORTHEAST / NARRAGANSETT BAY,00011,STORET Rhode,HOUR25,HWIN-VAR-001,68.0,
STORET_Rhode_PWXPCD_19741011_      2500,STORET_Rhode,PWXPCD,00011,58.0,,1974-10-11T00:00:00,41.764167,-71.390833,US,Rhode,RI_Kent,PAWTUXET RIVER AT PAW. COVE DAM / NORTHEAST / NARRAGANSETT BAY,00011,STORET Rhode,HOUR25,HWIN-VAR-001,58.0,
STORET_Rhode_PWXPCD_19741204_      2500,STORET_Rhode,PWXPCD,00011,41.0,,1974-12-04T00:00:00,41.764167,-71.390833,US,Rhode,RI_Kent,PAWTUXET RIVER AT PAW. COVE DAM / NORTHEAST / NARRAGANSETT BAY,00011,STORET Rhode,HOUR25,HWIN-VAR-001,41.0,
STORET_Rhode_PWXPCD_19750220_      2500,STORET_Rhode,PWXPCD,00011,36.0,,1975-02-20T00:00:00,41.764167,-71.390833,US,Rhode,RI_Kent,PAWTUXET RIVER AT PAW. COVE DAM / NORTHEAST / NARRAGANSETT BAY,00011,STORET Rhode,HOUR25,HWIN-VAR-001,36.0,
STORET_Rhode_PWXPCD_19750430_      2500,STORET_Rhode,PWXPCD,00011,53.0,,1975-04-30T00:00:00,41.764167,-71.390833,US,Rhode,RI_Kent,PAWTUXET RIVER AT PAW. COVE DAM / NORTHEAST / NARRAGANSETT BAY,00011,STORET Rhode,HOUR25,HWIN-VAR-001,53.0,
STORET_Rhode_PWXPCD_19750710_      2500,STORET_Rhode,PWXPCD,00011,77.0,,1975-07-10T00:00:00,41.764167,-71.390833,US,Rhode,RI_Kent,PAWTUXET RIVER AT PAW. COVE DAM / NORTHEAST / NARRAGANSETT BAY,00011,STORET Rhode,HOUR25,HWIN-VAR-001,77.0,
STORET_Rhode_PWXPCD_19750912_      2500,STORET_Rhode,PWXPCD,00011,68.0,,1975-09-12T00:00:00,41.764167,-71.390833,US,Rhode,RI_Kent,PAWTUXET RIVER AT PAW. COVE DAM / NORTHEAST / NARRAGANSETT BAY,00011,STORET Rhode,HOUR25,HWIN-VAR-001,68.0,
STORET_Rhode_PWXPCD_19751023_      2500,STORET_Rhode,PWXPCD,00011,57.0,,1975-10-23T00:00:00,41.764167,-71.390833,US,Rhode,RI_Kent,PAWTUXET RIVER AT PAW. COVE DAM / NORTHEAST / NARRAGANSETT BAY,00011,STORET Rhode,HOUR25,HWIN-VAR-001,57.0,
STORET_Rhode_PWXPCD_19751204_      2500,STORET_Rhode,PWXPCD,00011,39.0,,1975-12-04T00:00:00,41.764167,-71.390833,US,Rhode,RI_Kent,PAWTUXET RIVER AT PAW. COVE DAM / NORTHEAST / NARRAGANSETT BAY,00011,STORET Rhode,HOUR25,HWIN-VAR-001,39.0,
STORET_Rhode_PWXPCD_19760219_      2500,STORET_Rhode,PWXPCD,00011,39.0,,1976-02-19T00:00:00,41.764167,-71.390833,US,Rhode,RI_Kent,PAWTUXET RIVER AT PAW. COVE DAM / NORTHEAST / NARRAGANSETT BAY,00011,STORET Rhode,HOUR25,HWIN-VAR-001,39.0,
STORET_Rhode_PWXPCD_19760421_      2500,STORET_Rhode,PWXPCD,00011,66.5,,1976-04-21T00:00:00,41.764167,-71.390833,US,Rhode,RI_Kent,PAWTUXET RIVER AT PAW. COVE DAM / NORTHEAST / NARRAGANSETT BAY,00011,STORET Rhode,HOUR25,HWIN-VAR-001,66.5,
STORET_Rhode_PWXPCD_19760617_      2500,STORET_Rhode,PWXPCD,00011,73.0,,1976-06-17T00:00:00,41.764167,-71.390833,US,Rhode,RI_Kent,PAWTUXET RIVER AT PAW. COVE DAM / NORTHEAST / NARRAGANSETT BAY,00011,STORET Rhode,HOUR25,HWIN-VAR-001,73.0,
STORET_Rhode_PWXPCD_19760915_      2500,STORET_Rhode,PWXPCD,00011,68.0,,1976-09-15T00:00:00,41.764167,-71.390833,US,Rhode,RI_Kent,PAWTUXET RIVER AT PAW. COVE DAM / NORTHEAST / NARRAGANSETT BAY,00011,STORET Rhode,HOUR25,HWIN-VAR-001,68.0,
STORET_Rhode_PWXPCD_19761118_      2500,STORET_Rhode,PWXPCD,00011,44.5,,1976-11-18T00:00:00,41.764167,-71.390833,US,Rhode,RI_Kent,PAWTUXET RIVER AT PAW. COVE DAM / NORTHEAST / NARRAGANSETT BAY,00011,STORET Rhode,HOUR25,HWIN-VAR-001,44.5,
STORET_Rhode_PWXPCD_19761215_      2500,STORET_Rhode,PWXPCD,00011,37.5,,1976-12-15T00:00:00,41.764167,-71.390833,US,Rhode,RI_Kent,PAWTUXET RIVER AT PAW. COVE DAM / NORTHEAST / NARRAGANSETT BAY,00011,STORET Rhode,HOUR25,HWIN-VAR-001,37.5,
STORET_Rhode_PWXPCD_19770216_      2500,STORET_Rhode,PWXPCD,00011,36.0,,1977-02-16T00:00:00,41.764167,-71.390833,US,Rhode,RI_Kent,PAWTUXET RIVER AT PAW. COVE DAM / NORTHEAST / NARRAGANSETT BAY,00011,STORET Rhode,HOUR25,HWIN-VAR-001,36.0,
STORET_Rhode_PWXPCD_19770427_      2500,STORET_Rhode,PWXPCD,00011,52.0,,1977-04-27T00:00:00,41.764167,-71.390833,US,Rhode,RI_Kent,PAWTUXET RIVER AT PAW. COVE DAM / NORTHEAST / NARRAGANSETT BAY,00011,STORET Rhode,HOUR25,HWIN-VAR-001,52.0,
STORET_Rhode_PWXPCD_19770629_      2500,STORET_Rhode,PWXPCD,00011,72.0,,1977-06-29T00:00:00,41.764167,-71.390833,US,Rhode,RI_Kent,PAWTUXET RIVER AT PAW. COVE DAM / NORTHEAST / NARRAGANSETT BAY,00011,STORET Rhode,HOUR25,HWIN-VAR-001,72.0,
STORET_Rhode_PWXPCD_19770824_      2500,STORET_Rhode,PWXPCD,00011,71.0,,1977-08-24T00:00:00,41.764167,-71.390833,US,Rhode,RI_Kent,PAWTUXET RIVER AT PAW. COVE DAM / NORTHEAST / NARRAGANSETT BAY,00011,STORET Rhode,HOUR25,HWIN-VAR-001,71.0,
STORET_Rhode_PWXPCD_19771027_      2500,STORET_Rhode,PWXPCD,00011,59.0,,1977-10-27T00:00:00,41.764167,-71.390833,US,Rhode,RI_Kent,PAWTUXET RIVER AT PAW. COVE DAM / NORTHEAST / NARRAGANSETT BAY,00011,STORET Rhode,HOUR25,HWIN-VAR-001,59.0,
STORET_Rhode_PWXPCD_19771229_      2500,STORET_Rhode,PWXPCD,00011,33.0,,1977-12-29T00:00:00,41.764167,-71.390833,US,Rhode,RI_Kent,PAWTUXET RIVER AT PAW. COVE DAM / NORTHEAST / NARRAGANSETT BAY,00011,STORET Rhode,HOUR25,HWIN-VAR-001,33.0,
STORET_Rhode_PWXPCD_19780419_      2500,STORET_Rhode,PWXPCD,00011,48.0,,1978-04-19T00:00:00,41.764167,-71.390833,US,Rhode,RI_Kent,PAWTUXET RIVER AT PAW. COVE DAM / NORTHEAST / NARRAGANSETT BAY,00011,STORET Rhode,HOUR25,HWIN-VAR-001,48.0,
STORET_Rhode_PWXPCD_19780525_      2500,STORET_Rhode,PWXPCD,00011,56.0,,1978-05-25T00:00:00,41.764167,-71.390833,US,Rhode,RI_Kent,PAWTUXET RIVER AT PAW. COVE DAM / NORTHEAST / NARRAGANSETT BAY,00011,STORET Rhode,HOUR25,HWIN-VAR-001,56.0,
STORET_Rhode_PWXPCD_19780628_      2500,STORET_Rhode,PWXPCD,00011,75.0,,1978-06-28T00:00:00,41.764167,-71.390833,US,Rhode,RI_Kent,PAWTUXET RIVER AT PAW. COVE DAM / NORTHEAST / NARRAGANSETT BAY,00011,STORET Rhode,HOUR25,HWIN-VAR-001,75.0,
STORET_Rhode_PWXPCD_19780816_      2500,STORET_Rhode,PWXPCD,00011,76.0,,1978-08-16T00:00:00,41.764167,-71.390833,US,Rhode,RI_Kent,PAWTUXET RIVER AT PAW. COVE DAM / NORTHEAST / NARRAGANSETT BAY,00011,STORET Rhode,HOUR25,HWIN-VAR-001,76.0,
STORET_Rhode_PWXPCD_19781025_      2500,STORET_Rhode,PWXPCD,00011,54.0,,1978-10-25T00:00:00,41.764167,-71.390833,US,Rhode,RI_Kent,PAWTUXET RIVER AT PAW. COVE DAM / NORTHEAST / NARRAGANSETT BAY,00011,STORET Rhode,HOUR25,HWIN-VAR-001,54.0,
STORET_Rhode_RI01_19780809_      0800,STORET_Rhode,RI01,00011,66.0,,1978-08-09T08:00:00,41.574167,-71.720833,US,Rhode,RI_Kent,"WOOD RIVER, TEN ROD RD (RTE 165) / NORTHEAST / PAWCATUCK RIVER",00011,STORET Rhode,,HWIN-VAR-001,66.0,
STORET_Rhode_RI01_19780816_      0800,STORET_Rhode,RI01,00011,66.0,,1978-08-16T08:00:00,41.574167,-71.720833,US,Rhode,RI_Kent,"WOOD RIVER, TEN ROD RD (RTE 165) / NORTHEAST / PAWCATUCK RIVER",00011,STORET Rhode,,HWIN-VAR-001,66.0,
STORET_Rhode_RI01_19780823_      0830,STORET_Rhode,RI01,00011,59.0,,1978-08-23T08:30:00,41.574167,-71.720833,US,Rhode,RI_Kent,"WOOD RIVER, TEN ROD RD (RTE 165) / NORTHEAST / PAWCATUCK RIVER",00011,STORET Rhode,,HWIN-VAR-001,59.0,
STORET_Rhode_RI01_19780830_      0800,STORET_Rhode,RI01,00011,63.0,,1978-08-30T08:00:00,41.574167,-71.720833,US,Rhode,RI_Kent,"WOOD RIVER, TEN ROD RD (RTE 165) / NORTHEAST / PAWCATUCK RIVER",00011,STORET Rhode,,HWIN-VAR-001,63.0,
STORET_Rhode_RI01_19780905_      0820,STORET_Rhode,RI01,00011,57.0,,1978-09-05T08:20:00,41.574167,-71.720833,US,Rhode,RI_Kent,"WOOD RIVER, TEN ROD RD (RTE 165) / NORTHEAST / PAWCATUCK RIVER",00011,STORET Rhode,,HWIN-VAR-001,57.0,
STORET_Rhode_RI01_19780914_      0900,STORET_Rhode,RI01,00011,52.0,,1978-09-14T09:00:00,41.574167,-71.720833,US,Rhode,RI_Kent,"WOOD RIVER, TEN ROD RD (RTE 165) / NORTHEAST / PAWCATUCK RIVER",00011,STORET Rhode,,HWIN-VAR-001,52.0,
STORET_Rhode_RI01_19780920_      0930,STORET_Rhode,RI01,00011,54.0,,1978-09-20T09:30:00,41.574167,-71.720833,US,Rhode,RI_Kent,"WOOD RIVER, TEN ROD RD (RTE 165) / NORTHEAST / PAWCATUCK RIVER",00011,STORET Rhode,,HWIN-VAR-001,54.0,
STORET_Rhode_RI01_19780926_      0815,STORET_Rhode,RI01,00011,49.0,,1978-09-26T08:15:00,41.574167,-71.720833,US,Rhode,RI_Kent,"WOOD RIVER, TEN ROD RD (RTE 165) / NORTHEAST / PAWCATUCK RIVER",00011,STORET Rhode,,HWIN-VAR-001,49.0,
STORET_Rhode_RI01_19781003_      0515,STORET_Rhode,RI01,00011,52.0,,1978-10-03T05:15:00,41.574167,-71.720833,US,Rhode,RI_Kent,"WOOD RIVER, TEN ROD RD (RTE 165) / NORTHEAST / PAWCATUCK RIVER",00011,STORET Rhode,,HWIN-VAR-001,52.0,
STORET_Rhode_RI01_19781010_      0810,STORET_Rhode,RI01,00011,43.0,,1978-10-10T08:10:00,41.574167,-71.720833,US,Rhode,RI_Kent,"WOOD RIVER, TEN ROD RD (RTE 165) / NORTHEAST / PAWCATUCK RIVER",00011,STORET Rhode,,HWIN-VAR-001,43.0,
STORET_Rhode_RI01_19781016_      1145,STORET_Rhode,RI01,00011,48.0,,1978-10-16T11:45:00,41.574167,-71.720833,US,Rhode,RI_Kent,"WOOD RIVER, TEN ROD RD (RTE 165) / NORTHEAST / PAWCATUCK RIVER",00011,STORET Rhode,,HWIN-VAR-001,48.0,
STORET_Rhode_RI01_19781024_      0815,STORET_Rhode,RI01,00011,47.0,,1978-10-24T08:15:00,41.574167,-71.720833,US,Rhode,RI_Kent,"WOOD RIVER, TEN ROD RD (RTE 165) / NORTHEAST / PAWCATUCK RIVER",00011,STORET Rhode,,HWIN-VAR-001,47.0,
STORET_Rhode_RI01_19781113_      0820,STORET_Rhode,RI01,00011,40.0,,1978-11-13T08:20:00,41.574167,-71.720833,US,Rhode,RI_Kent,"WOOD RIVER, TEN ROD RD (RTE 165) / NORTHEAST / PAWCATUCK RIVER",00011,STORET Rhode,,HWIN-VAR-001,40.0,
STORET_Rhode_RI01_19781211_      1210,STORET_Rhode,RI01,00011,35.0,,1978-12-11T12:10:00,41.574167,-71.720833,US,Rhode,RI_Kent,"WOOD RIVER, TEN ROD RD (RTE 165) / NORTHEAST / PAWCATUCK RIVER",00011,STORET Rhode,,HWIN-VAR-001,35.0,
STORET_Rhode_RI01_19790115_      1055,STORET_Rhode,RI01,00011,35.0,,1979-01-15T10:55:00,41.574167,-71.720833,US,Rhode,RI_Kent,"WOOD RIVER, TEN ROD RD (RTE 165) / NORTHEAST / PAWCATUCK RIVER",00011,STORET Rhode,,HWIN-VAR-001,35.0,
STORET_Rhode_RI01_19790205_      0930,STORET_Rhode,RI01,00011,33.0,,1979-02-05T09:30:00,41.574167,-71.720833,US,Rhode,RI_Kent,"WOOD RIVER, TEN ROD RD (RTE 165) / NORTHEAST / PAWCATUCK RIVER",00011,STORET Rhode,,HWIN-VAR-001,33.0,
STORET_Rhode_RI01_19790319_      1030,STORET_Rhode,RI01,00011,41.0,,1979-03-19T10:30:00,41.574167,-71.720833,US,Rhode,RI_Kent,"WOOD RIVER, TEN ROD RD (RTE 165) / NORTHEAST / PAWCATUCK RIVER",00011,STORET Rhode,,HWIN-VAR-001,41.0,
STORET_Rhode_RI01_19790405_      0834,STORET_Rhode,RI01,00011,44.0,,1979-04-05T08:34:00,41.574167,-71.720833,US,Rhode,RI_Kent,"WOOD RIVER, TEN ROD RD (RTE 165) / NORTHEAST / PAWCATUCK RIVER",00011,STORET Rhode,,HWIN-VAR-001,44.0,
STORET_Rhode_RI01_19790424_      0620,STORET_Rhode,RI01,00011,48.0,,1979-04-24T06:20:00,41.574167,-71.720833,US,Rhode,RI_Kent,"WOOD RIVER, TEN ROD RD (RTE 165) / NORTHEAST / PAWCATUCK RIVER",00011,STORET Rhode,,HWIN-VAR-001,48.0,
STORET_Rhode_RI01_19790522_      0620,STORET_Rhode,RI01,00011,55.0,,1979-05-22T06:20:00,41.574167,-71.720833,US,Rhode,RI_Kent,"WOOD RIVER, TEN ROD RD (RTE 165) / NORTHEAST / PAWCATUCK RIVER",00011,STORET Rhode,,HWIN-VAR-001,55.0,
STORET_Rhode_RI02_19780816_      0830,STORET_Rhode,RI02,00011,69.0,,1978-08-16T08:30:00,41.62675,-71.633333,US,Rhode,RI_Kent,NOOSENECK RIVER AT RTE 3 BRIDGE / NORTHEAST / NARRAGANSETT BAY,00011,STORET Rhode,,HWIN-VAR-001,69.0,
STORET_Rhode_RI02_19780823_      0915,STORET_Rhode,RI02,00011,64.0,,1978-08-23T09:15:00,41.62675,-71.633333,US,Rhode,RI_Kent,NOOSENECK RIVER AT RTE 3 BRIDGE / NORTHEAST / NARRAGANSETT BAY,00011,STORET Rhode,,HWIN-VAR-001,64.0,
STORET_Rhode_RI02_19780830_      0825,STORET_Rhode,RI02,00011,64.0,,1978-08-30T08:25:00,41.62675,-71.633333,US,Rhode,RI_Kent,NOOSENECK RIVER AT RTE 3 BRIDGE / NORTHEAST / NARRAGANSETT BAY,00011,STORET Rhode,,HWIN-VAR-001,64.0,
STORET_Rhode_RI02_19780905_      0845,STORET_Rhode,RI02,00011,61.0,,1978-09-05T08:45:00,41.62675,-71.633333,US,Rhode,RI_Kent,NOOSENECK RIVER AT RTE 3 BRIDGE / NORTHEAST / NARRAGANSETT BAY,00011,STORET Rhode,,HWIN-VAR-001,61.0,
STORET_Rhode_RI02_19780914_      0920,STORET_Rhode,RI02,00011,54.0,,1978-09-14T09:20:00,41.62675,-71.633333,US,Rhode,RI_Kent,NOOSENECK RIVER AT RTE 3 BRIDGE / NORTHEAST / NARRAGANSETT BAY,00011,STORET Rhode,,HWIN-VAR-001,54.0,
STORET_Rhode_RI02_19780920_      1010,STORET_Rhode,RI02,00011,55.0,,1978-09-20T10:10:00,41.62675,-71.633333,US,Rhode,RI_Kent,NOOSENECK RIVER AT RTE 3 BRIDGE / NORTHEAST / NARRAGANSETT BAY,00011,STORET Rhode,,HWIN-VAR-001,55.0,
STORET_Rhode_RI02_19780926_      0835,STORET_Rhode,RI02,00011,52.0,,1978-09-26T08:35:00,41.62675,-71.633333,US,Rhode,RI_Kent,NOOSENECK RIVER AT RTE 3 BRIDGE / NORTHEAST / NARRAGANSETT BAY,00011,STORET Rhode,,HWIN-VAR-001,52.0,
STORET_Rhode_RI02_19781003_      0545,STORET_Rhode,RI02,00011,54.0,,1978-10-03T05:45:00,41.62675,-71.633333,US,Rhode,RI_Kent,NOOSENECK RIVER AT RTE 3 BRIDGE / NORTHEAST / NARRAGANSETT BAY,00011,STORET Rhode,,HWIN-VAR-001,54.0,
STORET_Rhode_RI02_19781010_      0835,STORET_Rhode,RI02,00011,45.0,,1978-10-10T08:35:00,41.62675,-71.633333,US,Rhode,RI_Kent,NOOSENECK RIVER AT RTE 3 BRIDGE / NORTHEAST / NARRAGANSETT BAY,00011,STORET Rhode,,HWIN-VAR-001,45.0,
STORET_Rhode_RI02_19781016_      1110,STORET_Rhode,RI02,00011,48.0,,1978-10-16T11:10:00,41.62675,-71.633333,US,Rhode,RI_Kent,NOOSENECK RIVER AT RTE 3 BRIDGE / NORTHEAST / NARRAGANSETT BAY,00011,STORET Rhode,,HWIN-VAR-001,48.0,
STORET_Rhode_RI02_19781024_      0840,STORET_Rhode,RI02,00011,48.0,,1978-10-24T08:40:00,41.62675,-71.633333,US,Rhode,RI_Kent,NOOSENECK RIVER AT RTE 3 BRIDGE / NORTHEAST / NARRAGANSETT BAY,00011,STORET Rhode,,HWIN-VAR-001,48.0,
STORET_Rhode_RI02_19781113_      0840,STORET_Rhode,RI02,00011,40.0,,1978-11-13T08:40:00,41.62675,-71.633333,US,Rhode,RI_Kent,NOOSENECK RIVER AT RTE 3 BRIDGE / NORTHEAST / NARRAGANSETT BAY,00011,STORET Rhode,,HWIN-VAR-001,40.0,
STORET_Rhode_RI02_19781211_      1150,STORET_Rhode,RI02,00011,35.0,,1978-12-11T11:50:00,41.62675,-71.633333,US,Rhode,RI_Kent,NOOSENECK RIVER AT RTE 3 BRIDGE / NORTHEAST / NARRAGANSETT BAY,00011,STORET Rhode,,HWIN-VAR-001,35.0,
STORET_Rhode_RI02_19790115_      1115,STORET_Rhode,RI02,00011,35.0,,1979-01-15T11:15:00,41.62675,-71.633333,US,Rhode,RI_Kent,NOOSENECK RIVER AT RTE 3 BRIDGE / NORTHEAST / NARRAGANSETT BAY,00011,STORET Rhode,,HWIN-VAR-001,35.0,
STORET_Rhode_RI02_19790205_      0950,STORET_Rhode,RI02,00011,33.0,,1979-02-05T09:50:00,41.62675,-71.633333,US,Rhode,RI_Kent,NOOSENECK RIVER AT RTE 3 BRIDGE / NORTHEAST / NARRAGANSETT BAY,00011,STORET Rhode,,HWIN-VAR-001,33.0,
STORET_Rhode_RI02_19790319_      1050,STORET_Rhode,RI02,00011,40.0,,1979-03-19T10:50:00,41.62675,-71.633333,US,Rhode,RI_Kent,NOOSENECK RIVER AT RTE 3 BRIDGE / NORTHEAST / NARRAGANSETT BAY,00011,STORET Rhode,,HWIN-VAR-001,40.0,
STORET_Rhode_RI02_19790405_      0855,STORET_Rhode,RI02,00011,44.0,,1979-04-05T08:55:00,41.62675,-71.633333,US,Rhode,RI_Kent,NOOSENECK RIVER AT RTE 3 BRIDGE / NORTHEAST / NARRAGANSETT BAY,00011,STORET Rhode,,HWIN-VAR-001,44.0,
STORET_Rhode_RI02_19790424_      0635,STORET_Rhode,RI02,00011,48.0,,1979-04-24T06:35:00,41.62675,-71.633333,US,Rhode,RI_Kent,NOOSENECK RIVER AT RTE 3 BRIDGE / NORTHEAST / NARRAGANSETT BAY,00011,STORET Rhode,,HWIN-VAR-001,48.0,
STORET_Rhode_RI02_19790522_      0645,STORET_Rhode,RI02,00011,55.0,,1979-05-22T06:45:00,41.62675,-71.633333,US,Rhode,RI_Kent,NOOSENECK RIVER AT RTE 3 BRIDGE / NORTHEAST / NARRAGANSETT BAY,00011,STORET Rhode,,HWIN-VAR-001,55.0,
STORET_Rhode_RI03_19780809_      0830,STORET_Rhode,RI03,00011,68.0,,1978-08-09T08:30:00,41.665,-71.619583,US,Rhode,RI_Kent,BIG RIVER ABOVE CARR RIVER / NORTHEAST / NARRAGANSETT BAY,00011,STORET Rhode,,HWIN-VAR-001,68.0,
STORET_Rhode_RI03_19780816_      0855,STORET_Rhode,RI03,00011,69.0,,1978-08-16T08:55:00,41.665,-71.619583,US,Rhode,RI_Kent,BIG RIVER ABOVE CARR RIVER / NORTHEAST / NARRAGANSETT BAY,00011,STORET Rhode,,HWIN-VAR-001,69.0,
STORET_Rhode_RI03_19780823_      0935,STORET_Rhode,RI03,00011,64.0,,1978-08-23T09:35:00,41.665,-71.619583,US,Rhode,RI_Kent,BIG RIVER ABOVE CARR RIVER / NORTHEAST / NARRAGANSETT BAY,00011,STORET Rhode,,HWIN-VAR-001,64.0,
STORET_Rhode_RI03_19780830_      0845,STORET_Rhode,RI03,00011,65.0,,1978-08-30T08:45:00,41.665,-71.619583,US,Rhode,RI_Kent,BIG RIVER ABOVE CARR RIVER / NORTHEAST / NARRAGANSETT BAY,00011,STORET Rhode,,HWIN-VAR-001,65.0,
STORET_Rhode_RI03_19780905_      0905,STORET_Rhode,RI03,00011,60.0,,1978-09-05T09:05:00,41.665,-71.619583,US,Rhode,RI_Kent,BIG RIVER ABOVE CARR RIVER / NORTHEAST / NARRAGANSETT BAY,00011,STORET Rhode,,HWIN-VAR-001,60.0,
STORET_Rhode_RI03_19780914_      0940,STORET_Rhode,RI03,00011,54.0,,1978-09-14T09:40:00,41.665,-71.619583,US,Rhode,RI_Kent,BIG RIVER ABOVE CARR RIVER / NORTHEAST / NARRAGANSETT BAY,00011,STORET Rhode,,HWIN-VAR-001,54.0,
STORET_Rhode_RI03_19780920_      0820,STORET_Rhode,RI03,00011,63.0,,1978-09-20T08:20:00,41.665,-71.619583,US,Rhode,RI_Kent,BIG RIVER ABOVE CARR RIVER / NORTHEAST / NARRAGANSETT BAY,00011,STORET Rhode,,HWIN-VAR-001,63.0,
STORET_Rhode_RI03_19780926_      0855,STORET_Rhode,RI03,00011,52.0,,1978-09-26T08:55:00,41.665,-71.619583,US,Rhode,RI_Kent,BIG RIVER ABOVE CARR RIVER / NORTHEAST / NARRAGANSETT BAY,00011,STORET Rhode,,HWIN-VAR-001,52.0,
STORET_Rhode_RI03_19781003_      0655,STORET_Rhode,RI03,00011,54.0,,1978-10-03T06:55:00,41.665,-71.619583,US,Rhode,RI_Kent,BIG RIVER ABOVE CARR RIVER / NORTHEAST / NARRAGANSETT BAY,00011,STORET Rhode,,HWIN-VAR-001,54.0,
STORET_Rhode_RI03_19781010_      0855,STORET_Rhode,RI03,00011,44.0,,1978-10-10T08:55:00,41.665,-71.619583,US,Rhode,RI_Kent,BIG RIVER ABOVE CARR RIVER / NORTHEAST / NARRAGANSETT BAY,00011,STORET Rhode,,HWIN-VAR-001,44.0,
STORET_Rhode_RI03_19781016_      1035,STORET_Rhode,RI03,00011,46.0,,1978-10-16T10:35:00,41.665,-71.619583,US,Rhode,RI_Kent,BIG RIVER ABOVE CARR RIVER / NORTHEAST / NARRAGANSETT BAY,00011,STORET Rhode,,HWIN-VAR-001,46.0,
STORET_Rhode_RI03_19781024_      0900,STORET_Rhode,RI03,00011,49.0,,1978-10-24T09:00:00,41.665,-71.619583,US,Rhode,RI_Kent,BIG RIVER ABOVE CARR RIVER / NORTHEAST / NARRAGANSETT BAY,00011,STORET Rhode,,HWIN-VAR-001,49.0,
STORET_Rhode_RI03_19781113_      0900,STORET_Rhode,RI03,00011,40.0,,1978-11-13T09:00:00,41.665,-71.619583,US,Rhode,RI_Kent,BIG RIVER ABOVE CARR RIVER / NORTHEAST / NARRAGANSETT BAY,00011,STORET Rhode,,HWIN-VAR-001,40.0,
STORET_Rhode_RI03_19781211_      1130,STORET_Rhode,RI03,00011,38.0,,1978-12-11T11:30:00,41.665,-71.619583,US,Rhode,RI_Kent,BIG RIVER ABOVE CARR RIVER / NORTHEAST / NARRAGANSETT BAY,00011,STORET Rhode,,HWIN-VAR-001,38.0,
STORET_Rhode_RI03_19790115_      1135,STORET_Rhode,RI03,00011,35.0,,1979-01-15T11:35:00,41.665,-71.619583,US,Rhode,RI_Kent,BIG RIVER ABOVE CARR RIVER / NORTHEAST / NARRAGANSETT BAY,00011,STORET Rhode,,HWIN-VAR-001,35.0,
STORET_Rhode_RI03_19790205_      1010,STORET_Rhode,RI03,00011,33.0,,1979-02-05T10:10:00,41.665,-71.619583,US,Rhode,RI_Kent,BIG RIVER ABOVE CARR RIVER / NORTHEAST / NARRAGANSETT BAY,00011,STORET Rhode,,HWIN-VAR-001,33.0,
STORET_Rhode_RI03_19790319_      1110,STORET_Rhode,RI03,00011,40.0,,1979-03-19T11:10:00,41.665,-71.619583,US,Rhode,RI_Kent,BIG RIVER ABOVE CARR RIVER / NORTHEAST / NARRAGANSETT BAY,00011,STORET Rhode,,HWIN-VAR-001,40.0,
STORET_Rhode_RI03_19790405_      0910,STORET_Rhode,RI03,00011,44.0,,1979-04-05T09:10:00,41.665,-71.619583,US,Rhode,RI_Kent,BIG RIVER ABOVE CARR RIVER / NORTHEAST / NARRAGANSETT BAY,00011,STORET Rhode,,HWIN-VAR-001,44.0,
STORET_Rhode_RI03_19790424_      0658,STORET_Rhode,RI03,00011,48.0,,1979-04-24T06:58:00,41.665,-71.619583,US,Rhode,RI_Kent,BIG RIVER ABOVE CARR RIVER / NORTHEAST / NARRAGANSETT BAY,00011,STORET Rhode,,HWIN-VAR-001,48.0,
STORET_Rhode_RI03_19790522_      0700,STORET_Rhode,RI03,00011,55.0,,1979-05-22T07:00:00,41.665,-71.619583,US,Rhode,RI_Kent,BIG RIVER ABOVE CARR RIVER / NORTHEAST / NARRAGANSETT BAY,00011,STORET Rhode,,HWIN-VAR-001,55.0,
STORET_Rhode_RI04_19780809_      0850,STORET_Rhode,RI04,00011,75.0,,1978-08-09T08:50:00,41.643194,-71.608056,US,Rhode,RI_Kent,CARR RIVER AT BURNT SAWMILL RD / NORTHEAST / NARRAGANSETT BAY,00011,STORET Rhode,,HWIN-VAR-001,75.0,
STORET_Rhode_RI04_19780816_      0910,STORET_Rhode,RI04,00011,75.0,,1978-08-16T09:10:00,41.643194,-71.608056,US,Rhode,RI_Kent,CARR RIVER AT BURNT SAWMILL RD / NORTHEAST / NARRAGANSETT BAY,00011,STORET Rhode,,HWIN-VAR-001,75.0,
STORET_Rhode_RI04_19780823_      0955,STORET_Rhode,RI04,00011,72.0,,1978-08-23T09:55:00,41.643194,-71.608056,US,Rhode,RI_Kent,CARR RIVER AT BURNT SAWMILL RD / NORTHEAST / NARRAGANSETT BAY,00011,STORET Rhode,,HWIN-VAR-001,72.0,
STORET_Rhode_RI04_19780830_      0900,STORET_Rhode,RI04,00011,69.0,,1978-08-30T09:00:00,41.643194,-71.608056,US,Rhode,RI_Kent,CARR RIVER AT BURNT SAWMILL RD / NORTHEAST / NARRAGANSETT BAY,00011,STORET Rhode,,HWIN-VAR-001,69.0,
STORET_Rhode_RI04_19780905_      0920,STORET_Rhode,RI04,00011,67.0,,1978-09-05T09:20:00,41.643194,-71.608056,US,Rhode,RI_Kent,CARR RIVER AT BURNT SAWMILL RD / NORTHEAST / NARRAGANSETT BAY,00011,STORET Rhode,,HWIN-VAR-001,67.0,
STORET_Rhode_RI04_19780914_      0955,STORET_Rhode,RI04,00011,63.0,,1978-09-14T09:55:00,41.643194,-71.608056,US,Rhode,RI_Kent,CARR RIVER AT BURNT SAWMILL RD / NORTHEAST / NARRAGANSETT BAY,00011,STORET Rhode,,HWIN-VAR-001,63.0,
STORET_Rhode_RI04_19780920_      0900,STORET_Rhode,RI04,00011,54.0,,1978-09-20T09:00:00,41.643194,-71.608056,US,Rhode,RI_Kent,CARR RIVER AT BURNT SAWMILL RD / NORTHEAST / NARRAGANSETT BAY,00011,STORET Rhode,,HWIN-VAR-001,54.0,
STORET_Rhode_RI04_19780926_      0910,STORET_Rhode,RI04,00011,57.0,,1978-09-26T09:10:00,41.643194,-71.608056,US,Rhode,RI_Kent,CARR RIVER AT BURNT SAWMILL RD / NORTHEAST / NARRAGANSETT BAY,00011,STORET Rhode,,HWIN-VAR-001,57.0,
STORET_Rhode_RI04_19781003_      0625,STORET_Rhode,RI04,00011,59.0,,1978-10-03T06:25:00,41.643194,-71.608056,US,Rhode,RI_Kent,CARR RIVER AT BURNT SAWMILL RD / NORTHEAST / NARRAGANSETT BAY,00011,STORET Rhode,,HWIN-VAR-001,59.0,
STORET_Rhode_RI04_19781010_      0910,STORET_Rhode,RI04,00011,50.0,,1978-10-10T09:10:00,41.643194,-71.608056,US,Rhode,RI_Kent,CARR RIVER AT BURNT SAWMILL RD / NORTHEAST / NARRAGANSETT BAY,00011,STORET Rhode,,HWIN-VAR-001,50.0,
STORET_Rhode_RI04_19781016_      1005,STORET_Rhode,RI04,00011,52.0,,1978-10-16T10:05:00,41.643194,-71.608056,US,Rhode,RI_Kent,CARR RIVER AT BURNT SAWMILL RD / NORTHEAST / NARRAGANSETT BAY,00011,STORET Rhode,,HWIN-VAR-001,52.0,
STORET_Rhode_RI04_19781024_      0915,STORET_Rhode,RI04,00011,52.0,,1978-10-24T09:15:00,41.643194,-71.608056,US,Rhode,RI_Kent,CARR RIVER AT BURNT SAWMILL RD / NORTHEAST / NARRAGANSETT BAY,00011,STORET Rhode,,HWIN-VAR-001,52.0,
STORET_Rhode_RI04_19781113_      0915,STORET_Rhode,RI04,00011,44.0,,1978-11-13T09:15:00,41.643194,-71.608056,US,Rhode,RI_Kent,CARR RIVER AT BURNT SAWMILL RD / NORTHEAST / NARRAGANSETT BAY,00011,STORET Rhode,,HWIN-VAR-001,44.0,
STORET_Rhode_RI04_19781211_      1015,STORET_Rhode,RI04,00011,38.0,,1978-12-11T10:15:00,41.643194,-71.608056,US,Rhode,RI_Kent,CARR RIVER AT BURNT SAWMILL RD / NORTHEAST / NARRAGANSETT BAY,00011,STORET Rhode,,HWIN-VAR-001,38.0,
STORET_Rhode_RI04_19790115_      1150,STORET_Rhode,RI04,00011,35.0,,1979-01-15T11:50:00,41.643194,-71.608056,US,Rhode,RI_Kent,CARR RIVER AT BURNT SAWMILL RD / NORTHEAST / NARRAGANSETT BAY,00011,STORET Rhode,,HWIN-VAR-001,35.0,
STORET_Rhode_RI04_19790205_      1025,STORET_Rhode,RI04,00011,33.0,,1979-02-05T10:25:00,41.643194,-71.608056,US,Rhode,RI_Kent,CARR RIVER AT BURNT SAWMILL RD / NORTHEAST / NARRAGANSETT BAY,00011,STORET Rhode,,HWIN-VAR-001,33.0,
STORET_Rhode_RI04_19790319_      1130,STORET_Rhode,RI04,00011,39.0,,1979-03-19T11:30:00,41.643194,-71.608056,US,Rhode,RI_Kent,CARR RIVER AT BURNT SAWMILL RD / NORTHEAST / NARRAGANSETT BAY,00011,STORET Rhode,,HWIN-VAR-001,39.0,
STORET_Rhode_RI04_19790405_      0925,STORET_Rhode,RI04,00011,44.0,,1979-04-05T09:25:00,41.643194,-71.608056,US,Rhode,RI_Kent,CARR RIVER AT BURNT SAWMILL RD / NORTHEAST / NARRAGANSETT BAY,00011,STORET Rhode,,HWIN-VAR-001,44.0,
STORET_Rhode_RI04_19790424_      0710,STORET_Rhode,RI04,00011,55.0,,1979-04-24T07:10:00,41.643194,-71.608056,US,Rhode,RI_Kent,CARR RIVER AT BURNT SAWMILL RD / NORTHEAST / NARRAGANSETT BAY,00011,STORET Rhode,,HWIN-VAR-001,55.0,
STORET_Rhode_RI04_19790522_      0715,STORET_Rhode,RI04,00011,61.0,,1979-05-22T07:15:00,41.643194,-71.608056,US,Rhode,RI_Kent,CARR RIVER AT BURNT SAWMILL RD / NORTHEAST / NARRAGANSETT BAY,00011,STORET Rhode,,HWIN-VAR-001,61.0,
STORET_Rhode_RI05_19780809_      0905,STORET_Rhode,RI05,00011,75.0,,1978-08-09T09:05:00,41.665,-71.619583,US,Rhode,RI_Kent,BIG RIVER AT HARKNEY HILL ROAD / NORTHEAST / NARRAGANSETT BAY,00011,STORET Rhode,,HWIN-VAR-001,75.0,
STORET_Rhode_RI05_19780816_      0925,STORET_Rhode,RI05,00011,76.0,,1978-08-16T09:25:00,41.665,-71.619583,US,Rhode,RI_Kent,BIG RIVER AT HARKNEY HILL ROAD / NORTHEAST / NARRAGANSETT BAY,00011,STORET Rhode,,HWIN-VAR-001,76.0,
STORET_Rhode_RI05_19780823_      1015,STORET_Rhode,RI05,00011,73.0,,1978-08-23T10:15:00,41.665,-71.619583,US,Rhode,RI_Kent,BIG RIVER AT HARKNEY HILL ROAD / NORTHEAST / NARRAGANSETT BAY,00011,STORET Rhode,,HWIN-VAR-001,73.0,
STORET_Rhode_RI05_19780830_      0915,STORET_Rhode,RI05,00011,72.0,,1978-08-30T09:15:00,41.665,-71.619583,US,Rhode,RI_Kent,BIG RIVER AT HARKNEY HILL ROAD / NORTHEAST / NARRAGANSETT BAY,00011,STORET Rhode,,HWIN-VAR-001,72.0,
STORET_Rhode_RI05_19780905_      0955,STORET_Rhode,RI05,00011,68.0,,1978-09-05T09:55:00,41.665,-71.619583,US,Rhode,RI_Kent,BIG RIVER AT HARKNEY HILL ROAD / NORTHEAST / NARRAGANSETT BAY,00011,STORET Rhode,,HWIN-VAR-001,68.0,
STORET_Rhode_RI05_19780914_      1010,STORET_Rhode,RI05,00011,61.0,,1978-09-14T10:10:00,41.665,-71.619583,US,Rhode,RI_Kent,BIG RIVER AT HARKNEY HILL ROAD / NORTHEAST / NARRAGANSETT BAY,00011,STORET Rhode,,HWIN-VAR-001,61.0,
STORET_Rhode_RI05_19780920_      1050,STORET_Rhode,RI05,00011,61.0,,1978-09-20T10:50:00,41.665,-71.619583,US,Rhode,RI_Kent,BIG RIVER AT HARKNEY HILL ROAD / NORTHEAST / NARRAGANSETT BAY,00011,STORET Rhode,,HWIN-VAR-001,61.0,
STORET_Rhode_RI05_19780926_      0925,STORET_Rhode,RI05,00011,57.0,,1978-09-26T09:25:00,41.665,-71.619583,US,Rhode,RI_Kent,BIG RIVER AT HARKNEY HILL ROAD / NORTHEAST / NARRAGANSETT BAY,00011,STORET Rhode,,HWIN-VAR-001,57.0,
STORET_Rhode_RI05_19781003_      0730,STORET_Rhode,RI05,00011,57.0,,1978-10-03T07:30:00,41.665,-71.619583,US,Rhode,RI_Kent,BIG RIVER AT HARKNEY HILL ROAD / NORTHEAST / NARRAGANSETT BAY,00011,STORET Rhode,,HWIN-VAR-001,57.0,
STORET_Rhode_RI05_19781010_      0925,STORET_Rhode,RI05,00011,49.0,,1978-10-10T09:25:00,41.665,-71.619583,US,Rhode,RI_Kent,BIG RIVER AT HARKNEY HILL ROAD / NORTHEAST / NARRAGANSETT BAY,00011,STORET Rhode,,HWIN-VAR-001,49.0,
STORET_Rhode_RI05_19781016_      0935,STORET_Rhode,RI05,00011,50.0,,1978-10-16T09:35:00,41.665,-71.619583,US,Rhode,RI_Kent,BIG RIVER AT HARKNEY HILL ROAD / NORTHEAST / NARRAGANSETT BAY,00011,STORET Rhode,,HWIN-VAR-001,50.0,
STORET_Rhode_RI05_19781024_      0935,STORET_Rhode,RI05,00011,48.0,,1978-10-24T09:35:00,41.665,-71.619583,US,Rhode,RI_Kent,BIG RIVER AT HARKNEY HILL ROAD / NORTHEAST / NARRAGANSETT BAY,00011,STORET Rhode,,HWIN-VAR-001,48.0,
STORET_Rhode_RI05_19781113_      0935,STORET_Rhode,RI05,00011,42.0,,1978-11-13T09:35:00,41.665,-71.619583,US,Rhode,RI_Kent,BIG RIVER AT HARKNEY HILL ROAD / NORTHEAST / NARRAGANSETT BAY,00011,STORET Rhode,,HWIN-VAR-001,42.0,
STORET_Rhode_RI05_19781211_      1300,STORET_Rhode,RI05,00011,35.0,,1978-12-11T13:00:00,41.665,-71.619583,US,Rhode,RI_Kent,BIG RIVER AT HARKNEY HILL ROAD / NORTHEAST / NARRAGANSETT BAY,00011,STORET Rhode,,HWIN-VAR-001,35.0,
STORET_Rhode_RI05_19790115_      1210,STORET_Rhode,RI05,00011,35.0,,1979-01-15T12:10:00,41.665,-71.619583,US,Rhode,RI_Kent,BIG RIVER AT HARKNEY HILL ROAD / NORTHEAST / NARRAGANSETT BAY,00011,STORET Rhode,,HWIN-VAR-001,35.0,
STORET_Rhode_RI05_19790205_      1100,STORET_Rhode,RI05,00011,33.0,,1979-02-05T11:00:00,41.665,-71.619583,US,Rhode,RI_Kent,BIG RIVER AT HARKNEY HILL ROAD / NORTHEAST / NARRAGANSETT BAY,00011,STORET Rhode,,HWIN-VAR-001,33.0,
STORET_Rhode_RI05_19790319_      1210,STORET_Rhode,RI05,00011,44.0,,1979-03-19T12:10:00,41.665,-71.619583,US,Rhode,RI_Kent,BIG RIVER AT HARKNEY HILL ROAD / NORTHEAST / NARRAGANSETT BAY,00011,STORET Rhode,,HWIN-VAR-001,44.0,
STORET_Rhode_RI05_19790405_      0940,STORET_Rhode,RI05,00011,44.0,,1979-04-05T09:40:00,41.665,-71.619583,US,Rhode,RI_Kent,BIG RIVER AT HARKNEY HILL ROAD / NORTHEAST / NARRAGANSETT BAY,00011,STORET Rhode,,HWIN-VAR-001,44.0,
STORET_Rhode_RI05_19790424_      0815,STORET_Rhode,RI05,00011,54.0,,1979-04-24T08:15:00,41.665,-71.619583,US,Rhode,RI_Kent,BIG RIVER AT HARKNEY HILL ROAD / NORTHEAST / NARRAGANSETT BAY,00011,STORET Rhode,,HWIN-VAR-001,54.0,
STORET_Rhode_RI05_19790522_      0820,STORET_Rhode,RI05,00011,59.0,,1979-05-22T08:20:00,41.665,-71.619583,US,Rhode,RI_Kent,BIG RIVER AT HARKNEY HILL ROAD / NORTHEAST / NARRAGANSETT BAY,00011,STORET Rhode,,HWIN-VAR-001,59.0,
STORET_Rhode_RI06_19780809_      0925,STORET_Rhode,RI06,00011,68.0,,1978-08-09T09:25:00,41.689167,-71.741944,US,Rhode,RI_Kent,BUCKS HORN BRK AT OLD RR BRIDGE / NORTHEAST / PAWCATUCK RIVER,00011,STORET Rhode,,HWIN-VAR-001,68.0,
STORET_Rhode_RI06_19780816_      0950,STORET_Rhode,RI06,00011,68.0,,1978-08-16T09:50:00,41.689167,-71.741944,US,Rhode,RI_Kent,BUCKS HORN BRK AT OLD RR BRIDGE / NORTHEAST / PAWCATUCK RIVER,00011,STORET Rhode,,HWIN-VAR-001,68.0,
STORET_Rhode_RI06_19780823_      1100,STORET_Rhode,RI06,00011,61.0,,1978-08-23T11:00:00,41.689167,-71.741944,US,Rhode,RI_Kent,BUCKS HORN BRK AT OLD RR BRIDGE / NORTHEAST / PAWCATUCK RIVER,00011,STORET Rhode,,HWIN-VAR-001,61.0,
STORET_Rhode_RI06_19780830_      0940,STORET_Rhode,RI06,00011,64.0,,1978-08-30T09:40:00,41.689167,-71.741944,US,Rhode,RI_Kent,BUCKS HORN BRK AT OLD RR BRIDGE / NORTHEAST / PAWCATUCK RIVER,00011,STORET Rhode,,HWIN-VAR-001,64.0,
STORET_Rhode_RI06_19780905_      1020,STORET_Rhode,RI06,00011,59.0,,1978-09-05T10:20:00,41.689167,-71.741944,US,Rhode,RI_Kent,BUCKS HORN BRK AT OLD RR BRIDGE / NORTHEAST / PAWCATUCK RIVER,00011,STORET Rhode,,HWIN-VAR-001,59.0,
STORET_Rhode_RI06_19780914_      1040,STORET_Rhode,RI06,00011,55.0,,1978-09-14T10:40:00,41.689167,-71.741944,US,Rhode,RI_Kent,BUCKS HORN BRK AT OLD RR BRIDGE / NORTHEAST / PAWCATUCK RIVER,00011,STORET Rhode,,HWIN-VAR-001,55.0,
STORET_Rhode_RI06_19780920_      1135,STORET_Rhode,RI06,00011,54.0,,1978-09-20T11:35:00,41.689167,-71.741944,US,Rhode,RI_Kent,BUCKS HORN BRK AT OLD RR BRIDGE / NORTHEAST / PAWCATUCK RIVER,00011,STORET Rhode,,HWIN-VAR-001,54.0,
STORET_Rhode_RI06_19780926_      1000,STORET_Rhode,RI06,00011,51.0,,1978-09-26T10:00:00,41.689167,-71.741944,US,Rhode,RI_Kent,BUCKS HORN BRK AT OLD RR BRIDGE / NORTHEAST / PAWCATUCK RIVER,00011,STORET Rhode,,HWIN-VAR-001,51.0,
STORET_Rhode_RI06_19781003_      0820,STORET_Rhode,RI06,00011,54.0,,1978-10-03T08:20:00,41.689167,-71.741944,US,Rhode,RI_Kent,BUCKS HORN BRK AT OLD RR BRIDGE / NORTHEAST / PAWCATUCK RIVER,00011,STORET Rhode,,HWIN-VAR-001,54.0,
STORET_Rhode_RI06_19781010_      1000,STORET_Rhode,RI06,00011,44.0,,1978-10-10T10:00:00,41.689167,-71.741944,US,Rhode,RI_Kent,BUCKS HORN BRK AT OLD RR BRIDGE / NORTHEAST / PAWCATUCK RIVER,00011,STORET Rhode,,HWIN-VAR-001,44.0,
STORET_Rhode_RI06_19781016_      0900,STORET_Rhode,RI06,00011,44.0,,1978-10-16T09:00:00,41.689167,-71.741944,US,Rhode,RI_Kent,BUCKS HORN BRK AT OLD RR BRIDGE / NORTHEAST / PAWCATUCK RIVER,00011,STORET Rhode,,HWIN-VAR-001,44.0,
STORET_Rhode_RI06_19781024_      1005,STORET_Rhode,RI06,00011,48.0,,1978-10-24T10:05:00,41.689167,-71.741944,US,Rhode,RI_Kent,BUCKS HORN BRK AT OLD RR BRIDGE / NORTHEAST / PAWCATUCK RIVER,00011,STORET Rhode,,HWIN-VAR-001,48.0,
STORET_Rhode_RI06_19781113_      0955,STORET_Rhode,RI06,00011,40.0,,1978-11-13T09:55:00,41.689167,-71.741944,US,Rhode,RI_Kent,BUCKS HORN BRK AT OLD RR BRIDGE / NORTHEAST / PAWCATUCK RIVER,00011,STORET Rhode,,HWIN-VAR-001,40.0,
STORET_Rhode_RI06_19781211_      1325,STORET_Rhode,RI06,00011,34.0,,1978-12-11T13:25:00,41.689167,-71.741944,US,Rhode,RI_Kent,BUCKS HORN BRK AT OLD RR BRIDGE / NORTHEAST / PAWCATUCK RIVER,00011,STORET Rhode,,HWIN-VAR-001,34.0,
STORET_Rhode_RI06_19790115_      1235,STORET_Rhode,RI06,00011,34.0,,1979-01-15T12:35:00,41.689167,-71.741944,US,Rhode,RI_Kent,BUCKS HORN BRK AT OLD RR BRIDGE / NORTHEAST / PAWCATUCK RIVER,00011,STORET Rhode,,HWIN-VAR-001,34.0,
STORET_Rhode_RI06_19790205_      1130,STORET_Rhode,RI06,00011,33.0,,1979-02-05T11:30:00,41.689167,-71.741944,US,Rhode,RI_Kent,BUCKS HORN BRK AT OLD RR BRIDGE / NORTHEAST / PAWCATUCK RIVER,00011,STORET Rhode,,HWIN-VAR-001,33.0,
STORET_Rhode_RI06_19790319_      1240,STORET_Rhode,RI06,00011,40.0,,1979-03-19T12:40:00,41.689167,-71.741944,US,Rhode,RI_Kent,BUCKS HORN BRK AT OLD RR BRIDGE / NORTHEAST / PAWCATUCK RIVER,00011,STORET Rhode,,HWIN-VAR-001,40.0,
STORET_Rhode_RI08_19780823_      1105,STORET_Rhode,RI08,00011,72.4,,1978-08-23T11:05:00,41.669444,-71.614861,US,Rhode,RI_Kent,FLAT RIVER RESERVOIR / NORTHEAST / NARRAGANSETT BAY,00011,STORET Rhode,,HWIN-VAR-001,72.4,
STORET_Rhode_RI08_19780823_      1105,STORET_Rhode,RI08,00011,76.7,,1978-08-23T11:05:00,41.669444,-71.614861,US,Rhode,RI_Kent,FLAT RIVER RESERVOIR / NORTHEAST / NARRAGANSETT BAY,00011,STORET Rhode,,HWIN-VAR-001,76.7,
STORET_Rhode_RI08_19780823_      1105,STORET_Rhode,RI08,00011,74.3,,1978-08-23T11:05:00,41.669444,-71.614861,US,Rhode,RI_Kent,FLAT RIVER RESERVOIR / NORTHEAST / NARRAGANSETT BAY,00011,STORET Rhode,,HWIN-VAR-001,74.3,
STORET_Rhode_RI08_19780823_      1105,STORET_Rhode,RI08,00011,75.0,,1978-08-23T11:05:00,41.669444,-71.614861,US,Rhode,RI_Kent,FLAT RIVER RESERVOIR / NORTHEAST / NARRAGANSETT BAY,00011,STORET Rhode,,HWIN-VAR-001,75.0,
STORET_Rhode_RI08_19780905_      0920,STORET_Rhode,RI08,00011,68.5,,1978-09-05T09:20:00,41.669444,-71.614861,US,Rhode,RI_Kent,FLAT RIVER RESERVOIR / NORTHEAST / NARRAGANSETT BAY,00011,STORET Rhode,,HWIN-VAR-001,68.5,
STORET_Rhode_RI08_19780905_      0920,STORET_Rhode,RI08,00011,70.0,,1978-09-05T09:20:00,41.669444,-71.614861,US,Rhode,RI_Kent,FLAT RIVER RESERVOIR / NORTHEAST / NARRAGANSETT BAY,00011,STORET Rhode,,HWIN-VAR-001,70.0,
STORET_Rhode_RI08_19780905_      0920,STORET_Rhode,RI08,00011,70.0,,1978-09-05T09:20:00,41.669444,-71.614861,US,Rhode,RI_Kent,FLAT RIVER RESERVOIR / NORTHEAST / NARRAGANSETT BAY,00011,STORET Rhode,,HWIN-VAR-001,70.0,
STORET_Rhode_RI08_19780905_      0920,STORET_Rhode,RI08,00011,70.0,,1978-09-05T09:20:00,41.669444,-71.614861,US,Rhode,RI_Kent,FLAT RIVER RESERVOIR / NORTHEAST / NARRAGANSETT BAY,00011,STORET Rhode,,HWIN-VAR-001,70.0,
STORET_Rhode_RI08_19781010_      0850,STORET_Rhode,RI08,00011,47.0,,1978-10-10T08:50:00,41.669444,-71.614861,US,Rhode,RI_Kent,FLAT RIVER RESERVOIR / NORTHEAST / NARRAGANSETT BAY,00011,STORET Rhode,,HWIN-VAR-001,47.0,
STORET_Rhode_RI08_19781010_      0850,STORET_Rhode,RI08,00011,47.0,,1978-10-10T08:50:00,41.669444,-71.614861,US,Rhode,RI_Kent,FLAT RIVER RESERVOIR / NORTHEAST / NARRAGANSETT BAY,00011,STORET Rhode,,HWIN-VAR-001,47.0,
STORET_Rhode_RI08_19781010_      0850,STORET_Rhode,RI08,00011,47.0,,1978-10-10T08:50:00,41.669444,-71.614861,US,Rhode,RI_Kent,FLAT RIVER RESERVOIR / NORTHEAST / NARRAGANSETT BAY,00011,STORET Rhode,,HWIN-VAR-001,47.0,
STORET_Rhode_RI08_19790522_      0855,STORET_Rhode,RI08,00011,55.9,,1979-05-22T08:55:00,41.669444,-71.614861,US,Rhode,RI_Kent,FLAT RIVER RESERVOIR / NORTHEAST / NARRAGANSETT BAY,00011,STORET Rhode,,HWIN-VAR-001,55.9,
STORET_Rhode_RI08_19790522_      0855,STORET_Rhode,RI08,00011,57.4,,1979-05-22T08:55:00,41.669444,-71.614861,US,Rhode,RI_Kent,FLAT RIVER RESERVOIR / NORTHEAST / NARRAGANSETT BAY,00011,STORET Rhode,,HWIN-VAR-001,57.4,
STORET_Rhode_RI08_19790522_      0855,STORET_Rhode,RI08,00011,57.9,,1979-05-22T08:55:00,41.669444,-71.614861,US,Rhode,RI_Kent,FLAT RIVER RESERVOIR / NORTHEAST / NARRAGANSETT BAY,00011,STORET Rhode,,HWIN-VAR-001,57.9,
STORET_Rhode_RI08_19790522_      0855,STORET_Rhode,RI08,00011,57.6,,1979-05-22T08:55:00,41.669444,-71.614861,US,Rhode,RI_Kent,FLAT RIVER RESERVOIR / NORTHEAST / NARRAGANSETT BAY,00011,STORET Rhode,,HWIN-VAR-001,57.6,
STORET_Rhode_RI08_19790801_      0915,STORET_Rhode,RI08,00011,69.0,,1979-08-01T09:15:00,41.669444,-71.614861,US,Rhode,RI_Kent,FLAT RIVER RESERVOIR / NORTHEAST / NARRAGANSETT BAY,00011,STORET Rhode,,HWIN-VAR-001,69.0,
STORET_Rhode_RI08_19790801_      0915,STORET_Rhode,RI08,00011,79.8,,1979-08-01T09:15:00,41.669444,-71.614861,US,Rhode,RI_Kent,FLAT RIVER RESERVOIR / NORTHEAST / NARRAGANSETT BAY,00011,STORET Rhode,,HWIN-VAR-001,79.8,
STORET_Rhode_RI08_19790801_      0915,STORET_Rhode,RI08,00011,81.2,,1979-08-01T09:15:00,41.669444,-71.614861,US,Rhode,RI_Kent,FLAT RIVER RESERVOIR / NORTHEAST / NARRAGANSETT BAY,00011,STORET Rhode,,HWIN-VAR-001,81.2,
STORET_Rhode_RI08_19790801_      0915,STORET_Rhode,RI08,00011,81.5,,1979-08-01T09:15:00,41.669444,-71.614861,US,Rhode,RI_Kent,FLAT RIVER RESERVOIR / NORTHEAST / NARRAGANSETT BAY,00011,STORET Rhode,,HWIN-VAR-001,81.5,
STORET_Rhode_RI08_19790801_      0915,STORET_Rhode,RI08,00011,74.5,,1979-08-01T09:15:00,41.669444,-71.614861,US,Rhode,RI_Kent,FLAT RIVER RESERVOIR / NORTHEAST / NARRAGANSETT BAY,00011,STORET Rhode,,HWIN-VAR-001,74.5,
STORET_Rhode_RI08A_19780823_      1030,STORET_Rhode,RI08A,00011,68.2,,1978-08-23T10:30:00,41.670833,-71.609722,US,Rhode,RI_Kent,FLAT RIVER RESERVOIR / NORTHEAST / NARRAGANSETT BAY,00011,STORET Rhode,,HWIN-VAR-001,68.2,
STORET_Rhode_RI08A_19780823_      1030,STORET_Rhode,RI08A,00011,72.2,,1978-08-23T10:30:00,41.670833,-71.609722,US,Rhode,RI_Kent,FLAT RIVER RESERVOIR / NORTHEAST / NARRAGANSETT BAY,00011,STORET Rhode,,HWIN-VAR-001,72.2,
STORET_Rhode_RI08A_19780823_      1030,STORET_Rhode,RI08A,00011,76.6,,1978-08-23T10:30:00,41.670833,-71.609722,US,Rhode,RI_Kent,FLAT RIVER RESERVOIR / NORTHEAST / NARRAGANSETT BAY,00011,STORET Rhode,,HWIN-VAR-001,76.6,
STORET_Rhode_RI08A_19780823_      1030,STORET_Rhode,RI08A,00011,76.8,,1978-08-23T10:30:00,41.670833,-71.609722,US,Rhode,RI_Kent,FLAT RIVER RESERVOIR / NORTHEAST / NARRAGANSETT BAY,00011,STORET Rhode,,HWIN-VAR-001,76.8,
STORET_Rhode_RI08A_19780823_      1030,STORET_Rhode,RI08A,00011,75.9,,1978-08-23T10:30:00,41.670833,-71.609722,US,Rhode,RI_Kent,FLAT RIVER RESERVOIR / NORTHEAST / NARRAGANSETT BAY,00011,STORET Rhode,,HWIN-VAR-001,75.9,
STORET_Rhode_RI08A_19780905_      0900,STORET_Rhode,RI08A,00011,68.0,,1978-09-05T09:00:00,41.670833,-71.609722,US,Rhode,RI_Kent,FLAT RIVER RESERVOIR / NORTHEAST / NARRAGANSETT BAY,00011,STORET Rhode,,HWIN-VAR-001,68.0,
STORET_Rhode_RI08A_19780905_      0900,STORET_Rhode,RI08A,00011,69.0,,1978-09-05T09:00:00,41.670833,-71.609722,US,Rhode,RI_Kent,FLAT RIVER RESERVOIR / NORTHEAST / NARRAGANSETT BAY,00011,STORET Rhode,,HWIN-VAR-001,69.0,
STORET_Rhode_RI08A_19780905_      0900,STORET_Rhode,RI08A,00011,68.7,,1978-09-05T09:00:00,41.670833,-71.609722,US,Rhode,RI_Kent,FLAT RIVER RESERVOIR / NORTHEAST / NARRAGANSETT BAY,00011,STORET Rhode,,HWIN-VAR-001,68.7,
STORET_Rhode_RI08A_19780905_      0900,STORET_Rhode,RI08A,00011,68.5,,1978-09-05T09:00:00,41.670833,-71.609722,US,Rhode,RI_Kent,FLAT RIVER RESERVOIR / NORTHEAST / NARRAGANSETT BAY,00011,STORET Rhode,,HWIN-VAR-001,68.5,
STORET_Rhode_RI08A_19781010_      0835,STORET_Rhode,RI08A,00011,47.7,,1978-10-10T08:35:00,41.670833,-71.609722,US,Rhode,RI_Kent,FLAT RIVER RESERVOIR / NORTHEAST / NARRAGANSETT BAY,00011,STORET Rhode,,HWIN-VAR-001,47.7,
STORET_Rhode_RI08A_19781010_      0835,STORET_Rhode,RI08A,00011,47.7,,1978-10-10T08:35:00,41.670833,-71.609722,US,Rhode,RI_Kent,FLAT RIVER RESERVOIR / NORTHEAST / NARRAGANSETT BAY,00011,STORET Rhode,,HWIN-VAR-001,47.7,
STORET_Rhode_RI08A_19781010_      0835,STORET_Rhode,RI08A,00011,47.8,,1978-10-10T08:35:00,41.670833,-71.609722,US,Rhode,RI_Kent,FLAT RIVER RESERVOIR / NORTHEAST / NARRAGANSETT BAY,00011,STORET Rhode,,HWIN-VAR-001,47.8,
STORET_Rhode_RI08A_19781010_      0835,STORET_Rhode,RI08A,00011,47.8,,1978-10-10T08:35:00,41.670833,-71.609722,US,Rhode,RI_Kent,FLAT RIVER RESERVOIR / NORTHEAST / NARRAGANSETT BAY,00011,STORET Rhode,,HWIN-VAR-001,47.8,
STORET_Rhode_RI08B_19780823_      1145,STORET_Rhode,RI08B,00011,72.6,,1978-08-23T11:45:00,41.667222,-71.617222,US,Rhode,RI_Kent,FLAT RIVER RESERVIOR / NORTHEAST / NARRAGANSETT BAY,00011,STORET Rhode,,HWIN-VAR-001,72.6,
STORET_Rhode_RI08B_19780823_      1145,STORET_Rhode,RI08B,00011,74.6,,1978-08-23T11:45:00,41.667222,-71.617222,US,Rhode,RI_Kent,FLAT RIVER RESERVIOR / NORTHEAST / NARRAGANSETT BAY,00011,STORET Rhode,,HWIN-VAR-001,74.6,
STORET_Rhode_RI08B_19780823_      1145,STORET_Rhode,RI08B,00011,75.5,,1978-08-23T11:45:00,41.667222,-71.617222,US,Rhode,RI_Kent,FLAT RIVER RESERVIOR / NORTHEAST / NARRAGANSETT BAY,00011,STORET Rhode,,HWIN-VAR-001,75.5,
STORET_Rhode_RI08B_19780823_      1145,STORET_Rhode,RI08B,00011,73.9,,1978-08-23T11:45:00,41.667222,-71.617222,US,Rhode,RI_Kent,FLAT RIVER RESERVIOR / NORTHEAST / NARRAGANSETT BAY,00011,STORET Rhode,,HWIN-VAR-001,73.9,
STORET_Rhode_RI08B_19780905_      0935,STORET_Rhode,RI08B,00011,68.5,,1978-09-05T09:35:00,41.667222,-71.617222,US,Rhode,RI_Kent,FLAT RIVER RESERVIOR / NORTHEAST / NARRAGANSETT BAY,00011,STORET Rhode,,HWIN-VAR-001,68.5,
STORET_Rhode_RI08B_19780905_      0935,STORET_Rhode,RI08B,00011,70.5,,1978-09-05T09:35:00,41.667222,-71.617222,US,Rhode,RI_Kent,FLAT RIVER RESERVIOR / NORTHEAST / NARRAGANSETT BAY,00011,STORET Rhode,,HWIN-VAR-001,70.5,
STORET_Rhode_RI08B_19780905_      0935,STORET_Rhode,RI08B,00011,70.0,,1978-09-05T09:35:00,41.667222,-71.617222,US,Rhode,RI_Kent,FLAT RIVER RESERVIOR / NORTHEAST / NARRAGANSETT BAY,00011,STORET Rhode,,HWIN-VAR-001,70.0,
STORET_Rhode_RI08B_19780905_      0935,STORET_Rhode,RI08B,00011,70.0,,1978-09-05T09:35:00,41.667222,-71.617222,US,Rhode,RI_Kent,FLAT RIVER RESERVIOR / NORTHEAST / NARRAGANSETT BAY,00011,STORET Rhode,,HWIN-VAR-001,70.0,
STORET_Rhode_RI08B_19781010_      0910,STORET_Rhode,RI08B,00011,46.6,,1978-10-10T09:10:00,41.667222,-71.617222,US,Rhode,RI_Kent,FLAT RIVER RESERVIOR / NORTHEAST / NARRAGANSETT BAY,00011,STORET Rhode,,HWIN-VAR-001,46.6,
STORET_Rhode_RI08B_19781010_      0910,STORET_Rhode,RI08B,00011,46.6,,1978-10-10T09:10:00,41.667222,-71.617222,US,Rhode,RI_Kent,FLAT RIVER RESERVIOR / NORTHEAST / NARRAGANSETT BAY,00011,STORET Rhode,,HWIN-VAR-001,46.6,
STORET_Rhode_RI08B_19781010_      0910,STORET_Rhode,RI08B,00011,46.6,,1978-10-10T09:10:00,41.667222,-71.617222,US,Rhode,RI_Kent,FLAT RIVER RESERVIOR / NORTHEAST / NARRAGANSETT BAY,00011,STORET Rhode,,HWIN-VAR-001,46.6,
STORET_Rhode_RI08C_19780823_      1235,STORET_Rhode,RI08C,00011,71.9,,1978-08-23T12:35:00,41.663889,-71.620833,US,Rhode,RI_Kent,BIG RIVER BELOW BEAR BROOK / NORTHEAST / NARRAGANSETT BAY,00011,STORET Rhode,,HWIN-VAR-001,71.9,
STORET_Rhode_RI08C_19780823_      1235,STORET_Rhode,RI08C,00011,72.5,,1978-08-23T12:35:00,41.663889,-71.620833,US,Rhode,RI_Kent,BIG RIVER BELOW BEAR BROOK / NORTHEAST / NARRAGANSETT BAY,00011,STORET Rhode,,HWIN-VAR-001,72.5,
STORET_Rhode_RI08C_19780823_      1235,STORET_Rhode,RI08C,00011,74.9,,1978-08-23T12:35:00,41.663889,-71.620833,US,Rhode,RI_Kent,BIG RIVER BELOW BEAR BROOK / NORTHEAST / NARRAGANSETT BAY,00011,STORET Rhode,,HWIN-VAR-001,74.9,
STORET_Rhode_RI08C_19780905_      1020,STORET_Rhode,RI08C,00011,69.0,,1978-09-05T10:20:00,41.663889,-71.620833,US,Rhode,RI_Kent,BIG RIVER BELOW BEAR BROOK / NORTHEAST / NARRAGANSETT BAY,00011,STORET Rhode,,HWIN-VAR-001,69.0,
STORET_Rhode_RI08C_19780905_      1020,STORET_Rhode,RI08C,00011,69.0,,1978-09-05T10:20:00,41.663889,-71.620833,US,Rhode,RI_Kent,BIG RIVER BELOW BEAR BROOK / NORTHEAST / NARRAGANSETT BAY,00011,STORET Rhode,,HWIN-VAR-001,69.0,
STORET_Rhode_RI08C_19780905_      1020,STORET_Rhode,RI08C,00011,69.5,,1978-09-05T10:20:00,41.663889,-71.620833,US,Rhode,RI_Kent,BIG RIVER BELOW BEAR BROOK / NORTHEAST / NARRAGANSETT BAY,00011,STORET Rhode,,HWIN-VAR-001,69.5,
STORET_Rhode_RI08C_19781010_      0930,STORET_Rhode,RI08C,00011,45.0,,1978-10-10T09:30:00,41.663889,-71.620833,US,Rhode,RI_Kent,BIG RIVER BELOW BEAR BROOK / NORTHEAST / NARRAGANSETT BAY,00011,STORET Rhode,,HWIN-VAR-001,45.0,
STORET_Rhode_RI08C_19781010_      0930,STORET_Rhode,RI08C,00011,45.0,,1978-10-10T09:30:00,41.663889,-71.620833,US,Rhode,RI_Kent,BIG RIVER BELOW BEAR BROOK / NORTHEAST / NARRAGANSETT BAY,00011,STORET Rhode,,HWIN-VAR-001,45.0,
STORET_Rhode_RI08C_19781010_      0930,STORET_Rhode,RI08C,00011,45.0,,1978-10-10T09:30:00,41.663889,-71.620833,US,Rhode,RI_Kent,BIG RIVER BELOW BEAR BROOK / NORTHEAST / NARRAGANSETT BAY,00011,STORET Rhode,,HWIN-VAR-001,45.0,
STORET_Rhode_RI08D_19780823_      1210,STORET_Rhode,RI08D,00011,71.8,,1978-08-23T12:10:00,41.6625,-71.621111,US,Rhode,RI_Kent,BIG RIVER UPSTREAM FROM BEAR BROOK / NORTHEAST / NARRAGANSETT BAY,00011,STORET Rhode,,HWIN-VAR-001,71.8,
STORET_Rhode_RI08D_19780823_      1210,STORET_Rhode,RI08D,00011,72.2,,1978-08-23T12:10:00,41.6625,-71.621111,US,Rhode,RI_Kent,BIG RIVER UPSTREAM FROM BEAR BROOK / NORTHEAST / NARRAGANSETT BAY,00011,STORET Rhode,,HWIN-VAR-001,72.2,
STORET_Rhode_RI08D_19780823_      1210,STORET_Rhode,RI08D,00011,73.3,,1978-08-23T12:10:00,41.6625,-71.621111,US,Rhode,RI_Kent,BIG RIVER UPSTREAM FROM BEAR BROOK / NORTHEAST / NARRAGANSETT BAY,00011,STORET Rhode,,HWIN-VAR-001,73.3,
STORET_Rhode_RI08D_19780905_      1005,STORET_Rhode,RI08D,00011,68.5,,1978-09-05T10:05:00,41.6625,-71.621111,US,Rhode,RI_Kent,BIG RIVER UPSTREAM FROM BEAR BROOK / NORTHEAST / NARRAGANSETT BAY,00011,STORET Rhode,,HWIN-VAR-001,68.5,
STORET_Rhode_RI08D_19780905_      1005,STORET_Rhode,RI08D,00011,68.5,,1978-09-05T10:05:00,41.6625,-71.621111,US,Rhode,RI_Kent,BIG RIVER UPSTREAM FROM BEAR BROOK / NORTHEAST / NARRAGANSETT BAY,00011,STORET Rhode,,HWIN-VAR-001,68.5,
STORET_Rhode_RI08D_19780905_      1005,STORET_Rhode,RI08D,00011,69.0,,1978-09-05T10:05:00,41.6625,-71.621111,US,Rhode,RI_Kent,BIG RIVER UPSTREAM FROM BEAR BROOK / NORTHEAST / NARRAGANSETT BAY,00011,STORET Rhode,,HWIN-VAR-001,69.0,
STORET_Rhode_RI08D_19781010_      0920,STORET_Rhode,RI08D,00011,44.9,,1978-10-10T09:20:00,41.6625,-71.621111,US,Rhode,RI_Kent,BIG RIVER UPSTREAM FROM BEAR BROOK / NORTHEAST / NARRAGANSETT BAY,00011,STORET Rhode,,HWIN-VAR-001,44.9,
STORET_Rhode_RI08D_19781010_      0920,STORET_Rhode,RI08D,00011,45.0,,1978-10-10T09:20:00,41.6625,-71.621111,US,Rhode,RI_Kent,BIG RIVER UPSTREAM FROM BEAR BROOK / NORTHEAST / NARRAGANSETT BAY,00011,STORET Rhode,,HWIN-VAR-001,45.0,
STORET_Rhode_RI09_19790405_      0950,STORET_Rhode,RI09,00011,42.0,,1979-04-05T09:50:00,41.660278,-71.628333,US,Rhode,RI_Kent,BEAR BROOK / NORTHEAST / NARRAGANSETT BAY,00011,STORET Rhode,,HWIN-VAR-001,42.0,
STORET_Rhode_RI09_19790424_      0758,STORET_Rhode,RI09,00011,48.0,,1979-04-24T07:58:00,41.660278,-71.628333,US,Rhode,RI_Kent,BEAR BROOK / NORTHEAST / NARRAGANSETT BAY,00011,STORET Rhode,,HWIN-VAR-001,48.0,
STORET_Rhode_RI09_19790522_      0810,STORET_Rhode,RI09,00011,55.0,,1979-05-22T08:10:00,41.660278,-71.628333,US,Rhode,RI_Kent,BEAR BROOK / NORTHEAST / NARRAGANSETT BAY,00011,STORET Rhode,,HWIN-VAR-001,55.0,
STORET_Rhode_RI10_19790522_      1000,STORET_Rhode,RI10,00011,57.7,,1979-05-22T10:00:00,41.680278,-71.607083,US,Rhode,RI_Kent,FLAT RIVER RESERVOIR / NORTHEAST / NARRAGANSETT BAY,00011,STORET Rhode,,HWIN-VAR-001,57.7,
STORET_Rhode_RI10_19790522_      1000,STORET_Rhode,RI10,00011,58.5,,1979-05-22T10:00:00,41.680278,-71.607083,US,Rhode,RI_Kent,FLAT RIVER RESERVOIR / NORTHEAST / NARRAGANSETT BAY,00011,STORET Rhode,,HWIN-VAR-001,58.5,
STORET_Rhode_RI10_19790522_      1000,STORET_Rhode,RI10,00011,60.4,,1979-05-22T10:00:00,41.680278,-71.607083,US,Rhode,RI_Kent,FLAT RIVER RESERVOIR / NORTHEAST / NARRAGANSETT BAY,00011,STORET Rhode,,HWIN-VAR-001,60.4,
STORET_Rhode_RI10_19790522_      1000,STORET_Rhode,RI10,00011,60.1,,1979-05-22T10:00:00,41.680278,-71.607083,US,Rhode,RI_Kent,FLAT RIVER RESERVOIR / NORTHEAST / NARRAGANSETT BAY,00011,STORET Rhode,,HWIN-VAR-001,60.1,
STORET_Rhode_RI10_19790522_      1000,STORET_Rhode,RI10,00011,59.4,,1979-05-22T10:00:00,41.680278,-71.607083,US,Rhode,RI_Kent,FLAT RIVER RESERVOIR / NORTHEAST / NARRAGANSETT BAY,00011,STORET Rhode,,HWIN-VAR-001,59.4,
STORET_Rhode_RI10_19790801_      0845,STORET_Rhode,RI10,00011,78.4,,1979-08-01T08:45:00,41.680278,-71.607083,US,Rhode,RI_Kent,FLAT RIVER RESERVOIR / NORTHEAST / NARRAGANSETT BAY,00011,STORET Rhode,,HWIN-VAR-001,78.4,
STORET_Rhode_RI10_19790801_      0845,STORET_Rhode,RI10,00011,79.8,,1979-08-01T08:45:00,41.680278,-71.607083,US,Rhode,RI_Kent,FLAT RIVER RESERVOIR / NORTHEAST / NARRAGANSETT BAY,00011,STORET Rhode,,HWIN-VAR-001,79.8,
STORET_Rhode_RI10_19790801_      0845,STORET_Rhode,RI10,00011,82.4,,1979-08-01T08:45:00,41.680278,-71.607083,US,Rhode,RI_Kent,FLAT RIVER RESERVOIR / NORTHEAST / NARRAGANSETT BAY,00011,STORET Rhode,,HWIN-VAR-001,82.4,
STORET_Rhode_RI10_19790801_      0845,STORET_Rhode,RI10,00011,82.4,,1979-08-01T08:45:00,41.680278,-71.607083,US,Rhode,RI_Kent,FLAT RIVER RESERVOIR / NORTHEAST / NARRAGANSETT BAY,00011,STORET Rhode,,HWIN-VAR-001,82.4,
STORET_Rhode_RI10_19790801_      0845,STORET_Rhode,RI10,00011,82.4,,1979-08-01T08:45:00,41.680278,-71.607083,US,Rhode,RI_Kent,FLAT RIVER RESERVOIR / NORTHEAST / NARRAGANSETT BAY,00011,STORET Rhode,,HWIN-VAR-001,82.4,
STORET_Rhode_RI11_19790521_      1225,STORET_Rhode,RI11,00011,44.4,,1979-05-21T12:25:00,41.759167,-71.58875,US,Rhode,RI_Kent,SCITUATE RESERVOIR / NORTHEAST / NARRAGANSETT BAY,00011,STORET Rhode,,HWIN-VAR-001,44.4,
STORET_Rhode_RI11_19790521_      1225,STORET_Rhode,RI11,00011,44.6,,1979-05-21T12:25:00,41.759167,-71.58875,US,Rhode,RI_Kent,SCITUATE RESERVOIR / NORTHEAST / NARRAGANSETT BAY,00011,STORET Rhode,,HWIN-VAR-001,44.6,
STORET_Rhode_RI11_19790521_      1225,STORET_Rhode,RI11,00011,47.3,,1979-05-21T12:25:00,41.759167,-71.58875,US,Rhode,RI_Kent,SCITUATE RESERVOIR / NORTHEAST / NARRAGANSETT BAY,00011,STORET Rhode,,HWIN-VAR-001,47.3,
STORET_Rhode_RI11_19790521_      1225,STORET_Rhode,RI11,00011,50.9,,1979-05-21T12:25:00,41.759167,-71.58875,US,Rhode,RI_Kent,SCITUATE RESERVOIR / NORTHEAST / NARRAGANSETT BAY,00011,STORET Rhode,,HWIN-VAR-001,50.9,
STORET_Rhode_RI11_19790521_      1225,STORET_Rhode,RI11,00011,57.9,,1979-05-21T12:25:00,41.759167,-71.58875,US,Rhode,RI_Kent,SCITUATE RESERVOIR / NORTHEAST / NARRAGANSETT BAY,00011,STORET Rhode,,HWIN-VAR-001,57.9,
STORET_Rhode_RI11_19790521_      1225,STORET_Rhode,RI11,00011,60.6,,1979-05-21T12:25:00,41.759167,-71.58875,US,Rhode,RI_Kent,SCITUATE RESERVOIR / NORTHEAST / NARRAGANSETT BAY,00011,STORET Rhode,,HWIN-VAR-001,60.6,
STORET_Rhode_RI11_19790521_      1225,STORET_Rhode,RI11,00011,59.3,,1979-05-21T12:25:00,41.759167,-71.58875,US,Rhode,RI_Kent,SCITUATE RESERVOIR / NORTHEAST / NARRAGANSETT BAY,00011,STORET Rhode,,HWIN-VAR-001,59.3,
STORET_Rhode_RI11_19790521_      1225,STORET_Rhode,RI11,00011,58.9,,1979-05-21T12:25:00,41.759167,-71.58875,US,Rhode,RI_Kent,SCITUATE RESERVOIR / NORTHEAST / NARRAGANSETT BAY,00011,STORET Rhode,,HWIN-VAR-001,58.9,
STORET_Rhode_RI11_19790521_      1225,STORET_Rhode,RI11,00011,58.7,,1979-05-21T12:25:00,41.759167,-71.58875,US,Rhode,RI_Kent,SCITUATE RESERVOIR / NORTHEAST / NARRAGANSETT BAY,00011,STORET Rhode,,HWIN-VAR-001,58.7,
STORET_Rhode_RI11_19790521_      1225,STORET_Rhode,RI11,00011,58.4,,1979-05-21T12:25:00,41.759167,-71.58875,US,Rhode,RI_Kent,SCITUATE RESERVOIR / NORTHEAST / NARRAGANSETT BAY,00011,STORET Rhode,,HWIN-VAR-001,58.4,
STORET_Rhode_RI11_19790521_      1225,STORET_Rhode,RI11,00011,57.6,,1979-05-21T12:25:00,41.759167,-71.58875,US,Rhode,RI_Kent,SCITUATE RESERVOIR / NORTHEAST / NARRAGANSETT BAY,00011,STORET Rhode,,HWIN-VAR-001,57.6,
STORET_Rhode_RI11_19790521_      1225,STORET_Rhode,RI11,00011,48.4,,1979-05-21T12:25:00,41.759167,-71.58875,US,Rhode,RI_Kent,SCITUATE RESERVOIR / NORTHEAST / NARRAGANSETT BAY,00011,STORET Rhode,,HWIN-VAR-001,48.4,
STORET_Rhode_RI11_19790521_      1225,STORET_Rhode,RI11,00011,45.1,,1979-05-21T12:25:00,41.759167,-71.58875,US,Rhode,RI_Kent,SCITUATE RESERVOIR / NORTHEAST / NARRAGANSETT BAY,00011,STORET Rhode,,HWIN-VAR-001,45.1,
STORET_Rhode_RI11_19790731_      1230,STORET_Rhode,RI11,00011,50.0,,1979-07-31T12:30:00,41.759167,-71.58875,US,Rhode,RI_Kent,SCITUATE RESERVOIR / NORTHEAST / NARRAGANSETT BAY,00011,STORET Rhode,,HWIN-VAR-001,50.0,
STORET_Rhode_RI11_19790731_      1230,STORET_Rhode,RI11,00011,50.0,,1979-07-31T12:30:00,41.759167,-71.58875,US,Rhode,RI_Kent,SCITUATE RESERVOIR / NORTHEAST / NARRAGANSETT BAY,00011,STORET Rhode,,HWIN-VAR-001,50.0,
STORET_Rhode_RI11_19790731_      1230,STORET_Rhode,RI11,00011,52.7,,1979-07-31T12:30:00,41.759167,-71.58875,US,Rhode,RI_Kent,SCITUATE RESERVOIR / NORTHEAST / NARRAGANSETT BAY,00011,STORET Rhode,,HWIN-VAR-001,52.7,
STORET_Rhode_RI11_19790731_      1230,STORET_Rhode,RI11,00011,50.9,,1979-07-31T12:30:00,41.759167,-71.58875,US,Rhode,RI_Kent,SCITUATE RESERVOIR / NORTHEAST / NARRAGANSETT BAY,00011,STORET Rhode,,HWIN-VAR-001,50.9,
STORET_Rhode_RI11_19790731_      1230,STORET_Rhode,RI11,00011,61.3,,1979-07-31T12:30:00,41.759167,-71.58875,US,Rhode,RI_Kent,SCITUATE RESERVOIR / NORTHEAST / NARRAGANSETT BAY,00011,STORET Rhode,,HWIN-VAR-001,61.3,
STORET_Rhode_RI11_19790731_      1230,STORET_Rhode,RI11,00011,82.6,,1979-07-31T12:30:00,41.759167,-71.58875,US,Rhode,RI_Kent,SCITUATE RESERVOIR / NORTHEAST / NARRAGANSETT BAY,00011,STORET Rhode,,HWIN-VAR-001,82.6,
STORET_Rhode_RI11_19790731_      1230,STORET_Rhode,RI11,00011,82.4,,1979-07-31T12:30:00,41.759167,-71.58875,US,Rhode,RI_Kent,SCITUATE RESERVOIR / NORTHEAST / NARRAGANSETT BAY,00011,STORET Rhode,,HWIN-VAR-001,82.4,
STORET_Rhode_RI11_19790731_      1230,STORET_Rhode,RI11,00011,82.0,,1979-07-31T12:30:00,41.759167,-71.58875,US,Rhode,RI_Kent,SCITUATE RESERVOIR / NORTHEAST / NARRAGANSETT BAY,00011,STORET Rhode,,HWIN-VAR-001,82.0,
STORET_Rhode_RI11_19790731_      1230,STORET_Rhode,RI11,00011,81.7,,1979-07-31T12:30:00,41.759167,-71.58875,US,Rhode,RI_Kent,SCITUATE RESERVOIR / NORTHEAST / NARRAGANSETT BAY,00011,STORET Rhode,,HWIN-VAR-001,81.7,
STORET_Rhode_RI11_19790731_      1230,STORET_Rhode,RI11,00011,81.4,,1979-07-31T12:30:00,41.759167,-71.58875,US,Rhode,RI_Kent,SCITUATE RESERVOIR / NORTHEAST / NARRAGANSETT BAY,00011,STORET Rhode,,HWIN-VAR-001,81.4,
STORET_Rhode_RI11_19790731_      1230,STORET_Rhode,RI11,00011,77.2,,1979-07-31T12:30:00,41.759167,-71.58875,US,Rhode,RI_Kent,SCITUATE RESERVOIR / NORTHEAST / NARRAGANSETT BAY,00011,STORET Rhode,,HWIN-VAR-001,77.2,
STORET_Rhode_RI11_19790731_      1230,STORET_Rhode,RI11,00011,73.9,,1979-07-31T12:30:00,41.759167,-71.58875,US,Rhode,RI_Kent,SCITUATE RESERVOIR / NORTHEAST / NARRAGANSETT BAY,00011,STORET Rhode,,HWIN-VAR-001,73.9,
STORET_Rhode_RI11_19790731_      1230,STORET_Rhode,RI11,00011,71.4,,1979-07-31T12:30:00,41.759167,-71.58875,US,Rhode,RI_Kent,SCITUATE RESERVOIR / NORTHEAST / NARRAGANSETT BAY,00011,STORET Rhode,,HWIN-VAR-001,71.4,
STORET_Rhode_RI11_19790731_      1230,STORET_Rhode,RI11,00011,67.2,,1979-07-31T12:30:00,41.759167,-71.58875,US,Rhode,RI_Kent,SCITUATE RESERVOIR / NORTHEAST / NARRAGANSETT BAY,00011,STORET Rhode,,HWIN-VAR-001,67.2,
STORET_Rhode_TM3.2_19840710_      1812,STORET_Rhode,TM3.2,00010,28.8889,,1984-07-10T18:12:00,41.841944,-71.341944,US,Rhode,RI_Providence,"CENTRAL POND AT NEWMAN AVE., E. PROVIDENCE / NARRAGANSETT / TEN MILE",00010,STORET Rhode,$,HWIN-VAR-001,28.8889,
STORET_Rhode_TM3.2_19840710_      1758,STORET_Rhode,TM3.2,00010,31.1111,,1984-07-10T17:58:00,41.841944,-71.341944,US,Rhode,RI_Providence,"CENTRAL POND AT NEWMAN AVE., E. PROVIDENCE / NARRAGANSETT / TEN MILE",00010,STORET Rhode,$,HWIN-VAR-001,31.1111,
STORET_Rhode_TM3.2_19840710_      1742,STORET_Rhode,TM3.2,00010,28.3333,,1984-07-10T17:42:00,41.841944,-71.341944,US,Rhode,RI_Providence,"CENTRAL POND AT NEWMAN AVE., E. PROVIDENCE / NARRAGANSETT / TEN MILE",00010,STORET Rhode,$,HWIN-VAR-001,28.3333,
STORET_Rhode_TM3.2_19840710_      1735,STORET_Rhode,TM3.2,00010,34.4444,,1984-07-10T17:35:00,41.841944,-71.341944,US,Rhode,RI_Providence,"CENTRAL POND AT NEWMAN AVE., E. PROVIDENCE / NARRAGANSETT / TEN MILE",00010,STORET Rhode,$,HWIN-VAR-001,34.4444,
STORET_Rhode_TM3.2_19840710_      1717,STORET_Rhode,TM3.2,00010,32.7778,,1984-07-10T17:17:00,41.841944,-71.341944,US,Rhode,RI_Providence,"CENTRAL POND AT NEWMAN AVE., E. PROVIDENCE / NARRAGANSETT / TEN MILE",00010,STORET Rhode,$,HWIN-VAR-001,32.7778,
STORET_Rhode_TM3.2_19840710_      1700,STORET_Rhode,TM3.2,00010,28.3333,,1984-07-10T17:00:00,41.841944,-71.341944,US,Rhode,RI_Providence,"CENTRAL POND AT NEWMAN AVE., E. PROVIDENCE / NARRAGANSETT / TEN MILE",00010,STORET Rhode,$,HWIN-VAR-001,28.3333,
STORET_Rhode_TM3.2_19840710_      1645,STORET_Rhode,TM3.2,00010,25.5556,,1984-07-10T16:45:00,41.841944,-71.341944,US,Rhode,RI_Providence,"CENTRAL POND AT NEWMAN AVE., E. PROVIDENCE / NARRAGANSETT / TEN MILE",00010,STORET Rhode,$,HWIN-VAR-001,25.5556,
STORET_Rhode_TM3.2_19840710_      1635,STORET_Rhode,TM3.2,00010,24.4444,,1984-07-10T16:35:00,41.841944,-71.341944,US,Rhode,RI_Providence,"CENTRAL POND AT NEWMAN AVE., E. PROVIDENCE / NARRAGANSETT / TEN MILE",00010,STORET Rhode,$,HWIN-VAR-001,24.4444,
STORET_Rhode_TM3.2_19840710_      1624,STORET_Rhode,TM3.2,00010,9.44444,,1984-07-10T16:24:00,41.841944,-71.341944,US,Rhode,RI_Providence,"CENTRAL POND AT NEWMAN AVE., E. PROVIDENCE / NARRAGANSETT / TEN MILE",00010,STORET Rhode,$,HWIN-VAR-001,9.44444,
STORET_Rhode_TM3.2_19840710_      1522,STORET_Rhode,TM3.2,00010,26.6667,,1984-07-10T15:22:00,41.841944,-71.341944,US,Rhode,RI_Providence,"CENTRAL POND AT NEWMAN AVE., E. PROVIDENCE / NARRAGANSETT / TEN MILE",00010,STORET Rhode,$,HWIN-VAR-001,26.6667,
STORET_Rhode_TM3.2_19840710_      1530,STORET_Rhode,TM3.2,00010,23.8889,,1984-07-10T15:30:00,41.841944,-71.341944,US,Rhode,RI_Providence,"CENTRAL POND AT NEWMAN AVE., E. PROVIDENCE / NARRAGANSETT / TEN MILE",00010,STORET Rhode,$,HWIN-VAR-001,23.8889,
STORET_Rhode_TM3.2_19840710_      1537,STORET_Rhode,TM3.2,00010,32.2222,,1984-07-10T15:37:00,41.841944,-71.341944,US,Rhode,RI_Providence,"CENTRAL POND AT NEWMAN AVE., E. PROVIDENCE / NARRAGANSETT / TEN MILE",00010,STORET Rhode,$,HWIN-VAR-001,32.2222,
STORET_Rhode_TM3.2_19840710_      1544,STORET_Rhode,TM3.2,00010,27.2222,,1984-07-10T15:44:00,41.841944,-71.341944,US,Rhode,RI_Providence,"CENTRAL POND AT NEWMAN AVE., E. PROVIDENCE / NARRAGANSETT / TEN MILE",00010,STORET Rhode,$,HWIN-VAR-001,27.2222,
STORET_Rhode_TM3.2_19840710_      1550,STORET_Rhode,TM3.2,00010,22.7778,,1984-07-10T15:50:00,41.841944,-71.341944,US,Rhode,RI_Providence,"CENTRAL POND AT NEWMAN AVE., E. PROVIDENCE / NARRAGANSETT / TEN MILE",00010,STORET Rhode,$,HWIN-VAR-001,22.7778,
STORET_Rhode_TM3.2_19840710_      1555,STORET_Rhode,TM3.2,00010,33.8889,,1984-07-10T15:55:00,41.841944,-71.341944,US,Rhode,RI_Providence,"CENTRAL POND AT NEWMAN AVE., E. PROVIDENCE / NARRAGANSETT / TEN MILE",00010,STORET Rhode,$,HWIN-VAR-001,33.8889,
STORET_Rhode_TM3.2_19840710_      1600,STORET_Rhode,TM3.2,00010,26.6667,,1984-07-10T16:00:00,41.841944,-71.341944,US,Rhode,RI_Providence,"CENTRAL POND AT NEWMAN AVE., E. PROVIDENCE / NARRAGANSETT / TEN MILE",00010,STORET Rhode,$,HWIN-VAR-001,26.6667,
STORET_Rhode_TM3.2_19840710_      1606,STORET_Rhode,TM3.2,00010,23.8889,,1984-07-10T16:06:00,41.841944,-71.341944,US,Rhode,RI_Providence,"CENTRAL POND AT NEWMAN AVE., E. PROVIDENCE / NARRAGANSETT / TEN MILE",00010,STORET Rhode,$,HWIN-VAR-001,23.8889,
STORET_Rhode_TM3.2_19840710_      1630,STORET_Rhode,TM3.2,00010,23.8889,,1984-07-10T16:30:00,41.841944,-71.341944,US,Rhode,RI_Providence,"CENTRAL POND AT NEWMAN AVE., E. PROVIDENCE / NARRAGANSETT / TEN MILE",00010,STORET Rhode,$,HWIN-VAR-001,23.8889,
STORET_Rhode_TM3.2_19840710_      1640,STORET_Rhode,TM3.2,00010,11.1111,,1984-07-10T16:40:00,41.841944,-71.341944,US,Rhode,RI_Providence,"CENTRAL POND AT NEWMAN AVE., E. PROVIDENCE / NARRAGANSETT / TEN MILE",00010,STORET Rhode,$,HWIN-VAR-001,11.1111,
STORET_Rhode_TM3.2_19840710_      1653,STORET_Rhode,TM3.2,00010,27.7778,,1984-07-10T16:53:00,41.841944,-71.341944,US,Rhode,RI_Providence,"CENTRAL POND AT NEWMAN AVE., E. PROVIDENCE / NARRAGANSETT / TEN MILE",00010,STORET Rhode,$,HWIN-VAR-001,27.7778,
STORET_Rhode_TM3.2_19840710_      1710,STORET_Rhode,TM3.2,00010,28.3333,,1984-07-10T17:10:00,41.841944,-71.341944,US,Rhode,RI_Providence,"CENTRAL POND AT NEWMAN AVE., E. PROVIDENCE / NARRAGANSETT / TEN MILE",00010,STORET Rhode,$,HWIN-VAR-001,28.3333,
STORET_Rhode_TM3.2_19840710_      1725,STORET_Rhode,TM3.2,00010,33.3333,,1984-07-10T17:25:00,41.841944,-71.341944,US,Rhode,RI_Providence,"CENTRAL POND AT NEWMAN AVE., E. PROVIDENCE / NARRAGANSETT / TEN MILE",00010,STORET Rhode,$,HWIN-VAR-001,33.3333,
STORET_Rhode_TM5.8_19840709_      0735,STORET_Rhode,TM5.8,00010,26.6667,,1984-07-09T07:35:00,41.874444,-71.341111,US,Rhode,RI_Providence,"ARMISTICE BLVD., PAWTUCKET / NARRAGANSETT / TEN MILE",00010,STORET Rhode,$,HWIN-VAR-001,26.6667,
STORET_Rhode_TM5.8_19840709_      0730,STORET_Rhode,TM5.8,00010,17.2222,,1984-07-09T07:30:00,41.874444,-71.341111,US,Rhode,RI_Providence,"ARMISTICE BLVD., PAWTUCKET / NARRAGANSETT / TEN MILE",00010,STORET Rhode,$,HWIN-VAR-001,17.2222,
STORET_Rhode_TM5.8_19840709_      0720,STORET_Rhode,TM5.8,00010,17.2222,,1984-07-09T07:20:00,41.874444,-71.341111,US,Rhode,RI_Providence,"ARMISTICE BLVD., PAWTUCKET / NARRAGANSETT / TEN MILE",00010,STORET Rhode,$,HWIN-VAR-001,17.2222,
STORET_Rhode_TM5.8_19840709_      0711,STORET_Rhode,TM5.8,00010,19.4444,,1984-07-09T07:11:00,41.874444,-71.341111,US,Rhode,RI_Providence,"ARMISTICE BLVD., PAWTUCKET / NARRAGANSETT / TEN MILE",00010,STORET Rhode,$,HWIN-VAR-001,19.4444,
STORET_Rhode_TM5.8_19840710_      1043,STORET_Rhode,TM5.8,00010,27.7778,,1984-07-10T10:43:00,41.874444,-71.341111,US,Rhode,RI_Providence,"ARMISTICE BLVD., PAWTUCKET / NARRAGANSETT / TEN MILE",00010,STORET Rhode,$,HWIN-VAR-001,27.7778,
STORET_Rhode_TM5.8_19840710_      0930,STORET_Rhode,TM5.8,00010,23.3333,,1984-07-10T09:30:00,41.874444,-71.341111,US,Rhode,RI_Providence,"ARMISTICE BLVD., PAWTUCKET / NARRAGANSETT / TEN MILE",00010,STORET Rhode,$,HWIN-VAR-001,23.3333,
STORET_Rhode_TM5.8_19840710_      0910,STORET_Rhode,TM5.8,00010,22.2222,,1984-07-10T09:10:00,41.874444,-71.341111,US,Rhode,RI_Providence,"ARMISTICE BLVD., PAWTUCKET / NARRAGANSETT / TEN MILE",00010,STORET Rhode,$,HWIN-VAR-001,22.2222,
STORET_Rhode_TM5.8_19840710_      0751,STORET_Rhode,TM5.8,00010,20.5555,,1984-07-10T07:51:00,41.874444,-71.341111,US,Rhode,RI_Providence,"ARMISTICE BLVD., PAWTUCKET / NARRAGANSETT / TEN MILE",00010,STORET Rhode,$,HWIN-VAR-001,20.5555,
STORET_Rhode_TM5.8_19840710_      0758,STORET_Rhode,TM5.8,00010,20.0,,1984-07-10T07:58:00,41.874444,-71.341111,US,Rhode,RI_Providence,"ARMISTICE BLVD., PAWTUCKET / NARRAGANSETT / TEN MILE",00010,STORET Rhode,$,HWIN-VAR-001,20.0,
STORET_Rhode_TM5.8_19840710_      0805,STORET_Rhode,TM5.8,00010,17.7778,,1984-07-10T08:05:00,41.874444,-71.341111,US,Rhode,RI_Providence,"ARMISTICE BLVD., PAWTUCKET / NARRAGANSETT / TEN MILE",00010,STORET Rhode,$,HWIN-VAR-001,17.7778,
STORET_Rhode_TM5.8_19840710_      0825,STORET_Rhode,TM5.8,00010,12.2222,,1984-07-10T08:25:00,41.874444,-71.341111,US,Rhode,RI_Providence,"ARMISTICE BLVD., PAWTUCKET / NARRAGANSETT / TEN MILE",00010,STORET Rhode,$,HWIN-VAR-001,12.2222,
STORET_Rhode_TM5.8_19840710_      0832,STORET_Rhode,TM5.8,00010,17.2222,,1984-07-10T08:32:00,41.874444,-71.341111,US,Rhode,RI_Providence,"ARMISTICE BLVD., PAWTUCKET / NARRAGANSETT / TEN MILE",00010,STORET Rhode,$,HWIN-VAR-001,17.2222,
STORET_Rhode_TM5.8_19840710_      0840,STORET_Rhode,TM5.8,00010,17.2222,,1984-07-10T08:40:00,41.874444,-71.341111,US,Rhode,RI_Providence,"ARMISTICE BLVD., PAWTUCKET / NARRAGANSETT / TEN MILE",00010,STORET Rhode,$,HWIN-VAR-001,17.2222,
STORET_Rhode_TM5.8_19840710_      0846,STORET_Rhode,TM5.8,00010,11.1111,,1984-07-10T08:46:00,41.874444,-71.341111,US,Rhode,RI_Providence,"ARMISTICE BLVD., PAWTUCKET / NARRAGANSETT / TEN MILE",00010,STORET Rhode,$,HWIN-VAR-001,11.1111,
STORET_Rhode_TM5.8_19840710_      0851,STORET_Rhode,TM5.8,00010,17.2222,,1984-07-10T08:51:00,41.874444,-71.341111,US,Rhode,RI_Providence,"ARMISTICE BLVD., PAWTUCKET / NARRAGANSETT / TEN MILE",00010,STORET Rhode,$,HWIN-VAR-001,17.2222,
STORET_Rhode_TM5.8_19840710_      0900,STORET_Rhode,TM5.8,00010,21.1111,,1984-07-10T09:00:00,41.874444,-71.341111,US,Rhode,RI_Providence,"ARMISTICE BLVD., PAWTUCKET / NARRAGANSETT / TEN MILE",00010,STORET Rhode,$,HWIN-VAR-001,21.1111,
STORET_Rhode_TM5.8_19840710_      0743,STORET_Rhode,TM5.8,00010,20.0,,1984-07-10T07:43:00,41.874444,-71.341111,US,Rhode,RI_Providence,"ARMISTICE BLVD., PAWTUCKET / NARRAGANSETT / TEN MILE",00010,STORET Rhode,$,HWIN-VAR-001,20.0,
STORET_Rhode_TM5.8_19840710_      0920,STORET_Rhode,TM5.8,00010,20.5555,,1984-07-10T09:20:00,41.874444,-71.341111,US,Rhode,RI_Providence,"ARMISTICE BLVD., PAWTUCKET / NARRAGANSETT / TEN MILE",00010,STORET Rhode,$,HWIN-VAR-001,20.5555,
STORET_Rhode_TM5.8_19840710_      0946,STORET_Rhode,TM5.8,00010,20.0,,1984-07-10T09:46:00,41.874444,-71.341111,US,Rhode,RI_Providence,"ARMISTICE BLVD., PAWTUCKET / NARRAGANSETT / TEN MILE",00010,STORET Rhode,$,HWIN-VAR-001,20.0,
STORET_Rhode_TM5.8_19840710_      1028,STORET_Rhode,TM5.8,00010,18.8889,,1984-07-10T10:28:00,41.874444,-71.341111,US,Rhode,RI_Providence,"ARMISTICE BLVD., PAWTUCKET / NARRAGANSETT / TEN MILE",00010,STORET Rhode,$,HWIN-VAR-001,18.8889,
STORET_Rhode_TM5.8_19840710_      1010,STORET_Rhode,TM5.8,00010,24.4444,,1984-07-10T10:10:00,41.874444,-71.341111,US,Rhode,RI_Providence,"ARMISTICE BLVD., PAWTUCKET / NARRAGANSETT / TEN MILE",00010,STORET Rhode,$,HWIN-VAR-001,24.4444,
STORET_Rhode_TM5.8_19840710_      1000,STORET_Rhode,TM5.8,00010,18.8889,,1984-07-10T10:00:00,41.874444,-71.341111,US,Rhode,RI_Providence,"ARMISTICE BLVD., PAWTUCKET / NARRAGANSETT / TEN MILE",00010,STORET Rhode,$,HWIN-VAR-001,18.8889,
STORET_Rhode_440301_19720604_      1610,STORET_Rhode,440301,00010,20.77,,1972-06-04T16:10:00,41.833333,-71.341667,US,Rhode,RI_Providence,TURNER RESERVOIR /  /,00010,STORET Rhode,,HWIN-VAR-001,20.77,
STORET_Rhode_440301_19720801_      1635,STORET_Rhode,440301,00010,24.2,,1972-08-01T16:35:00,41.833333,-71.341667,US,Rhode,RI_Providence,TURNER RESERVOIR /  /,00010,STORET Rhode,,HWIN-VAR-001,24.2,
STORET_Rhode_1D1-018_19841108_      2500,STORET_Rhode,1D1-018,00010,7.9,,1984-11-08T00:00:00,41.969444,-71.729167,US,Rhode,RI_Providence,WILSON RESERVOIR /  /,00010,STORET Rhode,HOUR25,HWIN-VAR-001,7.9,
STORET_Rhode_1D1-067_19841108_      2500,STORET_Rhode,1D1-067,00010,8.6,,1984-11-08T00:00:00,41.971389,-71.772222,US,Rhode,RI_Providence,ROUND POND /  /,00010,STORET Rhode,HOUR25,HWIN-VAR-001,8.6,
STORET_Rhode_1D2-049_19841104_      2500,STORET_Rhode,1D2-049,00010,11.3,,1984-11-04T00:00:00,41.909722,-71.65,US,Rhode,RI_Providence,SPRING GROVE POND /  /,00010,STORET Rhode,HOUR25,HWIN-VAR-001,11.3,
STORET_Rhode_1D2-069_19841104_      2500,STORET_Rhode,1D2-069,00010,10.1,,1984-11-04T00:00:00,41.772778,-71.660556,US,Rhode,RI_Providence,KING POND /  /,00010,STORET Rhode,HOUR25,HWIN-VAR-001,10.1,
STORET_Rhode_1D3-026_19841104_      2500,STORET_Rhode,1D3-026,00010,11.8,,1984-11-04T00:00:00,41.983333,-71.395833,US,Rhode,RI_Providence,ARNOLD MILLS RES /  /,00010,STORET Rhode,HOUR25,HWIN-VAR-001,11.8,
STORET_Rhode_TM3.2_19840710_      1812,STORET_Rhode,TM3.2,00011,84.0,,1984-07-10T18:12:00,41.841944,-71.341944,US,Rhode,RI_Providence,"CENTRAL POND AT NEWMAN AVE., E. PROVIDENCE / NARRAGANSETT / TEN MILE",00011,STORET Rhode,,HWIN-VAR-001,84.0,
STORET_Rhode_TM3.2_19840710_      1758,STORET_Rhode,TM3.2,00011,88.0,,1984-07-10T17:58:00,41.841944,-71.341944,US,Rhode,RI_Providence,"CENTRAL POND AT NEWMAN AVE., E. PROVIDENCE / NARRAGANSETT / TEN MILE",00011,STORET Rhode,,HWIN-VAR-001,88.0,
STORET_Rhode_TM3.2_19840710_      1717,STORET_Rhode,TM3.2,00011,91.0,,1984-07-10T17:17:00,41.841944,-71.341944,US,Rhode,RI_Providence,"CENTRAL POND AT NEWMAN AVE., E. PROVIDENCE / NARRAGANSETT / TEN MILE",00011,STORET Rhode,,HWIN-VAR-001,91.0,
STORET_Rhode_TM3.2_19840710_      1522,STORET_Rhode,TM3.2,00011,80.0,,1984-07-10T15:22:00,41.841944,-71.341944,US,Rhode,RI_Providence,"CENTRAL POND AT NEWMAN AVE., E. PROVIDENCE / NARRAGANSETT / TEN MILE",00011,STORET Rhode,,HWIN-VAR-001,80.0,
STORET_Rhode_TM3.2_19840710_      1530,STORET_Rhode,TM3.2,00011,75.0,,1984-07-10T15:30:00,41.841944,-71.341944,US,Rhode,RI_Providence,"CENTRAL POND AT NEWMAN AVE., E. PROVIDENCE / NARRAGANSETT / TEN MILE",00011,STORET Rhode,,HWIN-VAR-001,75.0,
STORET_Rhode_TM3.2_19840710_      1537,STORET_Rhode,TM3.2,00011,90.0,,1984-07-10T15:37:00,41.841944,-71.341944,US,Rhode,RI_Providence,"CENTRAL POND AT NEWMAN AVE., E. PROVIDENCE / NARRAGANSETT / TEN MILE",00011,STORET Rhode,,HWIN-VAR-001,90.0,
STORET_Rhode_TM3.2_19840710_      1544,STORET_Rhode,TM3.2,00011,81.0,,1984-07-10T15:44:00,41.841944,-71.341944,US,Rhode,RI_Providence,"CENTRAL POND AT NEWMAN AVE., E. PROVIDENCE / NARRAGANSETT / TEN MILE",00011,STORET Rhode,,HWIN-VAR-001,81.0,
STORET_Rhode_TM3.2_19840710_      1550,STORET_Rhode,TM3.2,00011,73.0,,1984-07-10T15:50:00,41.841944,-71.341944,US,Rhode,RI_Providence,"CENTRAL POND AT NEWMAN AVE., E. PROVIDENCE / NARRAGANSETT / TEN MILE",00011,STORET Rhode,,HWIN-VAR-001,73.0,
STORET_Rhode_TM3.2_19840710_      1555,STORET_Rhode,TM3.2,00011,93.0,,1984-07-10T15:55:00,41.841944,-71.341944,US,Rhode,RI_Providence,"CENTRAL POND AT NEWMAN AVE., E. PROVIDENCE / NARRAGANSETT / TEN MILE",00011,STORET Rhode,,HWIN-VAR-001,93.0,
STORET_Rhode_TM3.2_19840710_      1600,STORET_Rhode,TM3.2,00011,80.0,,1984-07-10T16:00:00,41.841944,-71.341944,US,Rhode,RI_Providence,"CENTRAL POND AT NEWMAN AVE., E. PROVIDENCE / NARRAGANSETT / TEN MILE",00011,STORET Rhode,,HWIN-VAR-001,80.0,
STORET_Rhode_TM3.2_19840710_      1606,STORET_Rhode,TM3.2,00011,75.0,,1984-07-10T16:06:00,41.841944,-71.341944,US,Rhode,RI_Providence,"CENTRAL POND AT NEWMAN AVE., E. PROVIDENCE / NARRAGANSETT / TEN MILE",00011,STORET Rhode,,HWIN-VAR-001,75.0,
STORET_Rhode_TM3.2_19840710_      1624,STORET_Rhode,TM3.2,00011,49.0,,1984-07-10T16:24:00,41.841944,-71.341944,US,Rhode,RI_Providence,"CENTRAL POND AT NEWMAN AVE., E. PROVIDENCE / NARRAGANSETT / TEN MILE",00011,STORET Rhode,,HWIN-VAR-001,49.0,
STORET_Rhode_TM3.2_19840710_      1630,STORET_Rhode,TM3.2,00011,75.0,,1984-07-10T16:30:00,41.841944,-71.341944,US,Rhode,RI_Providence,"CENTRAL POND AT NEWMAN AVE., E. PROVIDENCE / NARRAGANSETT / TEN MILE",00011,STORET Rhode,,HWIN-VAR-001,75.0,
STORET_Rhode_TM3.2_19840710_      1635,STORET_Rhode,TM3.2,00011,76.0,,1984-07-10T16:35:00,41.841944,-71.341944,US,Rhode,RI_Providence,"CENTRAL POND AT NEWMAN AVE., E. PROVIDENCE / NARRAGANSETT / TEN MILE",00011,STORET Rhode,,HWIN-VAR-001,76.0,
STORET_Rhode_TM3.2_19840710_      1640,STORET_Rhode,TM3.2,00011,52.0,,1984-07-10T16:40:00,41.841944,-71.341944,US,Rhode,RI_Providence,"CENTRAL POND AT NEWMAN AVE., E. PROVIDENCE / NARRAGANSETT / TEN MILE",00011,STORET Rhode,,HWIN-VAR-001,52.0,
STORET_Rhode_TM3.2_19840710_      1645,STORET_Rhode,TM3.2,00011,78.0,,1984-07-10T16:45:00,41.841944,-71.341944,US,Rhode,RI_Providence,"CENTRAL POND AT NEWMAN AVE., E. PROVIDENCE / NARRAGANSETT / TEN MILE",00011,STORET Rhode,,HWIN-VAR-001,78.0,
STORET_Rhode_TM3.2_19840710_      1653,STORET_Rhode,TM3.2,00011,82.0,,1984-07-10T16:53:00,41.841944,-71.341944,US,Rhode,RI_Providence,"CENTRAL POND AT NEWMAN AVE., E. PROVIDENCE / NARRAGANSETT / TEN MILE",00011,STORET Rhode,,HWIN-VAR-001,82.0,
STORET_Rhode_TM3.2_19840710_      1700,STORET_Rhode,TM3.2,00011,83.0,,1984-07-10T17:00:00,41.841944,-71.341944,US,Rhode,RI_Providence,"CENTRAL POND AT NEWMAN AVE., E. PROVIDENCE / NARRAGANSETT / TEN MILE",00011,STORET Rhode,,HWIN-VAR-001,83.0,
STORET_Rhode_TM3.2_19840710_      1710,STORET_Rhode,TM3.2,00011,83.0,,1984-07-10T17:10:00,41.841944,-71.341944,US,Rhode,RI_Providence,"CENTRAL POND AT NEWMAN AVE., E. PROVIDENCE / NARRAGANSETT / TEN MILE",00011,STORET Rhode,,HWIN-VAR-001,83.0,
STORET_Rhode_TM3.2_19840710_      1725,STORET_Rhode,TM3.2,00011,92.0,,1984-07-10T17:25:00,41.841944,-71.341944,US,Rhode,RI_Providence,"CENTRAL POND AT NEWMAN AVE., E. PROVIDENCE / NARRAGANSETT / TEN MILE",00011,STORET Rhode,,HWIN-VAR-001,92.0,
STORET_Rhode_TM3.2_19840710_      1735,STORET_Rhode,TM3.2,00011,94.0,,1984-07-10T17:35:00,41.841944,-71.341944,US,Rhode,RI_Providence,"CENTRAL POND AT NEWMAN AVE., E. PROVIDENCE / NARRAGANSETT / TEN MILE",00011,STORET Rhode,,HWIN-VAR-001,94.0,
STORET_Rhode_TM3.2_19840710_      1742,STORET_Rhode,TM3.2,00011,83.0,,1984-07-10T17:42:00,41.841944,-71.341944,US,Rhode,RI_Providence,"CENTRAL POND AT NEWMAN AVE., E. PROVIDENCE / NARRAGANSETT / TEN MILE",00011,STORET Rhode,,HWIN-VAR-001,83.0,
STORET_Rhode_TM5.8_19840709_      0735,STORET_Rhode,TM5.8,00011,80.0,,1984-07-09T07:35:00,41.874444,-71.341111,US,Rhode,RI_Providence,"ARMISTICE BLVD., PAWTUCKET / NARRAGANSETT / TEN MILE",00011,STORET Rhode,,HWIN-VAR-001,80.0,
STORET_Rhode_TM5.8_19840709_      0730,STORET_Rhode,TM5.8,00011,63.0,,1984-07-09T07:30:00,41.874444,-71.341111,US,Rhode,RI_Providence,"ARMISTICE BLVD., PAWTUCKET / NARRAGANSETT / TEN MILE",00011,STORET Rhode,,HWIN-VAR-001,63.0,
STORET_Rhode_TM5.8_19840709_      0711,STORET_Rhode,TM5.8,00011,67.0,,1984-07-09T07:11:00,41.874444,-71.341111,US,Rhode,RI_Providence,"ARMISTICE BLVD., PAWTUCKET / NARRAGANSETT / TEN MILE",00011,STORET Rhode,,HWIN-VAR-001,67.0,
STORET_Rhode_TM5.8_19840709_      0720,STORET_Rhode,TM5.8,00011,63.0,,1984-07-09T07:20:00,41.874444,-71.341111,US,Rhode,RI_Providence,"ARMISTICE BLVD., PAWTUCKET / NARRAGANSETT / TEN MILE",00011,STORET Rhode,,HWIN-VAR-001,63.0,
STORET_Rhode_TM5.8_19840710_      1043,STORET_Rhode,TM5.8,00011,82.0,,1984-07-10T10:43:00,41.874444,-71.341111,US,Rhode,RI_Providence,"ARMISTICE BLVD., PAWTUCKET / NARRAGANSETT / TEN MILE",00011,STORET Rhode,,HWIN-VAR-001,82.0,
STORET_Rhode_TM5.8_19840710_      1028,STORET_Rhode,TM5.8,00011,66.0,,1984-07-10T10:28:00,41.874444,-71.341111,US,Rhode,RI_Providence,"ARMISTICE BLVD., PAWTUCKET / NARRAGANSETT / TEN MILE",00011,STORET Rhode,,HWIN-VAR-001,66.0,
STORET_Rhode_TM5.8_19840710_      1000,STORET_Rhode,TM5.8,00011,66.0,,1984-07-10T10:00:00,41.874444,-71.341111,US,Rhode,RI_Providence,"ARMISTICE BLVD., PAWTUCKET / NARRAGANSETT / TEN MILE",00011,STORET Rhode,,HWIN-VAR-001,66.0,
STORET_Rhode_TM5.8_19840710_      0930,STORET_Rhode,TM5.8,00011,74.0,,1984-07-10T09:30:00,41.874444,-71.341111,US,Rhode,RI_Providence,"ARMISTICE BLVD., PAWTUCKET / NARRAGANSETT / TEN MILE",00011,STORET Rhode,,HWIN-VAR-001,74.0,
STORET_Rhode_TM5.8_19840710_      0910,STORET_Rhode,TM5.8,00011,72.0,,1984-07-10T09:10:00,41.874444,-71.341111,US,Rhode,RI_Providence,"ARMISTICE BLVD., PAWTUCKET / NARRAGANSETT / TEN MILE",00011,STORET Rhode,,HWIN-VAR-001,72.0,
STORET_Rhode_TM5.8_19840710_      0751,STORET_Rhode,TM5.8,00011,69.0,,1984-07-10T07:51:00,41.874444,-71.341111,US,Rhode,RI_Providence,"ARMISTICE BLVD., PAWTUCKET / NARRAGANSETT / TEN MILE",00011,STORET Rhode,,HWIN-VAR-001,69.0,
STORET_Rhode_TM5.8_19840710_      0758,STORET_Rhode,TM5.8,00011,68.0,,1984-07-10T07:58:00,41.874444,-71.341111,US,Rhode,RI_Providence,"ARMISTICE BLVD., PAWTUCKET / NARRAGANSETT / TEN MILE",00011,STORET Rhode,,HWIN-VAR-001,68.0,
STORET_Rhode_TM5.8_19840710_      0805,STORET_Rhode,TM5.8,00011,64.0,,1984-07-10T08:05:00,41.874444,-71.341111,US,Rhode,RI_Providence,"ARMISTICE BLVD., PAWTUCKET / NARRAGANSETT / TEN MILE",00011,STORET Rhode,,HWIN-VAR-001,64.0,
STORET_Rhode_TM5.8_19840710_      0825,STORET_Rhode,TM5.8,00011,54.0,,1984-07-10T08:25:00,41.874444,-71.341111,US,Rhode,RI_Providence,"ARMISTICE BLVD., PAWTUCKET / NARRAGANSETT / TEN MILE",00011,STORET Rhode,,HWIN-VAR-001,54.0,
STORET_Rhode_TM5.8_19840710_      0832,STORET_Rhode,TM5.8,00011,63.0,,1984-07-10T08:32:00,41.874444,-71.341111,US,Rhode,RI_Providence,"ARMISTICE BLVD., PAWTUCKET / NARRAGANSETT / TEN MILE",00011,STORET Rhode,,HWIN-VAR-001,63.0,
STORET_Rhode_TM5.8_19840710_      0840,STORET_Rhode,TM5.8,00011,63.0,,1984-07-10T08:40:00,41.874444,-71.341111,US,Rhode,RI_Providence,"ARMISTICE BLVD., PAWTUCKET / NARRAGANSETT / TEN MILE",00011,STORET Rhode,,HWIN-VAR-001,63.0,
STORET_Rhode_TM5.8_19840710_      0846,STORET_Rhode,TM5.8,00011,52.0,,1984-07-10T08:46:00,41.874444,-71.341111,US,Rhode,RI_Providence,"ARMISTICE BLVD., PAWTUCKET / NARRAGANSETT / TEN MILE",00011,STORET Rhode,,HWIN-VAR-001,52.0,
STORET_Rhode_TM5.8_19840710_      0851,STORET_Rhode,TM5.8,00011,63.0,,1984-07-10T08:51:00,41.874444,-71.341111,US,Rhode,RI_Providence,"ARMISTICE BLVD., PAWTUCKET / NARRAGANSETT / TEN MILE",00011,STORET Rhode,,HWIN-VAR-001,63.0,
STORET_Rhode_TM5.8_19840710_      0900,STORET_Rhode,TM5.8,00011,70.0,,1984-07-10T09:00:00,41.874444,-71.341111,US,Rhode,RI_Providence,"ARMISTICE BLVD., PAWTUCKET / NARRAGANSETT / TEN MILE",00011,STORET Rhode,,HWIN-VAR-001,70.0,
STORET_Rhode_TM5.8_19840710_      0743,STORET_Rhode,TM5.8,00011,68.0,,1984-07-10T07:43:00,41.874444,-71.341111,US,Rhode,RI_Providence,"ARMISTICE BLVD., PAWTUCKET / NARRAGANSETT / TEN MILE",00011,STORET Rhode,,HWIN-VAR-001,68.0,
STORET_Rhode_TM5.8_19840710_      0920,STORET_Rhode,TM5.8,00011,69.0,,1984-07-10T09:20:00,41.874444,-71.341111,US,Rhode,RI_Providence,"ARMISTICE BLVD., PAWTUCKET / NARRAGANSETT / TEN MILE",00011,STORET Rhode,,HWIN-VAR-001,69.0,
STORET_Rhode_TM5.8_19840710_      0946,STORET_Rhode,TM5.8,00011,68.0,,1984-07-10T09:46:00,41.874444,-71.341111,US,Rhode,RI_Providence,"ARMISTICE BLVD., PAWTUCKET / NARRAGANSETT / TEN MILE",00011,STORET Rhode,,HWIN-VAR-001,68.0,
STORET_Rhode_TM5.8_19840710_      1010,STORET_Rhode,TM5.8,00011,76.0,,1984-07-10T10:10:00,41.874444,-71.341111,US,Rhode,RI_Providence,"ARMISTICE BLVD., PAWTUCKET / NARRAGANSETT / TEN MILE",00011,STORET Rhode,,HWIN-VAR-001,76.0,
STORET_Rhode_TTPAWTUXET01_19730723_      1500,STORET_Rhode,TTPAWTUXET01,00060,244.0,,1973-07-23T15:00:00,41.783333,-71.438333,US,Rhode,RI_Providence,PAWTUXET RIVER TIME OF TRAVEL / PAWTUXET RIVER / NARRAGANSETT BAY,00060,STORET Rhode,,HWIN-VAR-006,244.0,
STORET_Rhode_TTPAWTUXET01_19730723_      0900,STORET_Rhode,TTPAWTUXET01,00060,244.0,,1973-07-23T09:00:00,41.783333,-71.438333,US,Rhode,RI_Providence,PAWTUXET RIVER TIME OF TRAVEL / PAWTUXET RIVER / NARRAGANSETT BAY,00060,STORET Rhode,,HWIN-VAR-006,244.0,
STORET_Rhode_TTPAWTUXET01_19730807_      1200,STORET_Rhode,TTPAWTUXET01,00060,244.0,,1973-08-07T12:00:00,41.783333,-71.438333,US,Rhode,RI_Providence,PAWTUXET RIVER TIME OF TRAVEL / PAWTUXET RIVER / NARRAGANSETT BAY,00060,STORET Rhode,,HWIN-VAR-006,244.0,
STORET_Rhode_440301_19720604_      1610,STORET_Rhode,440301,00077,31.0,,1972-06-04T16:10:00,41.833333,-71.341667,US,Rhode,RI_Providence,TURNER RESERVOIR /  /,00077,STORET Rhode,,HWIN-VAR-004,31.0,
STORET_Rhode_440301_19720801_      1635,STORET_Rhode,440301,00077,36.0,,1972-08-01T16:35:00,41.833333,-71.341667,US,Rhode,RI_Providence,TURNER RESERVOIR /  /,00077,STORET Rhode,,HWIN-VAR-004,36.0,
STORET_Rhode_440301_19721006_      1445,STORET_Rhode,440301,00077,30.0,,1972-10-06T14:45:00,41.833333,-71.341667,US,Rhode,RI_Providence,TURNER RESERVOIR /  /,00077,STORET Rhode,,HWIN-VAR-004,30.0,
STORET_Rhode_1D1-018_19841108_      2500,STORET_Rhode,1D1-018,00078,1.85,,1984-11-08T00:00:00,41.969444,-71.729167,US,Rhode,RI_Providence,WILSON RESERVOIR /  /,00078,STORET Rhode,HOUR25,HWIN-VAR-004,1.85,
STORET_Rhode_1D1-067_19841108_      2500,STORET_Rhode,1D1-067,00078,1.4,,1984-11-08T00:00:00,41.971389,-71.772222,US,Rhode,RI_Providence,ROUND POND /  /,00078,STORET Rhode,HOUR25,HWIN-VAR-004,1.4,
STORET_Rhode_1D2-049_19841104_      2500,STORET_Rhode,1D2-049,00078,2.4,,1984-11-04T00:00:00,41.909722,-71.65,US,Rhode,RI_Providence,SPRING GROVE POND /  /,00078,STORET Rhode,HOUR25,HWIN-VAR-004,2.4,
STORET_Rhode_1D2-069_19841104_      2500,STORET_Rhode,1D2-069,00078,0.9,,1984-11-04T00:00:00,41.772778,-71.660556,US,Rhode,RI_Providence,KING POND /  /,00078,STORET Rhode,HOUR25,HWIN-VAR-004,0.9,
STORET_Rhode_1D3-026_19841104_      2500,STORET_Rhode,1D3-026,00078,2.1,,1984-11-04T00:00:00,41.983333,-71.395833,US,Rhode,RI_Providence,ARNOLD MILLS RES /  /,00078,STORET Rhode,HOUR25,HWIN-VAR-004,2.1,
STORET_Rhode_1D1-018_19841108_      2500,STORET_Rhode,1D1-018,00080,30.0,,1984-11-08T00:00:00,41.969444,-71.729167,US,Rhode,RI_Providence,WILSON RESERVOIR /  /,00080,STORET Rhode,HOUR25,HWIN-VAR-004,30.0,
STORET_Rhode_1D1-067_19841108_      2500,STORET_Rhode,1D1-067,00080,40.0,,1984-11-08T00:00:00,41.971389,-71.772222,US,Rhode,RI_Providence,ROUND POND /  /,00080,STORET Rhode,HOUR25,HWIN-VAR-004,40.0,
STORET_Rhode_1D2-049_19841104_      2500,STORET_Rhode,1D2-049,00080,25.0,,1984-11-04T00:00:00,41.909722,-71.65,US,Rhode,RI_Providence,SPRING GROVE POND /  /,00080,STORET Rhode,HOUR25,HWIN-VAR-004,25.0,
STORET_Rhode_1D2-069_19841104_      2500,STORET_Rhode,1D2-069,00080,10.0,,1984-11-04T00:00:00,41.772778,-71.660556,US,Rhode,RI_Providence,KING POND /  /,00080,STORET Rhode,HOUR25,HWIN-VAR-004,10.0,
STORET_Rhode_1D3-026_19841104_      2500,STORET_Rhode,1D3-026,00080,35.0,,1984-11-04T00:00:00,41.983333,-71.395833,US,Rhode,RI_Providence,ARNOLD MILLS RES /  /,00080,STORET Rhode,HOUR25,HWIN-VAR-004,35.0,
STORET_Rhode_TM0.8_19840619_      2500,STORET_Rhode,TM0.8,00095,202.0,,1984-06-19T00:00:00,41.833333,-71.360556,US,Rhode,RI_Providence,"ROGER WILLIAMS AVE., E. PROVIDENCE / NARRAGANSETT / TEN MILE",00095,STORET Rhode,HOUR25,HWIN-VAR-005,202.0,
STORET_Rhode_TM0.8_19840620_      2500,STORET_Rhode,TM0.8,00095,204.0,,1984-06-20T00:00:00,41.833333,-71.360556,US,Rhode,RI_Providence,"ROGER WILLIAMS AVE., E. PROVIDENCE / NARRAGANSETT / TEN MILE",00095,STORET Rhode,HOUR25,HWIN-VAR-005,204.0,
STORET_Rhode_TM0.8_19840709_      2500,STORET_Rhode,TM0.8,00095,235.0,,1984-07-09T00:00:00,41.833333,-71.360556,US,Rhode,RI_Providence,"ROGER WILLIAMS AVE., E. PROVIDENCE / NARRAGANSETT / TEN MILE",00095,STORET Rhode,HOUR25,HWIN-VAR-005,235.0,
STORET_Rhode_TM0.8_19840710_      2500,STORET_Rhode,TM0.8,00095,235.0,,1984-07-10T00:00:00,41.833333,-71.360556,US,Rhode,RI_Providence,"ROGER WILLIAMS AVE., E. PROVIDENCE / NARRAGANSETT / TEN MILE",00095,STORET Rhode,HOUR25,HWIN-VAR-005,235.0,
STORET_Rhode_TM0.8_19840724_      2500,STORET_Rhode,TM0.8,00095,194.0,,1984-07-24T00:00:00,41.833333,-71.360556,US,Rhode,RI_Providence,"ROGER WILLIAMS AVE., E. PROVIDENCE / NARRAGANSETT / TEN MILE",00095,STORET Rhode,HOUR25,HWIN-VAR-005,194.0,
STORET_Rhode_TM0.8_19840725_      2500,STORET_Rhode,TM0.8,00095,80.0,,1984-07-25T00:00:00,41.833333,-71.360556,US,Rhode,RI_Providence,"ROGER WILLIAMS AVE., E. PROVIDENCE / NARRAGANSETT / TEN MILE",00095,STORET Rhode,HOUR25,HWIN-VAR-005,80.0,
STORET_Rhode_TM3.2_19840619_      2500,STORET_Rhode,TM3.2,00095,202.0,,1984-06-19T00:00:00,41.841944,-71.341944,US,Rhode,RI_Providence,"CENTRAL POND AT NEWMAN AVE., E. PROVIDENCE / NARRAGANSETT / TEN MILE",00095,STORET Rhode,HOUR25,HWIN-VAR-005,202.0,
STORET_Rhode_TM3.2_19840620_      2500,STORET_Rhode,TM3.2,00095,197.0,,1984-06-20T00:00:00,41.841944,-71.341944,US,Rhode,RI_Providence,"CENTRAL POND AT NEWMAN AVE., E. PROVIDENCE / NARRAGANSETT / TEN MILE",00095,STORET Rhode,HOUR25,HWIN-VAR-005,197.0,
STORET_Rhode_TM3.2_19840709_      2500,STORET_Rhode,TM3.2,00095,188.0,,1984-07-09T00:00:00,41.841944,-71.341944,US,Rhode,RI_Providence,"CENTRAL POND AT NEWMAN AVE., E. PROVIDENCE / NARRAGANSETT / TEN MILE",00095,STORET Rhode,HOUR25,HWIN-VAR-005,188.0,
STORET_Rhode_TM3.2_19840710_      2500,STORET_Rhode,TM3.2,00095,195.0,,1984-07-10T00:00:00,41.841944,-71.341944,US,Rhode,RI_Providence,"CENTRAL POND AT NEWMAN AVE., E. PROVIDENCE / NARRAGANSETT / TEN MILE",00095,STORET Rhode,HOUR25,HWIN-VAR-005,195.0,
STORET_Rhode_TM3.2_19840724_      2500,STORET_Rhode,TM3.2,00095,177.0,,1984-07-24T00:00:00,41.841944,-71.341944,US,Rhode,RI_Providence,"CENTRAL POND AT NEWMAN AVE., E. PROVIDENCE / NARRAGANSETT / TEN MILE",00095,STORET Rhode,HOUR25,HWIN-VAR-005,177.0,
STORET_Rhode_TM3.2_19840725_      2500,STORET_Rhode,TM3.2,00095,27.0,,1984-07-25T00:00:00,41.841944,-71.341944,US,Rhode,RI_Providence,"CENTRAL POND AT NEWMAN AVE., E. PROVIDENCE / NARRAGANSETT / TEN MILE",00095,STORET Rhode,HOUR25,HWIN-VAR-005,27.0,
STORET_Rhode_TM5.8_19840619_      2500,STORET_Rhode,TM5.8,00095,222.0,,1984-06-19T00:00:00,41.874444,-71.341111,US,Rhode,RI_Providence,"ARMISTICE BLVD., PAWTUCKET / NARRAGANSETT / TEN MILE",00095,STORET Rhode,HOUR25,HWIN-VAR-005,222.0,
STORET_Rhode_TM5.8_19840620_      2500,STORET_Rhode,TM5.8,00095,215.0,,1984-06-20T00:00:00,41.874444,-71.341111,US,Rhode,RI_Providence,"ARMISTICE BLVD., PAWTUCKET / NARRAGANSETT / TEN MILE",00095,STORET Rhode,HOUR25,HWIN-VAR-005,215.0,
STORET_Rhode_TM5.8_19840709_      2500,STORET_Rhode,TM5.8,00095,175.0,,1984-07-09T00:00:00,41.874444,-71.341111,US,Rhode,RI_Providence,"ARMISTICE BLVD., PAWTUCKET / NARRAGANSETT / TEN MILE",00095,STORET Rhode,HOUR25,HWIN-VAR-005,175.0,
STORET_Rhode_TM5.8_19840710_      2500,STORET_Rhode,TM5.8,00095,193.0,,1984-07-10T00:00:00,41.874444,-71.341111,US,Rhode,RI_Providence,"ARMISTICE BLVD., PAWTUCKET / NARRAGANSETT / TEN MILE",00095,STORET Rhode,HOUR25,HWIN-VAR-005,193.0,
STORET_Rhode_TM5.8_19840724_      2500,STORET_Rhode,TM5.8,00095,209.0,,1984-07-24T00:00:00,41.874444,-71.341111,US,Rhode,RI_Providence,"ARMISTICE BLVD., PAWTUCKET / NARRAGANSETT / TEN MILE",00095,STORET Rhode,HOUR25,HWIN-VAR-005,209.0,
STORET_Rhode_TM5.8_19840725_      2500,STORET_Rhode,TM5.8,00095,232.0,,1984-07-25T00:00:00,41.874444,-71.341111,US,Rhode,RI_Providence,"ARMISTICE BLVD., PAWTUCKET / NARRAGANSETT / TEN MILE",00095,STORET Rhode,HOUR25,HWIN-VAR-005,232.0,
STORET_Rhode_440301_19720604_      1610,STORET_Rhode,440301,00095,220.0,,1972-06-04T16:10:00,41.833333,-71.341667,US,Rhode,RI_Providence,TURNER RESERVOIR /  /,00095,STORET Rhode,,HWIN-VAR-005,220.0,
STORET_Rhode_440301_19720801_      1635,STORET_Rhode,440301,00095,230.0,,1972-08-01T16:35:00,41.833333,-71.341667,US,Rhode,RI_Providence,TURNER RESERVOIR /  /,00095,STORET Rhode,,HWIN-VAR-005,230.0,
STORET_Rhode_440301_19720801_      1635,STORET_Rhode,440301,00095,220.0,,1972-08-01T16:35:00,41.833333,-71.341667,US,Rhode,RI_Providence,TURNER RESERVOIR /  /,00095,STORET Rhode,,HWIN-VAR-005,220.0,
STORET_Rhode_440301_19721006_      1445,STORET_Rhode,440301,00095,260.0,,1972-10-06T14:45:00,41.833333,-71.341667,US,Rhode,RI_Providence,TURNER RESERVOIR /  /,00095,STORET Rhode,,HWIN-VAR-005,260.0,
STORET_Rhode_1D1-018_19841108_      2500,STORET_Rhode,1D1-018,00095,51.85,,1984-11-08T00:00:00,41.969444,-71.729167,US,Rhode,RI_Providence,WILSON RESERVOIR /  /,00095,STORET Rhode,HOUR25,HWIN-VAR-005,51.85,
STORET_Rhode_1D1-067_19841108_      2500,STORET_Rhode,1D1-067,00095,43.4,,1984-11-08T00:00:00,41.971389,-71.772222,US,Rhode,RI_Providence,ROUND POND /  /,00095,STORET Rhode,HOUR25,HWIN-VAR-005,43.4,
STORET_Rhode_1D2-049_19841104_      2500,STORET_Rhode,1D2-049,00095,65.4,,1984-11-04T00:00:00,41.909722,-71.65,US,Rhode,RI_Providence,SPRING GROVE POND /  /,00095,STORET Rhode,HOUR25,HWIN-VAR-005,65.4,
STORET_Rhode_1D2-069_19841104_      2500,STORET_Rhode,1D2-069,00095,29.7,,1984-11-04T00:00:00,41.772778,-71.660556,US,Rhode,RI_Providence,KING POND /  /,00095,STORET Rhode,HOUR25,HWIN-VAR-005,29.7,
STORET_Rhode_1D3-026_19841104_      2500,STORET_Rhode,1D3-026,00095,82.7,,1984-11-04T00:00:00,41.983333,-71.395833,US,Rhode,RI_Providence,ARNOLD MILLS RES /  /,00095,STORET Rhode,HOUR25,HWIN-VAR-005,82.7,
STORET_Rhode_440301_19720604_      1610,STORET_Rhode,440301,00300,4.0,,1972-06-04T16:10:00,41.833333,-71.341667,US,Rhode,RI_Providence,TURNER RESERVOIR /  /,00300,STORET Rhode,,HWIN-VAR-003,4.0,
STORET_Rhode_440301_19720801_      1635,STORET_Rhode,440301,00300,5.2,,1972-08-01T16:35:00,41.833333,-71.341667,US,Rhode,RI_Providence,TURNER RESERVOIR /  /,00300,STORET Rhode,,HWIN-VAR-003,5.2,
STORET_Rhode_TM3.2_19840710_      1812,STORET_Rhode,TM3.2,00301,66.0,,1984-07-10T18:12:00,41.841944,-71.341944,US,Rhode,RI_Providence,"CENTRAL POND AT NEWMAN AVE., E. PROVIDENCE / NARRAGANSETT / TEN MILE",00301,STORET Rhode,,HWIN-VAR-014,66.0,
STORET_Rhode_TM3.2_19840710_      1717,STORET_Rhode,TM3.2,00301,71.0,,1984-07-10T17:17:00,41.841944,-71.341944,US,Rhode,RI_Providence,"CENTRAL POND AT NEWMAN AVE., E. PROVIDENCE / NARRAGANSETT / TEN MILE",00301,STORET Rhode,,HWIN-VAR-014,71.0,
STORET_Rhode_TM3.2_19840710_      1700,STORET_Rhode,TM3.2,00301,72.0,,1984-07-10T17:00:00,41.841944,-71.341944,US,Rhode,RI_Providence,"CENTRAL POND AT NEWMAN AVE., E. PROVIDENCE / NARRAGANSETT / TEN MILE",00301,STORET Rhode,,HWIN-VAR-014,72.0,
STORET_Rhode_TM3.2_19840710_      1645,STORET_Rhode,TM3.2,00301,75.0,,1984-07-10T16:45:00,41.841944,-71.341944,US,Rhode,RI_Providence,"CENTRAL POND AT NEWMAN AVE., E. PROVIDENCE / NARRAGANSETT / TEN MILE",00301,STORET Rhode,,HWIN-VAR-014,75.0,
STORET_Rhode_TM3.2_19840710_      1550,STORET_Rhode,TM3.2,00301,73.0,,1984-07-10T15:50:00,41.841944,-71.341944,US,Rhode,RI_Providence,"CENTRAL POND AT NEWMAN AVE., E. PROVIDENCE / NARRAGANSETT / TEN MILE",00301,STORET Rhode,,HWIN-VAR-014,73.0,
STORET_Rhode_TM3.2_19840710_      1555,STORET_Rhode,TM3.2,00301,74.0,,1984-07-10T15:55:00,41.841944,-71.341944,US,Rhode,RI_Providence,"CENTRAL POND AT NEWMAN AVE., E. PROVIDENCE / NARRAGANSETT / TEN MILE",00301,STORET Rhode,,HWIN-VAR-014,74.0,
STORET_Rhode_TM3.2_19840710_      1600,STORET_Rhode,TM3.2,00301,71.0,,1984-07-10T16:00:00,41.841944,-71.341944,US,Rhode,RI_Providence,"CENTRAL POND AT NEWMAN AVE., E. PROVIDENCE / NARRAGANSETT / TEN MILE",00301,STORET Rhode,,HWIN-VAR-014,71.0,
STORET_Rhode_TM3.2_19840710_      1606,STORET_Rhode,TM3.2,00301,70.0,,1984-07-10T16:06:00,41.841944,-71.341944,US,Rhode,RI_Providence,"CENTRAL POND AT NEWMAN AVE., E. PROVIDENCE / NARRAGANSETT / TEN MILE",00301,STORET Rhode,,HWIN-VAR-014,70.0,
STORET_Rhode_TM3.2_19840710_      1615,STORET_Rhode,TM3.2,00301,70.0,,1984-07-10T16:15:00,41.841944,-71.341944,US,Rhode,RI_Providence,"CENTRAL POND AT NEWMAN AVE., E. PROVIDENCE / NARRAGANSETT / TEN MILE",00301,STORET Rhode,,HWIN-VAR-014,70.0,
STORET_Rhode_TM3.2_19840710_      1624,STORET_Rhode,TM3.2,00301,70.0,,1984-07-10T16:24:00,41.841944,-71.341944,US,Rhode,RI_Providence,"CENTRAL POND AT NEWMAN AVE., E. PROVIDENCE / NARRAGANSETT / TEN MILE",00301,STORET Rhode,,HWIN-VAR-014,70.0,
STORET_Rhode_TM3.2_19840710_      1630,STORET_Rhode,TM3.2,00301,70.0,,1984-07-10T16:30:00,41.841944,-71.341944,US,Rhode,RI_Providence,"CENTRAL POND AT NEWMAN AVE., E. PROVIDENCE / NARRAGANSETT / TEN MILE",00301,STORET Rhode,,HWIN-VAR-014,70.0,
STORET_Rhode_TM3.2_19840710_      1635,STORET_Rhode,TM3.2,00301,69.0,,1984-07-10T16:35:00,41.841944,-71.341944,US,Rhode,RI_Providence,"CENTRAL POND AT NEWMAN AVE., E. PROVIDENCE / NARRAGANSETT / TEN MILE",00301,STORET Rhode,,HWIN-VAR-014,69.0,
STORET_Rhode_TM3.2_19840710_      1640,STORET_Rhode,TM3.2,00301,71.0,,1984-07-10T16:40:00,41.841944,-71.341944,US,Rhode,RI_Providence,"CENTRAL POND AT NEWMAN AVE., E. PROVIDENCE / NARRAGANSETT / TEN MILE",00301,STORET Rhode,,HWIN-VAR-014,71.0,
STORET_Rhode_TM3.2_19840710_      1515,STORET_Rhode,TM3.2,00301,73.0,,1984-07-10T15:15:00,41.841944,-71.341944,US,Rhode,RI_Providence,"CENTRAL POND AT NEWMAN AVE., E. PROVIDENCE / NARRAGANSETT / TEN MILE",00301,STORET Rhode,,HWIN-VAR-014,73.0,
STORET_Rhode_TM3.2_19840710_      1522,STORET_Rhode,TM3.2,00301,68.0,,1984-07-10T15:22:00,41.841944,-71.341944,US,Rhode,RI_Providence,"CENTRAL POND AT NEWMAN AVE., E. PROVIDENCE / NARRAGANSETT / TEN MILE",00301,STORET Rhode,,HWIN-VAR-014,68.0,
STORET_Rhode_TM3.2_19840710_      1530,STORET_Rhode,TM3.2,00301,72.0,,1984-07-10T15:30:00,41.841944,-71.341944,US,Rhode,RI_Providence,"CENTRAL POND AT NEWMAN AVE., E. PROVIDENCE / NARRAGANSETT / TEN MILE",00301,STORET Rhode,,HWIN-VAR-014,72.0,
STORET_Rhode_TM3.2_19840710_      1537,STORET_Rhode,TM3.2,00301,71.0,,1984-07-10T15:37:00,41.841944,-71.341944,US,Rhode,RI_Providence,"CENTRAL POND AT NEWMAN AVE., E. PROVIDENCE / NARRAGANSETT / TEN MILE",00301,STORET Rhode,,HWIN-VAR-014,71.0,
STORET_Rhode_TM3.2_19840710_      1544,STORET_Rhode,TM3.2,00301,76.0,,1984-07-10T15:44:00,41.841944,-71.341944,US,Rhode,RI_Providence,"CENTRAL POND AT NEWMAN AVE., E. PROVIDENCE / NARRAGANSETT / TEN MILE",00301,STORET Rhode,,HWIN-VAR-014,76.0,
STORET_Rhode_TM3.2_19840710_      1653,STORET_Rhode,TM3.2,00301,68.0,,1984-07-10T16:53:00,41.841944,-71.341944,US,Rhode,RI_Providence,"CENTRAL POND AT NEWMAN AVE., E. PROVIDENCE / NARRAGANSETT / TEN MILE",00301,STORET Rhode,,HWIN-VAR-014,68.0,
STORET_Rhode_TM3.2_19840710_      1710,STORET_Rhode,TM3.2,00301,74.0,,1984-07-10T17:10:00,41.841944,-71.341944,US,Rhode,RI_Providence,"CENTRAL POND AT NEWMAN AVE., E. PROVIDENCE / NARRAGANSETT / TEN MILE",00301,STORET Rhode,,HWIN-VAR-014,74.0,
STORET_Rhode_TM3.2_19840710_      1725,STORET_Rhode,TM3.2,00301,72.0,,1984-07-10T17:25:00,41.841944,-71.341944,US,Rhode,RI_Providence,"CENTRAL POND AT NEWMAN AVE., E. PROVIDENCE / NARRAGANSETT / TEN MILE",00301,STORET Rhode,,HWIN-VAR-014,72.0,
STORET_Rhode_TM3.2_19840710_      1758,STORET_Rhode,TM3.2,00301,69.0,,1984-07-10T17:58:00,41.841944,-71.341944,US,Rhode,RI_Providence,"CENTRAL POND AT NEWMAN AVE., E. PROVIDENCE / NARRAGANSETT / TEN MILE",00301,STORET Rhode,,HWIN-VAR-014,69.0,
STORET_Rhode_TM3.2_19840710_      1742,STORET_Rhode,TM3.2,00301,73.0,,1984-07-10T17:42:00,41.841944,-71.341944,US,Rhode,RI_Providence,"CENTRAL POND AT NEWMAN AVE., E. PROVIDENCE / NARRAGANSETT / TEN MILE",00301,STORET Rhode,,HWIN-VAR-014,73.0,
STORET_Rhode_TM3.2_19840710_      1735,STORET_Rhode,TM3.2,00301,75.0,,1984-07-10T17:35:00,41.841944,-71.341944,US,Rhode,RI_Providence,"CENTRAL POND AT NEWMAN AVE., E. PROVIDENCE / NARRAGANSETT / TEN MILE",00301,STORET Rhode,,HWIN-VAR-014,75.0,
STORET_Rhode_TM5.8_19840709_      0735,STORET_Rhode,TM5.8,00301,71.0,,1984-07-09T07:35:00,41.874444,-71.341111,US,Rhode,RI_Providence,"ARMISTICE BLVD., PAWTUCKET / NARRAGANSETT / TEN MILE",00301,STORET Rhode,,HWIN-VAR-014,71.0,
STORET_Rhode_TM5.8_19840709_      0730,STORET_Rhode,TM5.8,00301,66.0,,1984-07-09T07:30:00,41.874444,-71.341111,US,Rhode,RI_Providence,"ARMISTICE BLVD., PAWTUCKET / NARRAGANSETT / TEN MILE",00301,STORET Rhode,,HWIN-VAR-014,66.0,
STORET_Rhode_TM5.8_19840709_      0711,STORET_Rhode,TM5.8,00301,63.0,,1984-07-09T07:11:00,41.874444,-71.341111,US,Rhode,RI_Providence,"ARMISTICE BLVD., PAWTUCKET / NARRAGANSETT / TEN MILE",00301,STORET Rhode,,HWIN-VAR-014,63.0,
STORET_Rhode_TM5.8_19840709_      0703,STORET_Rhode,TM5.8,00301,62.0,,1984-07-09T07:03:00,41.874444,-71.341111,US,Rhode,RI_Providence,"ARMISTICE BLVD., PAWTUCKET / NARRAGANSETT / TEN MILE",00301,STORET Rhode,,HWIN-VAR-014,62.0,
STORET_Rhode_TM5.8_19840709_      0720,STORET_Rhode,TM5.8,00301,62.0,,1984-07-09T07:20:00,41.874444,-71.341111,US,Rhode,RI_Providence,"ARMISTICE BLVD., PAWTUCKET / NARRAGANSETT / TEN MILE",00301,STORET Rhode,,HWIN-VAR-014,62.0,
STORET_Rhode_TM5.8_19840710_      1043,STORET_Rhode,TM5.8,00301,67.0,,1984-07-10T10:43:00,41.874444,-71.341111,US,Rhode,RI_Providence,"ARMISTICE BLVD., PAWTUCKET / NARRAGANSETT / TEN MILE",00301,STORET Rhode,,HWIN-VAR-014,67.0,
STORET_Rhode_TM5.8_19840710_      0946,STORET_Rhode,TM5.8,00301,69.0,,1984-07-10T09:46:00,41.874444,-71.341111,US,Rhode,RI_Providence,"ARMISTICE BLVD., PAWTUCKET / NARRAGANSETT / TEN MILE",00301,STORET Rhode,,HWIN-VAR-014,69.0,
STORET_Rhode_TM5.8_19840710_      0920,STORET_Rhode,TM5.8,00301,69.0,,1984-07-10T09:20:00,41.874444,-71.341111,US,Rhode,RI_Providence,"ARMISTICE BLVD., PAWTUCKET / NARRAGANSETT / TEN MILE",00301,STORET Rhode,,HWIN-VAR-014,69.0,
STORET_Rhode_TM5.8_19840710_      0900,STORET_Rhode,TM5.8,00301,69.0,,1984-07-10T09:00:00,41.874444,-71.341111,US,Rhode,RI_Providence,"ARMISTICE BLVD., PAWTUCKET / NARRAGANSETT / TEN MILE",00301,STORET Rhode,,HWIN-VAR-014,69.0,
STORET_Rhode_TM5.8_19840710_      0846,STORET_Rhode,TM5.8,00301,66.0,,1984-07-10T08:46:00,41.874444,-71.341111,US,Rhode,RI_Providence,"ARMISTICE BLVD., PAWTUCKET / NARRAGANSETT / TEN MILE",00301,STORET Rhode,,HWIN-VAR-014,66.0,
STORET_Rhode_TM5.8_19840710_      0743,STORET_Rhode,TM5.8,00301,69.0,,1984-07-10T07:43:00,41.874444,-71.341111,US,Rhode,RI_Providence,"ARMISTICE BLVD., PAWTUCKET / NARRAGANSETT / TEN MILE",00301,STORET Rhode,,HWIN-VAR-014,69.0,
STORET_Rhode_TM5.8_19840710_      0751,STORET_Rhode,TM5.8,00301,67.0,,1984-07-10T07:51:00,41.874444,-71.341111,US,Rhode,RI_Providence,"ARMISTICE BLVD., PAWTUCKET / NARRAGANSETT / TEN MILE",00301,STORET Rhode,,HWIN-VAR-014,67.0,
STORET_Rhode_TM5.8_19840710_      0758,STORET_Rhode,TM5.8,00301,67.0,,1984-07-10T07:58:00,41.874444,-71.341111,US,Rhode,RI_Providence,"ARMISTICE BLVD., PAWTUCKET / NARRAGANSETT / TEN MILE",00301,STORET Rhode,,HWIN-VAR-014,67.0,
STORET_Rhode_TM5.8_19840710_      0805,STORET_Rhode,TM5.8,00301,67.0,,1984-07-10T08:05:00,41.874444,-71.341111,US,Rhode,RI_Providence,"ARMISTICE BLVD., PAWTUCKET / NARRAGANSETT / TEN MILE",00301,STORET Rhode,,HWIN-VAR-014,67.0,
STORET_Rhode_TM5.8_19840710_      0815,STORET_Rhode,TM5.8,00301,66.0,,1984-07-10T08:15:00,41.874444,-71.341111,US,Rhode,RI_Providence,"ARMISTICE BLVD., PAWTUCKET / NARRAGANSETT / TEN MILE",00301,STORET Rhode,,HWIN-VAR-014,66.0,
STORET_Rhode_TM5.8_19840710_      0825,STORET_Rhode,TM5.8,00301,70.0,,1984-07-10T08:25:00,41.874444,-71.341111,US,Rhode,RI_Providence,"ARMISTICE BLVD., PAWTUCKET / NARRAGANSETT / TEN MILE",00301,STORET Rhode,,HWIN-VAR-014,70.0,
STORET_Rhode_TM5.8_19840710_      0832,STORET_Rhode,TM5.8,00301,67.0,,1984-07-10T08:32:00,41.874444,-71.341111,US,Rhode,RI_Providence,"ARMISTICE BLVD., PAWTUCKET / NARRAGANSETT / TEN MILE",00301,STORET Rhode,,HWIN-VAR-014,67.0,
STORET_Rhode_TM5.8_19840710_      0840,STORET_Rhode,TM5.8,00301,67.0,,1984-07-10T08:40:00,41.874444,-71.341111,US,Rhode,RI_Providence,"ARMISTICE BLVD., PAWTUCKET / NARRAGANSETT / TEN MILE",00301,STORET Rhode,,HWIN-VAR-014,67.0,
STORET_Rhode_TM5.8_19840710_      0851,STORET_Rhode,TM5.8,00301,68.0,,1984-07-10T08:51:00,41.874444,-71.341111,US,Rhode,RI_Providence,"ARMISTICE BLVD., PAWTUCKET / NARRAGANSETT / TEN MILE",00301,STORET Rhode,,HWIN-VAR-014,68.0,
STORET_Rhode_TM5.8_19840710_      0910,STORET_Rhode,TM5.8,00301,69.0,,1984-07-10T09:10:00,41.874444,-71.341111,US,Rhode,RI_Providence,"ARMISTICE BLVD., PAWTUCKET / NARRAGANSETT / TEN MILE",00301,STORET Rhode,,HWIN-VAR-014,69.0,
STORET_Rhode_TM5.8_19840710_      0930,STORET_Rhode,TM5.8,00301,69.0,,1984-07-10T09:30:00,41.874444,-71.341111,US,Rhode,RI_Providence,"ARMISTICE BLVD., PAWTUCKET / NARRAGANSETT / TEN MILE",00301,STORET Rhode,,HWIN-VAR-014,69.0,
STORET_Rhode_TM5.8_19840710_      1000,STORET_Rhode,TM5.8,00301,75.0,,1984-07-10T10:00:00,41.874444,-71.341111,US,Rhode,RI_Providence,"ARMISTICE BLVD., PAWTUCKET / NARRAGANSETT / TEN MILE",00301,STORET Rhode,,HWIN-VAR-014,75.0,
STORET_Rhode_TM5.8_19840710_      1028,STORET_Rhode,TM5.8,00301,68.0,,1984-07-10T10:28:00,41.874444,-71.341111,US,Rhode,RI_Providence,"ARMISTICE BLVD., PAWTUCKET / NARRAGANSETT / TEN MILE",00301,STORET Rhode,,HWIN-VAR-014,68.0,
STORET_Rhode_TM5.8_19840710_      1010,STORET_Rhode,TM5.8,00301,73.0,,1984-07-10T10:10:00,41.874444,-71.341111,US,Rhode,RI_Providence,"ARMISTICE BLVD., PAWTUCKET / NARRAGANSETT / TEN MILE",00301,STORET Rhode,,HWIN-VAR-014,73.0,
STORET_Rhode_440301_19720604_      1610,STORET_Rhode,440301,00301,44.4444,,1972-06-04T16:10:00,41.833333,-71.341667,US,Rhode,RI_Providence,TURNER RESERVOIR /  /,00301,STORET Rhode,$,HWIN-VAR-014,44.4444,
STORET_Rhode_440301_19720801_      1635,STORET_Rhode,440301,00301,61.1764,,1972-08-01T16:35:00,41.833333,-71.341667,US,Rhode,RI_Providence,TURNER RESERVOIR /  /,00301,STORET Rhode,$,HWIN-VAR-014,61.1764,
STORET_Rhode_TM0.8_19840619_      2500,STORET_Rhode,TM0.8,00310,1.8,,1984-06-19T00:00:00,41.833333,-71.360556,US,Rhode,RI_Providence,"ROGER WILLIAMS AVE., E. PROVIDENCE / NARRAGANSETT / TEN MILE",00310,STORET Rhode,HOUR25,HWIN-VAR-022,1.8,
STORET_Rhode_TM0.8_19840620_      2500,STORET_Rhode,TM0.8,00310,4.8,,1984-06-20T00:00:00,41.833333,-71.360556,US,Rhode,RI_Providence,"ROGER WILLIAMS AVE., E. PROVIDENCE / NARRAGANSETT / TEN MILE",00310,STORET Rhode,HOUR25,HWIN-VAR-022,4.8,
STORET_Rhode_TM0.8_19840709_      2500,STORET_Rhode,TM0.8,00310,3.6,,1984-07-09T00:00:00,41.833333,-71.360556,US,Rhode,RI_Providence,"ROGER WILLIAMS AVE., E. PROVIDENCE / NARRAGANSETT / TEN MILE",00310,STORET Rhode,HOUR25,HWIN-VAR-022,3.6,
STORET_Rhode_TM0.8_19840710_      2500,STORET_Rhode,TM0.8,00310,2.1,,1984-07-10T00:00:00,41.833333,-71.360556,US,Rhode,RI_Providence,"ROGER WILLIAMS AVE., E. PROVIDENCE / NARRAGANSETT / TEN MILE",00310,STORET Rhode,HOUR25,HWIN-VAR-022,2.1,
STORET_Rhode_TM0.8_19840724_      2500,STORET_Rhode,TM0.8,00310,2.7,,1984-07-24T00:00:00,41.833333,-71.360556,US,Rhode,RI_Providence,"ROGER WILLIAMS AVE., E. PROVIDENCE / NARRAGANSETT / TEN MILE",00310,STORET Rhode,HOUR25,HWIN-VAR-022,2.7,
STORET_Rhode_TM0.8_19840725_      2500,STORET_Rhode,TM0.8,00310,7.4,,1984-07-25T00:00:00,41.833333,-71.360556,US,Rhode,RI_Providence,"ROGER WILLIAMS AVE., E. PROVIDENCE / NARRAGANSETT / TEN MILE",00310,STORET Rhode,HOUR25,HWIN-VAR-022,7.4,
STORET_Rhode_TM3.2_19840619_      2500,STORET_Rhode,TM3.2,00310,2.7,,1984-06-19T00:00:00,41.841944,-71.341944,US,Rhode,RI_Providence,"CENTRAL POND AT NEWMAN AVE., E. PROVIDENCE / NARRAGANSETT / TEN MILE",00310,STORET Rhode,HOUR25,HWIN-VAR-022,2.7,
STORET_Rhode_TM3.2_19840620_      2500,STORET_Rhode,TM3.2,00310,4.5,,1984-06-20T00:00:00,41.841944,-71.341944,US,Rhode,RI_Providence,"CENTRAL POND AT NEWMAN AVE., E. PROVIDENCE / NARRAGANSETT / TEN MILE",00310,STORET Rhode,HOUR25,HWIN-VAR-022,4.5,
STORET_Rhode_TM3.2_19840709_      2500,STORET_Rhode,TM3.2,00310,3.2,,1984-07-09T00:00:00,41.841944,-71.341944,US,Rhode,RI_Providence,"CENTRAL POND AT NEWMAN AVE., E. PROVIDENCE / NARRAGANSETT / TEN MILE",00310,STORET Rhode,HOUR25,HWIN-VAR-022,3.2,
STORET_Rhode_TM3.2_19840710_      2500,STORET_Rhode,TM3.2,00310,3.3,,1984-07-10T00:00:00,41.841944,-71.341944,US,Rhode,RI_Providence,"CENTRAL POND AT NEWMAN AVE., E. PROVIDENCE / NARRAGANSETT / TEN MILE",00310,STORET Rhode,HOUR25,HWIN-VAR-022,3.3,
STORET_Rhode_TM3.2_19840724_      2500,STORET_Rhode,TM3.2,00310,0.9,,1984-07-24T00:00:00,41.841944,-71.341944,US,Rhode,RI_Providence,"CENTRAL POND AT NEWMAN AVE., E. PROVIDENCE / NARRAGANSETT / TEN MILE",00310,STORET Rhode,HOUR25,HWIN-VAR-022,0.9,
STORET_Rhode_TM3.2_19840725_      2500,STORET_Rhode,TM3.2,00310,7.3,,1984-07-25T00:00:00,41.841944,-71.341944,US,Rhode,RI_Providence,"CENTRAL POND AT NEWMAN AVE., E. PROVIDENCE / NARRAGANSETT / TEN MILE",00310,STORET Rhode,HOUR25,HWIN-VAR-022,7.3,
STORET_Rhode_TM5.8_19840619_      2500,STORET_Rhode,TM5.8,00310,4.2,,1984-06-19T00:00:00,41.874444,-71.341111,US,Rhode,RI_Providence,"ARMISTICE BLVD., PAWTUCKET / NARRAGANSETT / TEN MILE",00310,STORET Rhode,HOUR25,HWIN-VAR-022,4.2,
STORET_Rhode_TM5.8_19840620_      2500,STORET_Rhode,TM5.8,00310,4.8,,1984-06-20T00:00:00,41.874444,-71.341111,US,Rhode,RI_Providence,"ARMISTICE BLVD., PAWTUCKET / NARRAGANSETT / TEN MILE",00310,STORET Rhode,HOUR25,HWIN-VAR-022,4.8,
STORET_Rhode_TM5.8_19840709_      2500,STORET_Rhode,TM5.8,00310,1.5,,1984-07-09T00:00:00,41.874444,-71.341111,US,Rhode,RI_Providence,"ARMISTICE BLVD., PAWTUCKET / NARRAGANSETT / TEN MILE",00310,STORET Rhode,HOUR25,HWIN-VAR-022,1.5,
STORET_Rhode_TM5.8_19840710_      2500,STORET_Rhode,TM5.8,00310,3.3,,1984-07-10T00:00:00,41.874444,-71.341111,US,Rhode,RI_Providence,"ARMISTICE BLVD., PAWTUCKET / NARRAGANSETT / TEN MILE",00310,STORET Rhode,HOUR25,HWIN-VAR-022,3.3,
STORET_Rhode_TM5.8_19840724_      2500,STORET_Rhode,TM5.8,00310,3.0,,1984-07-24T00:00:00,41.874444,-71.341111,US,Rhode,RI_Providence,"ARMISTICE BLVD., PAWTUCKET / NARRAGANSETT / TEN MILE",00310,STORET Rhode,HOUR25,HWIN-VAR-022,3.0,
STORET_Rhode_TM5.8_19840725_      2500,STORET_Rhode,TM5.8,00310,2.4,,1984-07-25T00:00:00,41.874444,-71.341111,US,Rhode,RI_Providence,"ARMISTICE BLVD., PAWTUCKET / NARRAGANSETT / TEN MILE",00310,STORET Rhode,HOUR25,HWIN-VAR-022,2.4,
STORET_Rhode_TM0.8_19840619_      2500,STORET_Rhode,TM0.8,00340,51.0,,1984-06-19T00:00:00,41.833333,-71.360556,US,Rhode,RI_Providence,"ROGER WILLIAMS AVE., E. PROVIDENCE / NARRAGANSETT / TEN MILE",00340,STORET Rhode,HOUR25,HWIN-VAR-023,51.0,
STORET_Rhode_TM0.8_19840620_      2500,STORET_Rhode,TM0.8,00340,34.0,,1984-06-20T00:00:00,41.833333,-71.360556,US,Rhode,RI_Providence,"ROGER WILLIAMS AVE., E. PROVIDENCE / NARRAGANSETT / TEN MILE",00340,STORET Rhode,HOUR25,HWIN-VAR-023,34.0,
STORET_Rhode_TM0.8_19840709_      2500,STORET_Rhode,TM0.8,00340,42.0,,1984-07-09T00:00:00,41.833333,-71.360556,US,Rhode,RI_Providence,"ROGER WILLIAMS AVE., E. PROVIDENCE / NARRAGANSETT / TEN MILE",00340,STORET Rhode,HOUR25,HWIN-VAR-023,42.0,
STORET_Rhode_TM0.8_19840710_      2500,STORET_Rhode,TM0.8,00340,40.0,,1984-07-10T00:00:00,41.833333,-71.360556,US,Rhode,RI_Providence,"ROGER WILLIAMS AVE., E. PROVIDENCE / NARRAGANSETT / TEN MILE",00340,STORET Rhode,HOUR25,HWIN-VAR-023,40.0,
STORET_Rhode_TM0.8_19840724_      2500,STORET_Rhode,TM0.8,00340,50.0,,1984-07-24T00:00:00,41.833333,-71.360556,US,Rhode,RI_Providence,"ROGER WILLIAMS AVE., E. PROVIDENCE / NARRAGANSETT / TEN MILE",00340,STORET Rhode,HOUR25,HWIN-VAR-023,50.0,
STORET_Rhode_TM0.8_19840725_      2500,STORET_Rhode,TM0.8,00340,3.1,,1984-07-25T00:00:00,41.833333,-71.360556,US,Rhode,RI_Providence,"ROGER WILLIAMS AVE., E. PROVIDENCE / NARRAGANSETT / TEN MILE",00340,STORET Rhode,HOUR25,HWIN-VAR-023,3.1,
STORET_Rhode_TM3.2_19840619_      2500,STORET_Rhode,TM3.2,00340,41.0,,1984-06-19T00:00:00,41.841944,-71.341944,US,Rhode,RI_Providence,"CENTRAL POND AT NEWMAN AVE., E. PROVIDENCE / NARRAGANSETT / TEN MILE",00340,STORET Rhode,HOUR25,HWIN-VAR-023,41.0,
STORET_Rhode_TM3.2_19840620_      2500,STORET_Rhode,TM3.2,00340,29.0,,1984-06-20T00:00:00,41.841944,-71.341944,US,Rhode,RI_Providence,"CENTRAL POND AT NEWMAN AVE., E. PROVIDENCE / NARRAGANSETT / TEN MILE",00340,STORET Rhode,HOUR25,HWIN-VAR-023,29.0,
STORET_Rhode_TM3.2_19840709_      2500,STORET_Rhode,TM3.2,00340,33.0,,1984-07-09T00:00:00,41.841944,-71.341944,US,Rhode,RI_Providence,"CENTRAL POND AT NEWMAN AVE., E. PROVIDENCE / NARRAGANSETT / TEN MILE",00340,STORET Rhode,HOUR25,HWIN-VAR-023,33.0,
STORET_Rhode_TM3.2_19840710_      2500,STORET_Rhode,TM3.2,00340,10.0,,1984-07-10T00:00:00,41.841944,-71.341944,US,Rhode,RI_Providence,"CENTRAL POND AT NEWMAN AVE., E. PROVIDENCE / NARRAGANSETT / TEN MILE",00340,STORET Rhode,HOUR25,HWIN-VAR-023,10.0,
STORET_Rhode_TM3.2_19840724_      2500,STORET_Rhode,TM3.2,00340,41.0,,1984-07-24T00:00:00,41.841944,-71.341944,US,Rhode,RI_Providence,"CENTRAL POND AT NEWMAN AVE., E. PROVIDENCE / NARRAGANSETT / TEN MILE",00340,STORET Rhode,HOUR25,HWIN-VAR-023,41.0,
STORET_Rhode_TM3.2_19840725_      2500,STORET_Rhode,TM3.2,00340,2.1,,1984-07-25T00:00:00,41.841944,-71.341944,US,Rhode,RI_Providence,"CENTRAL POND AT NEWMAN AVE., E. PROVIDENCE / NARRAGANSETT / TEN MILE",00340,STORET Rhode,HOUR25,HWIN-VAR-023,2.1,
STORET_Rhode_TM5.8_19840619_      2500,STORET_Rhode,TM5.8,00340,64.0,,1984-06-19T00:00:00,41.874444,-71.341111,US,Rhode,RI_Providence,"ARMISTICE BLVD., PAWTUCKET / NARRAGANSETT / TEN MILE",00340,STORET Rhode,HOUR25,HWIN-VAR-023,64.0,
STORET_Rhode_TM5.8_19840620_      2500,STORET_Rhode,TM5.8,00340,24.0,,1984-06-20T00:00:00,41.874444,-71.341111,US,Rhode,RI_Providence,"ARMISTICE BLVD., PAWTUCKET / NARRAGANSETT / TEN MILE",00340,STORET Rhode,HOUR25,HWIN-VAR-023,24.0,
STORET_Rhode_TM5.8_19840709_      2500,STORET_Rhode,TM5.8,00340,37.0,,1984-07-09T00:00:00,41.874444,-71.341111,US,Rhode,RI_Providence,"ARMISTICE BLVD., PAWTUCKET / NARRAGANSETT / TEN MILE",00340,STORET Rhode,HOUR25,HWIN-VAR-023,37.0,
STORET_Rhode_TM5.8_19840710_      2500,STORET_Rhode,TM5.8,00340,40.0,,1984-07-10T00:00:00,41.874444,-71.341111,US,Rhode,RI_Providence,"ARMISTICE BLVD., PAWTUCKET / NARRAGANSETT / TEN MILE",00340,STORET Rhode,HOUR25,HWIN-VAR-023,40.0,
STORET_Rhode_TM5.8_19840724_      2500,STORET_Rhode,TM5.8,00340,37.0,,1984-07-24T00:00:00,41.874444,-71.341111,US,Rhode,RI_Providence,"ARMISTICE BLVD., PAWTUCKET / NARRAGANSETT / TEN MILE",00340,STORET Rhode,HOUR25,HWIN-VAR-023,37.0,
STORET_Rhode_TM5.8_19840725_      2500,STORET_Rhode,TM5.8,00340,34.0,,1984-07-25T00:00:00,41.874444,-71.341111,US,Rhode,RI_Providence,"ARMISTICE BLVD., PAWTUCKET / NARRAGANSETT / TEN MILE",00340,STORET Rhode,HOUR25,HWIN-VAR-023,34.0,
STORET_Rhode_TM0.8_19840619_      2500,STORET_Rhode,TM0.8,00400,9.4,,1984-06-19T00:00:00,41.833333,-71.360556,US,Rhode,RI_Providence,"ROGER WILLIAMS AVE., E. PROVIDENCE / NARRAGANSETT / TEN MILE",00400,STORET Rhode,HOUR25,HWIN-VAR-002,9.4,
STORET_Rhode_TM0.8_19840620_      2500,STORET_Rhode,TM0.8,00400,7.6,,1984-06-20T00:00:00,41.833333,-71.360556,US,Rhode,RI_Providence,"ROGER WILLIAMS AVE., E. PROVIDENCE / NARRAGANSETT / TEN MILE",00400,STORET Rhode,HOUR25,HWIN-VAR-002,7.6,
STORET_Rhode_TM0.8_19840709_      2500,STORET_Rhode,TM0.8,00400,7.6,,1984-07-09T00:00:00,41.833333,-71.360556,US,Rhode,RI_Providence,"ROGER WILLIAMS AVE., E. PROVIDENCE / NARRAGANSETT / TEN MILE",00400,STORET Rhode,HOUR25,HWIN-VAR-002,7.6,
STORET_Rhode_TM0.8_19840710_      2500,STORET_Rhode,TM0.8,00400,7.3,,1984-07-10T00:00:00,41.833333,-71.360556,US,Rhode,RI_Providence,"ROGER WILLIAMS AVE., E. PROVIDENCE / NARRAGANSETT / TEN MILE",00400,STORET Rhode,HOUR25,HWIN-VAR-002,7.3,
STORET_Rhode_TM0.8_19840724_      2500,STORET_Rhode,TM0.8,00400,7.2,,1984-07-24T00:00:00,41.833333,-71.360556,US,Rhode,RI_Providence,"ROGER WILLIAMS AVE., E. PROVIDENCE / NARRAGANSETT / TEN MILE",00400,STORET Rhode,HOUR25,HWIN-VAR-002,7.2,
STORET_Rhode_TM3.2_19840619_      2500,STORET_Rhode,TM3.2,00400,7.8,,1984-06-19T00:00:00,41.841944,-71.341944,US,Rhode,RI_Providence,"CENTRAL POND AT NEWMAN AVE., E. PROVIDENCE / NARRAGANSETT / TEN MILE",00400,STORET Rhode,HOUR25,HWIN-VAR-002,7.8,
STORET_Rhode_TM3.2_19840620_      2500,STORET_Rhode,TM3.2,00400,7.4,,1984-06-20T00:00:00,41.841944,-71.341944,US,Rhode,RI_Providence,"CENTRAL POND AT NEWMAN AVE., E. PROVIDENCE / NARRAGANSETT / TEN MILE",00400,STORET Rhode,HOUR25,HWIN-VAR-002,7.4,
STORET_Rhode_TM3.2_19840709_      2500,STORET_Rhode,TM3.2,00400,7.4,,1984-07-09T00:00:00,41.841944,-71.341944,US,Rhode,RI_Providence,"CENTRAL POND AT NEWMAN AVE., E. PROVIDENCE / NARRAGANSETT / TEN MILE",00400,STORET Rhode,HOUR25,HWIN-VAR-002,7.4,
STORET_Rhode_TM3.2_19840710_      2500,STORET_Rhode,TM3.2,00400,7.4,,1984-07-10T00:00:00,41.841944,-71.341944,US,Rhode,RI_Providence,"CENTRAL POND AT NEWMAN AVE., E. PROVIDENCE / NARRAGANSETT / TEN MILE",00400,STORET Rhode,HOUR25,HWIN-VAR-002,7.4,
STORET_Rhode_TM3.2_19840724_      2500,STORET_Rhode,TM3.2,00400,7.2,,1984-07-24T00:00:00,41.841944,-71.341944,US,Rhode,RI_Providence,"CENTRAL POND AT NEWMAN AVE., E. PROVIDENCE / NARRAGANSETT / TEN MILE",00400,STORET Rhode,HOUR25,HWIN-VAR-002,7.2,
STORET_Rhode_TM5.8_19840619_      2500,STORET_Rhode,TM5.8,00400,8.4,,1984-06-19T00:00:00,41.874444,-71.341111,US,Rhode,RI_Providence,"ARMISTICE BLVD., PAWTUCKET / NARRAGANSETT / TEN MILE",00400,STORET Rhode,HOUR25,HWIN-VAR-002,8.4,
STORET_Rhode_TM5.8_19840620_      2500,STORET_Rhode,TM5.8,00400,7.3,,1984-06-20T00:00:00,41.874444,-71.341111,US,Rhode,RI_Providence,"ARMISTICE BLVD., PAWTUCKET / NARRAGANSETT / TEN MILE",00400,STORET Rhode,HOUR25,HWIN-VAR-002,7.3,
STORET_Rhode_TM5.8_19840709_      2500,STORET_Rhode,TM5.8,00400,7.4,,1984-07-09T00:00:00,41.874444,-71.341111,US,Rhode,RI_Providence,"ARMISTICE BLVD., PAWTUCKET / NARRAGANSETT / TEN MILE",00400,STORET Rhode,HOUR25,HWIN-VAR-002,7.4,
STORET_Rhode_TM5.8_19840710_      2500,STORET_Rhode,TM5.8,00400,7.3,,1984-07-10T00:00:00,41.874444,-71.341111,US,Rhode,RI_Providence,"ARMISTICE BLVD., PAWTUCKET / NARRAGANSETT / TEN MILE",00400,STORET Rhode,HOUR25,HWIN-VAR-002,7.3,
STORET_Rhode_TM5.8_19840724_      2500,STORET_Rhode,TM5.8,00400,7.3,,1984-07-24T00:00:00,41.874444,-71.341111,US,Rhode,RI_Providence,"ARMISTICE BLVD., PAWTUCKET / NARRAGANSETT / TEN MILE",00400,STORET Rhode,HOUR25,HWIN-VAR-002,7.3,
STORET_Rhode_TM5.8_19840725_      2500,STORET_Rhode,TM5.8,00400,7.2,,1984-07-25T00:00:00,41.874444,-71.341111,US,Rhode,RI_Providence,"ARMISTICE BLVD., PAWTUCKET / NARRAGANSETT / TEN MILE",00400,STORET Rhode,HOUR25,HWIN-VAR-002,7.2,
STORET_Rhode_CIBA01_19790531_      0900,STORET_Rhode,CIBA01,00400,6.3,,1979-05-31T09:00:00,41.765278,-71.413889,US,Rhode,RI_Providence,CIBA-GEIGY CORP CRANSTON RHODE ISLAND  RI0001171 / NORTHEAST / NARRAGANSETT BAY BASIN PAWTUXET RIVER,00400,STORET Rhode,,HWIN-VAR-002,6.3,
STORET_Rhode_440301_19720604_      1610,STORET_Rhode,440301,00400,6.7,,1972-06-04T16:10:00,41.833333,-71.341667,US,Rhode,RI_Providence,TURNER RESERVOIR /  /,00400,STORET Rhode,,HWIN-VAR-002,6.7,
STORET_Rhode_440301_19720801_      1635,STORET_Rhode,440301,00400,6.5,,1972-08-01T16:35:00,41.833333,-71.341667,US,Rhode,RI_Providence,TURNER RESERVOIR /  /,00400,STORET Rhode,,HWIN-VAR-002,6.5,
STORET_Rhode_440301_19720801_      1635,STORET_Rhode,440301,00400,6.5,,1972-08-01T16:35:00,41.833333,-71.341667,US,Rhode,RI_Providence,TURNER RESERVOIR /  /,00400,STORET Rhode,,HWIN-VAR-002,6.5,
STORET_Rhode_440301_19721006_      1445,STORET_Rhode,440301,00400,6.8,,1972-10-06T14:45:00,41.833333,-71.341667,US,Rhode,RI_Providence,TURNER RESERVOIR /  /,00400,STORET Rhode,,HWIN-VAR-002,6.8,
STORET_Rhode_1D1-018_19841108_      2500,STORET_Rhode,1D1-018,00403,6.18,,1984-11-08T00:00:00,41.969444,-71.729167,US,Rhode,RI_Providence,WILSON RESERVOIR /  /,00403,STORET Rhode,HOUR25,HWIN-VAR-002,6.18,
STORET_Rhode_1D1-067_19841108_      2500,STORET_Rhode,1D1-067,00403,5.32,,1984-11-08T00:00:00,41.971389,-71.772222,US,Rhode,RI_Providence,ROUND POND /  /,00403,STORET Rhode,HOUR25,HWIN-VAR-002,5.32,
STORET_Rhode_1D2-049_19841104_      2500,STORET_Rhode,1D2-049,00403,6.44,,1984-11-04T00:00:00,41.909722,-71.65,US,Rhode,RI_Providence,SPRING GROVE POND /  /,00403,STORET Rhode,HOUR25,HWIN-VAR-002,6.44,
STORET_Rhode_1D2-069_19841104_      2500,STORET_Rhode,1D2-069,00403,6.21,,1984-11-04T00:00:00,41.772778,-71.660556,US,Rhode,RI_Providence,KING POND /  /,00403,STORET Rhode,HOUR25,HWIN-VAR-002,6.21,
STORET_Rhode_1D3-026_19841104_      2500,STORET_Rhode,1D3-026,00403,6.89,,1984-11-04T00:00:00,41.983333,-71.395833,US,Rhode,RI_Providence,ARNOLD MILLS RES /  /,00403,STORET Rhode,HOUR25,HWIN-VAR-002,6.89,
STORET_Rhode_RI0001180_19910617_      2500,STORET_Rhode,RI0001180,00410,46.0,,1991-06-17T00:00:00,41.933333,-71.433333,US,Rhode,RI_Providence,GTE PRODUCTS CORP / 1193 BROAD ST. / BLACKSTONE RIVER / CENTRAL FALLS,00410,STORET Rhode,HOUR25,HWIN-VAR-020,46.0,
STORET_Rhode_RI0001180_19910619_      2500,STORET_Rhode,RI0001180,00410,72.0,,1991-06-19T00:00:00,41.933333,-71.433333,US,Rhode,RI_Providence,GTE PRODUCTS CORP / 1193 BROAD ST. / BLACKSTONE RIVER / CENTRAL FALLS,00410,STORET Rhode,HOUR25,HWIN-VAR-020,72.0,
STORET_Rhode_RI0001180_19910621_      2500,STORET_Rhode,RI0001180,00410,90.0,,1991-06-21T00:00:00,41.933333,-71.433333,US,Rhode,RI_Providence,GTE PRODUCTS CORP / 1193 BROAD ST. / BLACKSTONE RIVER / CENTRAL FALLS,00410,STORET Rhode,HOUR25,HWIN-VAR-020,90.0,
STORET_Rhode_RI0020141_19910617_      2500,STORET_Rhode,RI0020141,00410,34.0,,1991-06-17T00:00:00,41.933333,-71.433333,US,Rhode,RI_Providence,OKONITE CO-ASHTON / 111 MARTIN ST. / BLACKSTONE RIVER / ASHTON /V/,00410,STORET Rhode,HOUR25,HWIN-VAR-020,34.0,
STORET_Rhode_RI0020141_19910619_      2500,STORET_Rhode,RI0020141,00410,44.0,,1991-06-19T00:00:00,41.933333,-71.433333,US,Rhode,RI_Providence,OKONITE CO-ASHTON / 111 MARTIN ST. / BLACKSTONE RIVER / ASHTON /V/,00410,STORET Rhode,HOUR25,HWIN-VAR-020,44.0,
STORET_Rhode_RI0020141_19910621_      2500,STORET_Rhode,RI0020141,00410,28.0,,1991-06-21T00:00:00,41.933333,-71.433333,US,Rhode,RI_Providence,OKONITE CO-ASHTON / 111 MARTIN ST. / BLACKSTONE RIVER / ASHTON /V/,00410,STORET Rhode,HOUR25,HWIN-VAR-020,28.0,
STORET_Rhode_RI0100111_19910617_      2500,STORET_Rhode,RI0100111,00410,130.0,,1991-06-17T00:00:00,42.0,-71.496667,US,Rhode,RI_Providence,WOONSOCKET WPCP / CUMBERLAND HILL RD / BLACKSTONE RIVER / WOONSOCKET /CITY/,00410,STORET Rhode,HOUR25,HWIN-VAR-020,130.0,
STORET_Rhode_RI0100111_19910619_      2500,STORET_Rhode,RI0100111,00410,130.0,,1991-06-19T00:00:00,42.0,-71.496667,US,Rhode,RI_Providence,WOONSOCKET WPCP / CUMBERLAND HILL RD / BLACKSTONE RIVER / WOONSOCKET /CITY/,00410,STORET Rhode,HOUR25,HWIN-VAR-020,130.0,
STORET_Rhode_RI0100111_19910621_      2500,STORET_Rhode,RI0100111,00410,150.0,,1991-06-21T00:00:00,42.0,-71.496667,US,Rhode,RI_Providence,WOONSOCKET WPCP / CUMBERLAND HILL RD / BLACKSTONE RIVER / WOONSOCKET /CITY/,00410,STORET Rhode,HOUR25,HWIN-VAR-020,150.0,
STORET_Rhode_RI0100111_19910805_      2500,STORET_Rhode,RI0100111,00410,92.0,,1991-08-05T00:00:00,42.0,-71.496667,US,Rhode,RI_Providence,WOONSOCKET WPCP / CUMBERLAND HILL RD / BLACKSTONE RIVER / WOONSOCKET /CITY/,00410,STORET Rhode,HOUR25,HWIN-VAR-020,92.0,
STORET_Rhode_RI0100111_19910807_      2500,STORET_Rhode,RI0100111,00410,110.0,,1991-08-07T00:00:00,42.0,-71.496667,US,Rhode,RI_Providence,WOONSOCKET WPCP / CUMBERLAND HILL RD / BLACKSTONE RIVER / WOONSOCKET /CITY/,00410,STORET Rhode,HOUR25,HWIN-VAR-020,110.0,
STORET_Rhode_RI0100111_19910809_      2500,STORET_Rhode,RI0100111,00410,120.0,,1991-08-09T00:00:00,42.0,-71.496667,US,Rhode,RI_Providence,WOONSOCKET WPCP / CUMBERLAND HILL RD / BLACKSTONE RIVER / WOONSOCKET /CITY/,00410,STORET Rhode,HOUR25,HWIN-VAR-020,120.0,
STORET_Rhode_TM0.8_19730703_      2500,STORET_Rhode,TM0.8,00410,24.0,,1973-07-03T00:00:00,41.833333,-71.360556,US,Rhode,RI_Providence,"ROGER WILLIAMS AVE., E. PROVIDENCE / NARRAGANSETT / TEN MILE",00410,STORET Rhode,HOUR25,HWIN-VAR-020,24.0,
STORET_Rhode_TM0.8_19730705_      2500,STORET_Rhode,TM0.8,00410,22.0,,1973-07-05T00:00:00,41.833333,-71.360556,US,Rhode,RI_Providence,"ROGER WILLIAMS AVE., E. PROVIDENCE / NARRAGANSETT / TEN MILE",00410,STORET Rhode,HOUR25,HWIN-VAR-020,22.0,
STORET_Rhode_TM0.8_19730918_      2500,STORET_Rhode,TM0.8,00410,23.0,,1973-09-18T00:00:00,41.833333,-71.360556,US,Rhode,RI_Providence,"ROGER WILLIAMS AVE., E. PROVIDENCE / NARRAGANSETT / TEN MILE",00410,STORET Rhode,HOUR25,HWIN-VAR-020,23.0,
STORET_Rhode_TM0.8_19730920_      2500,STORET_Rhode,TM0.8,00410,26.0,,1973-09-20T00:00:00,41.833333,-71.360556,US,Rhode,RI_Providence,"ROGER WILLIAMS AVE., E. PROVIDENCE / NARRAGANSETT / TEN MILE",00410,STORET Rhode,HOUR25,HWIN-VAR-020,26.0,
STORET_Rhode_TM0.8_19840619_      2500,STORET_Rhode,TM0.8,00410,31.0,,1984-06-19T00:00:00,41.833333,-71.360556,US,Rhode,RI_Providence,"ROGER WILLIAMS AVE., E. PROVIDENCE / NARRAGANSETT / TEN MILE",00410,STORET Rhode,HOUR25,HWIN-VAR-020,31.0,
STORET_Rhode_TM0.8_19840620_      2500,STORET_Rhode,TM0.8,00410,29.0,,1984-06-20T00:00:00,41.833333,-71.360556,US,Rhode,RI_Providence,"ROGER WILLIAMS AVE., E. PROVIDENCE / NARRAGANSETT / TEN MILE",00410,STORET Rhode,HOUR25,HWIN-VAR-020,29.0,
STORET_Rhode_TM0.8_19840709_      2500,STORET_Rhode,TM0.8,00410,31.0,,1984-07-09T00:00:00,41.833333,-71.360556,US,Rhode,RI_Providence,"ROGER WILLIAMS AVE., E. PROVIDENCE / NARRAGANSETT / TEN MILE",00410,STORET Rhode,HOUR25,HWIN-VAR-020,31.0,
STORET_Rhode_TM0.8_19840710_      2500,STORET_Rhode,TM0.8,00410,28.0,,1984-07-10T00:00:00,41.833333,-71.360556,US,Rhode,RI_Providence,"ROGER WILLIAMS AVE., E. PROVIDENCE / NARRAGANSETT / TEN MILE",00410,STORET Rhode,HOUR25,HWIN-VAR-020,28.0,
STORET_Rhode_TM0.8_19840724_      2500,STORET_Rhode,TM0.8,00410,29.0,,1984-07-24T00:00:00,41.833333,-71.360556,US,Rhode,RI_Providence,"ROGER WILLIAMS AVE., E. PROVIDENCE / NARRAGANSETT / TEN MILE",00410,STORET Rhode,HOUR25,HWIN-VAR-020,29.0,
STORET_Rhode_TM0.8_19840725_      2500,STORET_Rhode,TM0.8,00410,44.0,,1984-07-25T00:00:00,41.833333,-71.360556,US,Rhode,RI_Providence,"ROGER WILLIAMS AVE., E. PROVIDENCE / NARRAGANSETT / TEN MILE",00410,STORET Rhode,HOUR25,HWIN-VAR-020,44.0,
STORET_Rhode_TM2.5_19730703_      2500,STORET_Rhode,TM2.5,00410,27.0,,1973-07-03T00:00:00,41.833056,-71.342222,US,Rhode,RI_Providence,"TURNER RESERVOIR, ABOVE DAM E. PROVIDENCE / NARRAGANSETT / TEN MILE",00410,STORET Rhode,HOUR25,HWIN-VAR-020,27.0,
STORET_Rhode_TM2.5_19730705_      2500,STORET_Rhode,TM2.5,00410,25.0,,1973-07-05T00:00:00,41.833056,-71.342222,US,Rhode,RI_Providence,"TURNER RESERVOIR, ABOVE DAM E. PROVIDENCE / NARRAGANSETT / TEN MILE",00410,STORET Rhode,HOUR25,HWIN-VAR-020,25.0,
STORET_Rhode_TM2.5_19730918_      2500,STORET_Rhode,TM2.5,00410,23.0,,1973-09-18T00:00:00,41.833056,-71.342222,US,Rhode,RI_Providence,"TURNER RESERVOIR, ABOVE DAM E. PROVIDENCE / NARRAGANSETT / TEN MILE",00410,STORET Rhode,HOUR25,HWIN-VAR-020,23.0,
STORET_Rhode_TM2.5_19730920_      2500,STORET_Rhode,TM2.5,00410,23.0,,1973-09-20T00:00:00,41.833056,-71.342222,US,Rhode,RI_Providence,"TURNER RESERVOIR, ABOVE DAM E. PROVIDENCE / NARRAGANSETT / TEN MILE",00410,STORET Rhode,HOUR25,HWIN-VAR-020,23.0,
STORET_Rhode_TM3.2_19730703_      2500,STORET_Rhode,TM3.2,00410,20.0,,1973-07-03T00:00:00,41.841944,-71.341944,US,Rhode,RI_Providence,"CENTRAL POND AT NEWMAN AVE., E. PROVIDENCE / NARRAGANSETT / TEN MILE",00410,STORET Rhode,HOUR25,HWIN-VAR-020,20.0,
STORET_Rhode_TM3.2_19730705_      2500,STORET_Rhode,TM3.2,00410,19.0,,1973-07-05T00:00:00,41.841944,-71.341944,US,Rhode,RI_Providence,"CENTRAL POND AT NEWMAN AVE., E. PROVIDENCE / NARRAGANSETT / TEN MILE",00410,STORET Rhode,HOUR25,HWIN-VAR-020,19.0,
STORET_Rhode_TM3.2_19730918_      2500,STORET_Rhode,TM3.2,00410,28.0,,1973-09-18T00:00:00,41.841944,-71.341944,US,Rhode,RI_Providence,"CENTRAL POND AT NEWMAN AVE., E. PROVIDENCE / NARRAGANSETT / TEN MILE",00410,STORET Rhode,HOUR25,HWIN-VAR-020,28.0,
STORET_Rhode_TM3.2_19730920_      2500,STORET_Rhode,TM3.2,00410,23.0,,1973-09-20T00:00:00,41.841944,-71.341944,US,Rhode,RI_Providence,"CENTRAL POND AT NEWMAN AVE., E. PROVIDENCE / NARRAGANSETT / TEN MILE",00410,STORET Rhode,HOUR25,HWIN-VAR-020,23.0,
STORET_Rhode_TM3.2_19840619_      2500,STORET_Rhode,TM3.2,00410,29.0,,1984-06-19T00:00:00,41.841944,-71.341944,US,Rhode,RI_Providence,"CENTRAL POND AT NEWMAN AVE., E. PROVIDENCE / NARRAGANSETT / TEN MILE",00410,STORET Rhode,HOUR25,HWIN-VAR-020,29.0,
STORET_Rhode_TM3.2_19840620_      2500,STORET_Rhode,TM3.2,00410,29.0,,1984-06-20T00:00:00,41.841944,-71.341944,US,Rhode,RI_Providence,"CENTRAL POND AT NEWMAN AVE., E. PROVIDENCE / NARRAGANSETT / TEN MILE",00410,STORET Rhode,HOUR25,HWIN-VAR-020,29.0,
STORET_Rhode_TM3.2_19840709_      2500,STORET_Rhode,TM3.2,00410,24.0,,1984-07-09T00:00:00,41.841944,-71.341944,US,Rhode,RI_Providence,"CENTRAL POND AT NEWMAN AVE., E. PROVIDENCE / NARRAGANSETT / TEN MILE",00410,STORET Rhode,HOUR25,HWIN-VAR-020,24.0,
STORET_Rhode_TM3.2_19840710_      2500,STORET_Rhode,TM3.2,00410,24.0,,1984-07-10T00:00:00,41.841944,-71.341944,US,Rhode,RI_Providence,"CENTRAL POND AT NEWMAN AVE., E. PROVIDENCE / NARRAGANSETT / TEN MILE",00410,STORET Rhode,HOUR25,HWIN-VAR-020,24.0,
STORET_Rhode_TM3.2_19840724_      2500,STORET_Rhode,TM3.2,00410,28.0,,1984-07-24T00:00:00,41.841944,-71.341944,US,Rhode,RI_Providence,"CENTRAL POND AT NEWMAN AVE., E. PROVIDENCE / NARRAGANSETT / TEN MILE",00410,STORET Rhode,HOUR25,HWIN-VAR-020,28.0,
STORET_Rhode_TM3.2_19840725_      2500,STORET_Rhode,TM3.2,00410,39.0,,1984-07-25T00:00:00,41.841944,-71.341944,US,Rhode,RI_Providence,"CENTRAL POND AT NEWMAN AVE., E. PROVIDENCE / NARRAGANSETT / TEN MILE",00410,STORET Rhode,HOUR25,HWIN-VAR-020,39.0,
STORET_Rhode_TM5.8_19730703_      2500,STORET_Rhode,TM5.8,00410,23.0,,1973-07-03T00:00:00,41.874444,-71.341111,US,Rhode,RI_Providence,"ARMISTICE BLVD., PAWTUCKET / NARRAGANSETT / TEN MILE",00410,STORET Rhode,HOUR25,HWIN-VAR-020,23.0,
STORET_Rhode_TM5.8_19730705_      2500,STORET_Rhode,TM5.8,00410,25.0,,1973-07-05T00:00:00,41.874444,-71.341111,US,Rhode,RI_Providence,"ARMISTICE BLVD., PAWTUCKET / NARRAGANSETT / TEN MILE",00410,STORET Rhode,HOUR25,HWIN-VAR-020,25.0,
STORET_Rhode_TM5.8_19730918_      2500,STORET_Rhode,TM5.8,00410,36.0,,1973-09-18T00:00:00,41.874444,-71.341111,US,Rhode,RI_Providence,"ARMISTICE BLVD., PAWTUCKET / NARRAGANSETT / TEN MILE",00410,STORET Rhode,HOUR25,HWIN-VAR-020,36.0,
STORET_Rhode_TM5.8_19730920_      2500,STORET_Rhode,TM5.8,00410,20.0,,1973-09-20T00:00:00,41.874444,-71.341111,US,Rhode,RI_Providence,"ARMISTICE BLVD., PAWTUCKET / NARRAGANSETT / TEN MILE",00410,STORET Rhode,HOUR25,HWIN-VAR-020,20.0,
STORET_Rhode_TM5.8_19840619_      2500,STORET_Rhode,TM5.8,00410,30.0,,1984-06-19T00:00:00,41.874444,-71.341111,US,Rhode,RI_Providence,"ARMISTICE BLVD., PAWTUCKET / NARRAGANSETT / TEN MILE",00410,STORET Rhode,HOUR25,HWIN-VAR-020,30.0,
STORET_Rhode_TM5.8_19840620_      2500,STORET_Rhode,TM5.8,00410,28.0,,1984-06-20T00:00:00,41.874444,-71.341111,US,Rhode,RI_Providence,"ARMISTICE BLVD., PAWTUCKET / NARRAGANSETT / TEN MILE",00410,STORET Rhode,HOUR25,HWIN-VAR-020,28.0,
STORET_Rhode_TM5.8_19840709_      2500,STORET_Rhode,TM5.8,00410,24.0,,1984-07-09T00:00:00,41.874444,-71.341111,US,Rhode,RI_Providence,"ARMISTICE BLVD., PAWTUCKET / NARRAGANSETT / TEN MILE",00410,STORET Rhode,HOUR25,HWIN-VAR-020,24.0,
STORET_Rhode_TM5.8_19840710_      2500,STORET_Rhode,TM5.8,00410,27.0,,1984-07-10T00:00:00,41.874444,-71.341111,US,Rhode,RI_Providence,"ARMISTICE BLVD., PAWTUCKET / NARRAGANSETT / TEN MILE",00410,STORET Rhode,HOUR25,HWIN-VAR-020,27.0,
STORET_Rhode_TM5.8_19840724_      2500,STORET_Rhode,TM5.8,00410,32.0,,1984-07-24T00:00:00,41.874444,-71.341111,US,Rhode,RI_Providence,"ARMISTICE BLVD., PAWTUCKET / NARRAGANSETT / TEN MILE",00410,STORET Rhode,HOUR25,HWIN-VAR-020,32.0,
STORET_Rhode_TM5.8_19840725_      2500,STORET_Rhode,TM5.8,00410,31.0,,1984-07-25T00:00:00,41.874444,-71.341111,US,Rhode,RI_Providence,"ARMISTICE BLVD., PAWTUCKET / NARRAGANSETT / TEN MILE",00410,STORET Rhode,HOUR25,HWIN-VAR-020,31.0,
STORET_Rhode_RI0001180_19910617_      2500,STORET_Rhode,RI0001180,00410,46.0,,1991-06-17T00:00:00,41.933333,-71.433333,US,Rhode,RI_Providence,GTE PRODUCTS CORP / 1193 BROAD ST. / BLACKSTONE RIVER / CENTRAL FALLS,00410,STORET Rhode,HOUR25,HWIN-VAR-020,46.0,
STORET_Rhode_RI0001180_19910619_      2500,STORET_Rhode,RI0001180,00410,72.0,,1991-06-19T00:00:00,41.933333,-71.433333,US,Rhode,RI_Providence,GTE PRODUCTS CORP / 1193 BROAD ST. / BLACKSTONE RIVER / CENTRAL FALLS,00410,STORET Rhode,HOUR25,HWIN-VAR-020,72.0,
STORET_Rhode_RI0001180_19910621_      2500,STORET_Rhode,RI0001180,00410,90.0,,1991-06-21T00:00:00,41.933333,-71.433333,US,Rhode,RI_Providence,GTE PRODUCTS CORP / 1193 BROAD ST. / BLACKSTONE RIVER / CENTRAL FALLS,00410,STORET Rhode,HOUR25,HWIN-VAR-020,90.0,
STORET_Rhode_RI0020141_19910617_      2500,STORET_Rhode,RI0020141,00410,34.0,,1991-06-17T00:00:00,41.933333,-71.433333,US,Rhode,RI_Providence,OKONITE CO-ASHTON / 111 MARTIN ST. / BLACKSTONE RIVER / ASHTON /V/,00410,STORET Rhode,HOUR25,HWIN-VAR-020,34.0,
STORET_Rhode_RI0020141_19910619_      2500,STORET_Rhode,RI0020141,00410,44.0,,1991-06-19T00:00:00,41.933333,-71.433333,US,Rhode,RI_Providence,OKONITE CO-ASHTON / 111 MARTIN ST. / BLACKSTONE RIVER / ASHTON /V/,00410,STORET Rhode,HOUR25,HWIN-VAR-020,44.0,
STORET_Rhode_RI0020141_19910621_      2500,STORET_Rhode,RI0020141,00410,28.0,,1991-06-21T00:00:00,41.933333,-71.433333,US,Rhode,RI_Providence,OKONITE CO-ASHTON / 111 MARTIN ST. / BLACKSTONE RIVER / ASHTON /V/,00410,STORET Rhode,HOUR25,HWIN-VAR-020,28.0,
STORET_Rhode_RI0100111_19910617_      2500,STORET_Rhode,RI0100111,00410,130.0,,1991-06-17T00:00:00,42.0,-71.496667,US,Rhode,RI_Providence,WOONSOCKET WPCP / CUMBERLAND HILL RD / BLACKSTONE RIVER / WOONSOCKET /CITY/,00410,STORET Rhode,HOUR25,HWIN-VAR-020,130.0,
STORET_Rhode_RI0100111_19910619_      2500,STORET_Rhode,RI0100111,00410,130.0,,1991-06-19T00:00:00,42.0,-71.496667,US,Rhode,RI_Providence,WOONSOCKET WPCP / CUMBERLAND HILL RD / BLACKSTONE RIVER / WOONSOCKET /CITY/,00410,STORET Rhode,HOUR25,HWIN-VAR-020,130.0,
STORET_Rhode_RI0100111_19910621_      2500,STORET_Rhode,RI0100111,00410,150.0,,1991-06-21T00:00:00,42.0,-71.496667,US,Rhode,RI_Providence,WOONSOCKET WPCP / CUMBERLAND HILL RD / BLACKSTONE RIVER / WOONSOCKET /CITY/,00410,STORET Rhode,HOUR25,HWIN-VAR-020,150.0,
STORET_Rhode_RI0100111_19910805_      2500,STORET_Rhode,RI0100111,00410,92.0,,1991-08-05T00:00:00,42.0,-71.496667,US,Rhode,RI_Providence,WOONSOCKET WPCP / CUMBERLAND HILL RD / BLACKSTONE RIVER / WOONSOCKET /CITY/,00410,STORET Rhode,HOUR25,HWIN-VAR-020,92.0,
STORET_Rhode_RI0100111_19910807_      2500,STORET_Rhode,RI0100111,00410,110.0,,1991-08-07T00:00:00,42.0,-71.496667,US,Rhode,RI_Providence,WOONSOCKET WPCP / CUMBERLAND HILL RD / BLACKSTONE RIVER / WOONSOCKET /CITY/,00410,STORET Rhode,HOUR25,HWIN-VAR-020,110.0,
STORET_Rhode_RI0100111_19910809_      2500,STORET_Rhode,RI0100111,00410,120.0,,1991-08-09T00:00:00,42.0,-71.496667,US,Rhode,RI_Providence,WOONSOCKET WPCP / CUMBERLAND HILL RD / BLACKSTONE RIVER / WOONSOCKET /CITY/,00410,STORET Rhode,HOUR25,HWIN-VAR-020,120.0,
STORET_Rhode_440301_19720604_      1610,STORET_Rhode,440301,00410,27.0,,1972-06-04T16:10:00,41.833333,-71.341667,US,Rhode,RI_Providence,TURNER RESERVOIR /  /,00410,STORET Rhode,,HWIN-VAR-020,27.0,
STORET_Rhode_440301_19720801_      1635,STORET_Rhode,440301,00410,27.0,,1972-08-01T16:35:00,41.833333,-71.341667,US,Rhode,RI_Providence,TURNER RESERVOIR /  /,00410,STORET Rhode,,HWIN-VAR-020,27.0,
STORET_Rhode_440301_19720801_      1635,STORET_Rhode,440301,00410,27.0,,1972-08-01T16:35:00,41.833333,-71.341667,US,Rhode,RI_Providence,TURNER RESERVOIR /  /,00410,STORET Rhode,,HWIN-VAR-020,27.0,
STORET_Rhode_440301_19721006_      1445,STORET_Rhode,440301,00410,26.0,,1972-10-06T14:45:00,41.833333,-71.341667,US,Rhode,RI_Providence,TURNER RESERVOIR /  /,00410,STORET Rhode,,HWIN-VAR-020,26.0,
STORET_Rhode_440301_19721006_      1445,STORET_Rhode,440301,00410,27.0,,1972-10-06T14:45:00,41.833333,-71.341667,US,Rhode,RI_Providence,TURNER RESERVOIR /  /,00410,STORET Rhode,,HWIN-VAR-020,27.0,
STORET_Rhode_RI0001180_19910617_      2500,STORET_Rhode,RI0001180,00610,190.0,,1991-06-17T00:00:00,41.933333,-71.433333,US,Rhode,RI_Providence,GTE PRODUCTS CORP / 1193 BROAD ST. / BLACKSTONE RIVER / CENTRAL FALLS,00610,STORET Rhode,HOUR25,HWIN-VAR-031,190.0,
STORET_Rhode_RI0001180_19910619_      2500,STORET_Rhode,RI0001180,00610,110.0,,1991-06-19T00:00:00,41.933333,-71.433333,US,Rhode,RI_Providence,GTE PRODUCTS CORP / 1193 BROAD ST. / BLACKSTONE RIVER / CENTRAL FALLS,00610,STORET Rhode,HOUR25,HWIN-VAR-031,110.0,
STORET_Rhode_RI0001180_19910621_      2500,STORET_Rhode,RI0001180,00610,280.0,,1991-06-21T00:00:00,41.933333,-71.433333,US,Rhode,RI_Providence,GTE PRODUCTS CORP / 1193 BROAD ST. / BLACKSTONE RIVER / CENTRAL FALLS,00610,STORET Rhode,HOUR25,HWIN-VAR-031,280.0,
STORET_Rhode_RI0020141_19910617_      2500,STORET_Rhode,RI0020141,00610,0.0,,1991-06-17T00:00:00,41.933333,-71.433333,US,Rhode,RI_Providence,OKONITE CO-ASHTON / 111 MARTIN ST. / BLACKSTONE RIVER / ASHTON /V/,00610,STORET Rhode,T|HOUR25,HWIN-VAR-031,0.0,
STORET_Rhode_RI0020141_19910619_      2500,STORET_Rhode,RI0020141,00610,0.0,,1991-06-19T00:00:00,41.933333,-71.433333,US,Rhode,RI_Providence,OKONITE CO-ASHTON / 111 MARTIN ST. / BLACKSTONE RIVER / ASHTON /V/,00610,STORET Rhode,T|HOUR25,HWIN-VAR-031,0.0,
STORET_Rhode_RI0020141_19910621_      2500,STORET_Rhode,RI0020141,00610,0.0,,1991-06-21T00:00:00,41.933333,-71.433333,US,Rhode,RI_Providence,OKONITE CO-ASHTON / 111 MARTIN ST. / BLACKSTONE RIVER / ASHTON /V/,00610,STORET Rhode,T|HOUR25,HWIN-VAR-031,0.0,
STORET_Rhode_RI0100111_19910617_      2500,STORET_Rhode,RI0100111,00610,20.0,,1991-06-17T00:00:00,42.0,-71.496667,US,Rhode,RI_Providence,WOONSOCKET WPCP / CUMBERLAND HILL RD / BLACKSTONE RIVER / WOONSOCKET /CITY/,00610,STORET Rhode,HOUR25,HWIN-VAR-031,20.0,
STORET_Rhode_RI0100111_19910619_      2500,STORET_Rhode,RI0100111,00610,14.0,,1991-06-19T00:00:00,42.0,-71.496667,US,Rhode,RI_Providence,WOONSOCKET WPCP / CUMBERLAND HILL RD / BLACKSTONE RIVER / WOONSOCKET /CITY/,00610,STORET Rhode,HOUR25,HWIN-VAR-031,14.0,
STORET_Rhode_RI0100111_19910621_      2500,STORET_Rhode,RI0100111,00610,15.0,,1991-06-21T00:00:00,42.0,-71.496667,US,Rhode,RI_Providence,WOONSOCKET WPCP / CUMBERLAND HILL RD / BLACKSTONE RIVER / WOONSOCKET /CITY/,00610,STORET Rhode,HOUR25,HWIN-VAR-031,15.0,
STORET_Rhode_RI0100111_19910805_      2500,STORET_Rhode,RI0100111,00610,13.0,,1991-08-05T00:00:00,42.0,-71.496667,US,Rhode,RI_Providence,WOONSOCKET WPCP / CUMBERLAND HILL RD / BLACKSTONE RIVER / WOONSOCKET /CITY/,00610,STORET Rhode,HOUR25,HWIN-VAR-031,13.0,
STORET_Rhode_RI0100111_19910807_      2500,STORET_Rhode,RI0100111,00610,7.5,,1991-08-07T00:00:00,42.0,-71.496667,US,Rhode,RI_Providence,WOONSOCKET WPCP / CUMBERLAND HILL RD / BLACKSTONE RIVER / WOONSOCKET /CITY/,00610,STORET Rhode,HOUR25,HWIN-VAR-031,7.5,
STORET_Rhode_RI0100111_19910809_      2500,STORET_Rhode,RI0100111,00610,7.9,,1991-08-09T00:00:00,42.0,-71.496667,US,Rhode,RI_Providence,WOONSOCKET WPCP / CUMBERLAND HILL RD / BLACKSTONE RIVER / WOONSOCKET /CITY/,00610,STORET Rhode,HOUR25,HWIN-VAR-031,7.9,
STORET_Rhode_TM0.8_19840619_      2500,STORET_Rhode,TM0.8,00610,0.2,,1984-06-19T00:00:00,41.833333,-71.360556,US,Rhode,RI_Providence,"ROGER WILLIAMS AVE., E. PROVIDENCE / NARRAGANSETT / TEN MILE",00610,STORET Rhode,HOUR25,HWIN-VAR-031,0.2,
STORET_Rhode_TM0.8_19840620_      2500,STORET_Rhode,TM0.8,00610,0.15,,1984-06-20T00:00:00,41.833333,-71.360556,US,Rhode,RI_Providence,"ROGER WILLIAMS AVE., E. PROVIDENCE / NARRAGANSETT / TEN MILE",00610,STORET Rhode,HOUR25,HWIN-VAR-031,0.15,
STORET_Rhode_TM0.8_19840709_      2500,STORET_Rhode,TM0.8,00610,0.02,,1984-07-09T00:00:00,41.833333,-71.360556,US,Rhode,RI_Providence,"ROGER WILLIAMS AVE., E. PROVIDENCE / NARRAGANSETT / TEN MILE",00610,STORET Rhode,HOUR25,HWIN-VAR-031,0.02,
STORET_Rhode_TM0.8_19840710_      2500,STORET_Rhode,TM0.8,00610,0.04,,1984-07-10T00:00:00,41.833333,-71.360556,US,Rhode,RI_Providence,"ROGER WILLIAMS AVE., E. PROVIDENCE / NARRAGANSETT / TEN MILE",00610,STORET Rhode,HOUR25,HWIN-VAR-031,0.04,
STORET_Rhode_TM0.8_19840724_      2500,STORET_Rhode,TM0.8,00610,0.02,,1984-07-24T00:00:00,41.833333,-71.360556,US,Rhode,RI_Providence,"ROGER WILLIAMS AVE., E. PROVIDENCE / NARRAGANSETT / TEN MILE",00610,STORET Rhode,HOUR25,HWIN-VAR-031,0.02,
STORET_Rhode_TM3.2_19840619_      2500,STORET_Rhode,TM3.2,00610,0.18,,1984-06-19T00:00:00,41.841944,-71.341944,US,Rhode,RI_Providence,"CENTRAL POND AT NEWMAN AVE., E. PROVIDENCE / NARRAGANSETT / TEN MILE",00610,STORET Rhode,HOUR25,HWIN-VAR-031,0.18,
STORET_Rhode_TM3.2_19840620_      2500,STORET_Rhode,TM3.2,00610,0.14,,1984-06-20T00:00:00,41.841944,-71.341944,US,Rhode,RI_Providence,"CENTRAL POND AT NEWMAN AVE., E. PROVIDENCE / NARRAGANSETT / TEN MILE",00610,STORET Rhode,HOUR25,HWIN-VAR-031,0.14,
STORET_Rhode_TM3.2_19840709_      2500,STORET_Rhode,TM3.2,00610,0.03,,1984-07-09T00:00:00,41.841944,-71.341944,US,Rhode,RI_Providence,"CENTRAL POND AT NEWMAN AVE., E. PROVIDENCE / NARRAGANSETT / TEN MILE",00610,STORET Rhode,HOUR25,HWIN-VAR-031,0.03,
STORET_Rhode_TM3.2_19840710_      2500,STORET_Rhode,TM3.2,00610,0.05,,1984-07-10T00:00:00,41.841944,-71.341944,US,Rhode,RI_Providence,"CENTRAL POND AT NEWMAN AVE., E. PROVIDENCE / NARRAGANSETT / TEN MILE",00610,STORET Rhode,HOUR25,HWIN-VAR-031,0.05,
STORET_Rhode_TM3.2_19840724_      2500,STORET_Rhode,TM3.2,00610,0.02,,1984-07-24T00:00:00,41.841944,-71.341944,US,Rhode,RI_Providence,"CENTRAL POND AT NEWMAN AVE., E. PROVIDENCE / NARRAGANSETT / TEN MILE",00610,STORET Rhode,HOUR25,HWIN-VAR-031,0.02,
STORET_Rhode_TM5.8_19840619_      2500,STORET_Rhode,TM5.8,00610,0.22,,1984-06-19T00:00:00,41.874444,-71.341111,US,Rhode,RI_Providence,"ARMISTICE BLVD., PAWTUCKET / NARRAGANSETT / TEN MILE",00610,STORET Rhode,HOUR25,HWIN-VAR-031,0.22,
STORET_Rhode_TM5.8_19840620_      2500,STORET_Rhode,TM5.8,00610,0.19,,1984-06-20T00:00:00,41.874444,-71.341111,US,Rhode,RI_Providence,"ARMISTICE BLVD., PAWTUCKET / NARRAGANSETT / TEN MILE",00610,STORET Rhode,HOUR25,HWIN-VAR-031,0.19,
STORET_Rhode_TM5.8_19840709_      2500,STORET_Rhode,TM5.8,00610,0.02,,1984-07-09T00:00:00,41.874444,-71.341111,US,Rhode,RI_Providence,"ARMISTICE BLVD., PAWTUCKET / NARRAGANSETT / TEN MILE",00610,STORET Rhode,HOUR25,HWIN-VAR-031,0.02,
STORET_Rhode_TM5.8_19840710_      2500,STORET_Rhode,TM5.8,00610,0.11,,1984-07-10T00:00:00,41.874444,-71.341111,US,Rhode,RI_Providence,"ARMISTICE BLVD., PAWTUCKET / NARRAGANSETT / TEN MILE",00610,STORET Rhode,HOUR25,HWIN-VAR-031,0.11,
STORET_Rhode_TM5.8_19840724_      2500,STORET_Rhode,TM5.8,00610,0.05,,1984-07-24T00:00:00,41.874444,-71.341111,US,Rhode,RI_Providence,"ARMISTICE BLVD., PAWTUCKET / NARRAGANSETT / TEN MILE",00610,STORET Rhode,HOUR25,HWIN-VAR-031,0.05,
STORET_Rhode_TM5.8_19840725_      2500,STORET_Rhode,TM5.8,00610,0.05,,1984-07-25T00:00:00,41.874444,-71.341111,US,Rhode,RI_Providence,"ARMISTICE BLVD., PAWTUCKET / NARRAGANSETT / TEN MILE",00610,STORET Rhode,HOUR25,HWIN-VAR-031,0.05,
STORET_Rhode_440301_19720604_      1610,STORET_Rhode,440301,00610,1.7,,1972-06-04T16:10:00,41.833333,-71.341667,US,Rhode,RI_Providence,TURNER RESERVOIR /  /,00610,STORET Rhode,,HWIN-VAR-031,1.7,
STORET_Rhode_440301_19720801_      1635,STORET_Rhode,440301,00610,0.48,,1972-08-01T16:35:00,41.833333,-71.341667,US,Rhode,RI_Providence,TURNER RESERVOIR /  /,00610,STORET Rhode,,HWIN-VAR-031,0.48,
STORET_Rhode_440301_19720801_      1635,STORET_Rhode,440301,00610,0.52,,1972-08-01T16:35:00,41.833333,-71.341667,US,Rhode,RI_Providence,TURNER RESERVOIR /  /,00610,STORET Rhode,,HWIN-VAR-031,0.52,
STORET_Rhode_440301_19721006_      1445,STORET_Rhode,440301,00610,0.73,,1972-10-06T14:45:00,41.833333,-71.341667,US,Rhode,RI_Providence,TURNER RESERVOIR /  /,00610,STORET Rhode,,HWIN-VAR-031,0.73,
STORET_Rhode_440301_19721006_      1445,STORET_Rhode,440301,00610,0.69,,1972-10-06T14:45:00,41.833333,-71.341667,US,Rhode,RI_Providence,TURNER RESERVOIR /  /,00610,STORET Rhode,,HWIN-VAR-031,0.69,
STORET_Rhode_440301_19720604_      1610,STORET_Rhode,440301,00619,0.00433158,,1972-06-04T16:10:00,41.833333,-71.341667,US,Rhode,RI_Providence,TURNER RESERVOIR /  /,00619,STORET Rhode,$,HWIN-VAR-033,0.00433158,
STORET_Rhode_440301_19720801_      1635,STORET_Rhode,440301,00619,0.000987953,,1972-08-01T16:35:00,41.833333,-71.341667,US,Rhode,RI_Providence,TURNER RESERVOIR /  /,00619,STORET Rhode,$,HWIN-VAR-033,0.000987953,
STORET_Rhode_440301_19720604_      1610,STORET_Rhode,440301,00630,0.43,,1972-06-04T16:10:00,41.833333,-71.341667,US,Rhode,RI_Providence,TURNER RESERVOIR /  /,00630,STORET Rhode,,HWIN-VAR-033,0.43,
STORET_Rhode_440301_19720801_      1635,STORET_Rhode,440301,00630,0.69,,1972-08-01T16:35:00,41.833333,-71.341667,US,Rhode,RI_Providence,TURNER RESERVOIR /  /,00630,STORET Rhode,,HWIN-VAR-033,0.69,
STORET_Rhode_440301_19720801_      1635,STORET_Rhode,440301,00630,0.7,,1972-08-01T16:35:00,41.833333,-71.341667,US,Rhode,RI_Providence,TURNER RESERVOIR /  /,00630,STORET Rhode,,HWIN-VAR-033,0.7,
STORET_Rhode_440301_19721006_      1445,STORET_Rhode,440301,00630,0.82,,1972-10-06T14:45:00,41.833333,-71.341667,US,Rhode,RI_Providence,TURNER RESERVOIR /  /,00630,STORET Rhode,,HWIN-VAR-033,0.82,
STORET_Rhode_440301_19721006_      1445,STORET_Rhode,440301,00630,0.83,,1972-10-06T14:45:00,41.833333,-71.341667,US,Rhode,RI_Providence,TURNER RESERVOIR /  /,00630,STORET Rhode,,HWIN-VAR-033,0.83,
STORET_Rhode_TM0.8_19840619_      2500,STORET_Rhode,TM0.8,00665,0.38,,1984-06-19T00:00:00,41.833333,-71.360556,US,Rhode,RI_Providence,"ROGER WILLIAMS AVE., E. PROVIDENCE / NARRAGANSETT / TEN MILE",00665,STORET Rhode,HOUR25,HWIN-VAR-010,0.38,
STORET_Rhode_TM0.8_19840620_      2500,STORET_Rhode,TM0.8,00665,0.35,,1984-06-20T00:00:00,41.833333,-71.360556,US,Rhode,RI_Providence,"ROGER WILLIAMS AVE., E. PROVIDENCE / NARRAGANSETT / TEN MILE",00665,STORET Rhode,HOUR25,HWIN-VAR-010,0.35,
STORET_Rhode_TM0.8_19840709_      2500,STORET_Rhode,TM0.8,00665,0.28,,1984-07-09T00:00:00,41.833333,-71.360556,US,Rhode,RI_Providence,"ROGER WILLIAMS AVE., E. PROVIDENCE / NARRAGANSETT / TEN MILE",00665,STORET Rhode,HOUR25,HWIN-VAR-010,0.28,
STORET_Rhode_TM0.8_19840710_      2500,STORET_Rhode,TM0.8,00665,0.28,,1984-07-10T00:00:00,41.833333,-71.360556,US,Rhode,RI_Providence,"ROGER WILLIAMS AVE., E. PROVIDENCE / NARRAGANSETT / TEN MILE",00665,STORET Rhode,HOUR25,HWIN-VAR-010,0.28,
STORET_Rhode_TM0.8_19840724_      2500,STORET_Rhode,TM0.8,00665,0.52,,1984-07-24T00:00:00,41.833333,-71.360556,US,Rhode,RI_Providence,"ROGER WILLIAMS AVE., E. PROVIDENCE / NARRAGANSETT / TEN MILE",00665,STORET Rhode,HOUR25,HWIN-VAR-010,0.52,
STORET_Rhode_TM3.2_19840619_      2500,STORET_Rhode,TM3.2,00665,0.31,,1984-06-19T00:00:00,41.841944,-71.341944,US,Rhode,RI_Providence,"CENTRAL POND AT NEWMAN AVE., E. PROVIDENCE / NARRAGANSETT / TEN MILE",00665,STORET Rhode,HOUR25,HWIN-VAR-010,0.31,
STORET_Rhode_TM3.2_19840620_      2500,STORET_Rhode,TM3.2,00665,0.3,,1984-06-20T00:00:00,41.841944,-71.341944,US,Rhode,RI_Providence,"CENTRAL POND AT NEWMAN AVE., E. PROVIDENCE / NARRAGANSETT / TEN MILE",00665,STORET Rhode,HOUR25,HWIN-VAR-010,0.3,
STORET_Rhode_TM3.2_19840709_      2500,STORET_Rhode,TM3.2,00665,0.28,,1984-07-09T00:00:00,41.841944,-71.341944,US,Rhode,RI_Providence,"CENTRAL POND AT NEWMAN AVE., E. PROVIDENCE / NARRAGANSETT / TEN MILE",00665,STORET Rhode,HOUR25,HWIN-VAR-010,0.28,
STORET_Rhode_TM3.2_19840710_      2500,STORET_Rhode,TM3.2,00665,0.25,,1984-07-10T00:00:00,41.841944,-71.341944,US,Rhode,RI_Providence,"CENTRAL POND AT NEWMAN AVE., E. PROVIDENCE / NARRAGANSETT / TEN MILE",00665,STORET Rhode,HOUR25,HWIN-VAR-010,0.25,
STORET_Rhode_TM3.2_19840724_      2500,STORET_Rhode,TM3.2,00665,0.51,,1984-07-24T00:00:00,41.841944,-71.341944,US,Rhode,RI_Providence,"CENTRAL POND AT NEWMAN AVE., E. PROVIDENCE / NARRAGANSETT / TEN MILE",00665,STORET Rhode,HOUR25,HWIN-VAR-010,0.51,
STORET_Rhode_TM5.8_19840619_      2500,STORET_Rhode,TM5.8,00665,0.34,,1984-06-19T00:00:00,41.874444,-71.341111,US,Rhode,RI_Providence,"ARMISTICE BLVD., PAWTUCKET / NARRAGANSETT / TEN MILE",00665,STORET Rhode,HOUR25,HWIN-VAR-010,0.34,
STORET_Rhode_TM5.8_19840620_      2500,STORET_Rhode,TM5.8,00665,0.29,,1984-06-20T00:00:00,41.874444,-71.341111,US,Rhode,RI_Providence,"ARMISTICE BLVD., PAWTUCKET / NARRAGANSETT / TEN MILE",00665,STORET Rhode,HOUR25,HWIN-VAR-010,0.29,
STORET_Rhode_TM5.8_19840709_      2500,STORET_Rhode,TM5.8,00665,0.28,,1984-07-09T00:00:00,41.874444,-71.341111,US,Rhode,RI_Providence,"ARMISTICE BLVD., PAWTUCKET / NARRAGANSETT / TEN MILE",00665,STORET Rhode,HOUR25,HWIN-VAR-010,0.28,
STORET_Rhode_TM5.8_19840710_      2500,STORET_Rhode,TM5.8,00665,0.29,,1984-07-10T00:00:00,41.874444,-71.341111,US,Rhode,RI_Providence,"ARMISTICE BLVD., PAWTUCKET / NARRAGANSETT / TEN MILE",00665,STORET Rhode,HOUR25,HWIN-VAR-010,0.29,
STORET_Rhode_TM5.8_19840724_      2500,STORET_Rhode,TM5.8,00665,0.49,,1984-07-24T00:00:00,41.874444,-71.341111,US,Rhode,RI_Providence,"ARMISTICE BLVD., PAWTUCKET / NARRAGANSETT / TEN MILE",00665,STORET Rhode,HOUR25,HWIN-VAR-010,0.49,
STORET_Rhode_TM5.8_19840725_      2500,STORET_Rhode,TM5.8,00665,0.33,,1984-07-25T00:00:00,41.874444,-71.341111,US,Rhode,RI_Providence,"ARMISTICE BLVD., PAWTUCKET / NARRAGANSETT / TEN MILE",00665,STORET Rhode,HOUR25,HWIN-VAR-010,0.33,
STORET_Rhode_440301_19720604_      1610,STORET_Rhode,440301,00665,1.04,,1972-06-04T16:10:00,41.833333,-71.341667,US,Rhode,RI_Providence,TURNER RESERVOIR /  /,00665,STORET Rhode,,HWIN-VAR-010,1.04,
STORET_Rhode_440301_19720801_      1635,STORET_Rhode,440301,00665,0.8,,1972-08-01T16:35:00,41.833333,-71.341667,US,Rhode,RI_Providence,TURNER RESERVOIR /  /,00665,STORET Rhode,,HWIN-VAR-010,0.8,
STORET_Rhode_440301_19720801_      1635,STORET_Rhode,440301,00665,0.81,,1972-08-01T16:35:00,41.833333,-71.341667,US,Rhode,RI_Providence,TURNER RESERVOIR /  /,00665,STORET Rhode,,HWIN-VAR-010,0.81,
STORET_Rhode_440301_19721006_      1445,STORET_Rhode,440301,00665,0.8,,1972-10-06T14:45:00,41.833333,-71.341667,US,Rhode,RI_Providence,TURNER RESERVOIR /  /,00665,STORET Rhode,,HWIN-VAR-010,0.8,
STORET_Rhode_440301_19721006_      1445,STORET_Rhode,440301,00665,0.9,,1972-10-06T14:45:00,41.833333,-71.341667,US,Rhode,RI_Providence,TURNER RESERVOIR /  /,00665,STORET Rhode,,HWIN-VAR-010,0.9,
STORET_Rhode_440301_19720604_      1610,STORET_Rhode,440301,00666,0.84,,1972-06-04T16:10:00,41.833333,-71.341667,US,Rhode,RI_Providence,TURNER RESERVOIR /  /,00666,STORET Rhode,,HWIN-VAR-034,0.84,
STORET_Rhode_440301_19720801_      1635,STORET_Rhode,440301,00666,0.51,,1972-08-01T16:35:00,41.833333,-71.341667,US,Rhode,RI_Providence,TURNER RESERVOIR /  /,00666,STORET Rhode,,HWIN-VAR-034,0.51,
STORET_Rhode_440301_19720801_      1635,STORET_Rhode,440301,00666,0.52,,1972-08-01T16:35:00,41.833333,-71.341667,US,Rhode,RI_Providence,TURNER RESERVOIR /  /,00666,STORET Rhode,,HWIN-VAR-034,0.52,
STORET_Rhode_440301_19721006_      1445,STORET_Rhode,440301,00666,0.61,,1972-10-06T14:45:00,41.833333,-71.341667,US,Rhode,RI_Providence,TURNER RESERVOIR /  /,00666,STORET Rhode,,HWIN-VAR-034,0.61,
STORET_Rhode_440301_19721006_      1445,STORET_Rhode,440301,00666,0.66,,1972-10-06T14:45:00,41.833333,-71.341667,US,Rhode,RI_Providence,TURNER RESERVOIR /  /,00666,STORET Rhode,,HWIN-VAR-034,0.66,
STORET_Rhode_TM0.8_19840619_      2500,STORET_Rhode,TM0.8,00900,49.0,,1984-06-19T00:00:00,41.833333,-71.360556,US,Rhode,RI_Providence,"ROGER WILLIAMS AVE., E. PROVIDENCE / NARRAGANSETT / TEN MILE",00900,STORET Rhode,HOUR25,HWIN-VAR-005,49.0,
STORET_Rhode_TM0.8_19840620_      2500,STORET_Rhode,TM0.8,00900,37.0,,1984-06-20T00:00:00,41.833333,-71.360556,US,Rhode,RI_Providence,"ROGER WILLIAMS AVE., E. PROVIDENCE / NARRAGANSETT / TEN MILE",00900,STORET Rhode,HOUR25,HWIN-VAR-005,37.0,
STORET_Rhode_TM0.8_19840709_      2500,STORET_Rhode,TM0.8,00900,32.0,,1984-07-09T00:00:00,41.833333,-71.360556,US,Rhode,RI_Providence,"ROGER WILLIAMS AVE., E. PROVIDENCE / NARRAGANSETT / TEN MILE",00900,STORET Rhode,HOUR25,HWIN-VAR-005,32.0,
STORET_Rhode_TM0.8_19840710_      2500,STORET_Rhode,TM0.8,00900,52.0,,1984-07-10T00:00:00,41.833333,-71.360556,US,Rhode,RI_Providence,"ROGER WILLIAMS AVE., E. PROVIDENCE / NARRAGANSETT / TEN MILE",00900,STORET Rhode,HOUR25,HWIN-VAR-005,52.0,
STORET_Rhode_TM0.8_19840724_      2500,STORET_Rhode,TM0.8,00900,47.0,,1984-07-24T00:00:00,41.833333,-71.360556,US,Rhode,RI_Providence,"ROGER WILLIAMS AVE., E. PROVIDENCE / NARRAGANSETT / TEN MILE",00900,STORET Rhode,HOUR25,HWIN-VAR-005,47.0,
STORET_Rhode_TM0.8_19840725_      2500,STORET_Rhode,TM0.8,00900,207.0,,1984-07-25T00:00:00,41.833333,-71.360556,US,Rhode,RI_Providence,"ROGER WILLIAMS AVE., E. PROVIDENCE / NARRAGANSETT / TEN MILE",00900,STORET Rhode,HOUR25,HWIN-VAR-005,207.0,
STORET_Rhode_TM3.2_19840619_      2500,STORET_Rhode,TM3.2,00900,41.0,,1984-06-19T00:00:00,41.841944,-71.341944,US,Rhode,RI_Providence,"CENTRAL POND AT NEWMAN AVE., E. PROVIDENCE / NARRAGANSETT / TEN MILE",00900,STORET Rhode,HOUR25,HWIN-VAR-005,41.0,
STORET_Rhode_TM3.2_19840620_      2500,STORET_Rhode,TM3.2,00900,37.0,,1984-06-20T00:00:00,41.841944,-71.341944,US,Rhode,RI_Providence,"CENTRAL POND AT NEWMAN AVE., E. PROVIDENCE / NARRAGANSETT / TEN MILE",00900,STORET Rhode,HOUR25,HWIN-VAR-005,37.0,
STORET_Rhode_TM3.2_19840709_      2500,STORET_Rhode,TM3.2,00900,36.0,,1984-07-09T00:00:00,41.841944,-71.341944,US,Rhode,RI_Providence,"CENTRAL POND AT NEWMAN AVE., E. PROVIDENCE / NARRAGANSETT / TEN MILE",00900,STORET Rhode,HOUR25,HWIN-VAR-005,36.0,
STORET_Rhode_TM3.2_19840710_      2500,STORET_Rhode,TM3.2,00900,44.0,,1984-07-10T00:00:00,41.841944,-71.341944,US,Rhode,RI_Providence,"CENTRAL POND AT NEWMAN AVE., E. PROVIDENCE / NARRAGANSETT / TEN MILE",00900,STORET Rhode,HOUR25,HWIN-VAR-005,44.0,
STORET_Rhode_TM3.2_19840724_      2500,STORET_Rhode,TM3.2,00900,42.0,,1984-07-24T00:00:00,41.841944,-71.341944,US,Rhode,RI_Providence,"CENTRAL POND AT NEWMAN AVE., E. PROVIDENCE / NARRAGANSETT / TEN MILE",00900,STORET Rhode,HOUR25,HWIN-VAR-005,42.0,
STORET_Rhode_TM3.2_19840725_      2500,STORET_Rhode,TM3.2,00900,192.0,,1984-07-25T00:00:00,41.841944,-71.341944,US,Rhode,RI_Providence,"CENTRAL POND AT NEWMAN AVE., E. PROVIDENCE / NARRAGANSETT / TEN MILE",00900,STORET Rhode,HOUR25,HWIN-VAR-005,192.0,
STORET_Rhode_TM5.8_19840619_      2500,STORET_Rhode,TM5.8,00900,44.0,,1984-06-19T00:00:00,41.874444,-71.341111,US,Rhode,RI_Providence,"ARMISTICE BLVD., PAWTUCKET / NARRAGANSETT / TEN MILE",00900,STORET Rhode,HOUR25,HWIN-VAR-005,44.0,
STORET_Rhode_TM5.8_19840620_      2500,STORET_Rhode,TM5.8,00900,37.0,,1984-06-20T00:00:00,41.874444,-71.341111,US,Rhode,RI_Providence,"ARMISTICE BLVD., PAWTUCKET / NARRAGANSETT / TEN MILE",00900,STORET Rhode,HOUR25,HWIN-VAR-005,37.0,
STORET_Rhode_TM5.8_19840709_      2500,STORET_Rhode,TM5.8,00900,36.0,,1984-07-09T00:00:00,41.874444,-71.341111,US,Rhode,RI_Providence,"ARMISTICE BLVD., PAWTUCKET / NARRAGANSETT / TEN MILE",00900,STORET Rhode,HOUR25,HWIN-VAR-005,36.0,
STORET_Rhode_TM5.8_19840710_      2500,STORET_Rhode,TM5.8,00900,47.0,,1984-07-10T00:00:00,41.874444,-71.341111,US,Rhode,RI_Providence,"ARMISTICE BLVD., PAWTUCKET / NARRAGANSETT / TEN MILE",00900,STORET Rhode,HOUR25,HWIN-VAR-005,47.0,
STORET_Rhode_TM5.8_19840724_      2500,STORET_Rhode,TM5.8,00900,45.0,,1984-07-24T00:00:00,41.874444,-71.341111,US,Rhode,RI_Providence,"ARMISTICE BLVD., PAWTUCKET / NARRAGANSETT / TEN MILE",00900,STORET Rhode,HOUR25,HWIN-VAR-005,45.0,
STORET_Rhode_TM5.8_19840725_      2500,STORET_Rhode,TM5.8,00900,45.0,,1984-07-25T00:00:00,41.874444,-71.341111,US,Rhode,RI_Providence,"ARMISTICE BLVD., PAWTUCKET / NARRAGANSETT / TEN MILE",00900,STORET Rhode,HOUR25,HWIN-VAR-005,45.0,
STORET_Rhode_RI0001180_19910617_      2500,STORET_Rhode,RI0001180,00915,140.0,,1991-06-17T00:00:00,41.933333,-71.433333,US,Rhode,RI_Providence,GTE PRODUCTS CORP / 1193 BROAD ST. / BLACKSTONE RIVER / CENTRAL FALLS,00915,STORET Rhode,HOUR25,HWIN-VAR-017,140.0,
STORET_Rhode_RI0001180_19910619_      2500,STORET_Rhode,RI0001180,00915,40.0,,1991-06-19T00:00:00,41.933333,-71.433333,US,Rhode,RI_Providence,GTE PRODUCTS CORP / 1193 BROAD ST. / BLACKSTONE RIVER / CENTRAL FALLS,00915,STORET Rhode,HOUR25,HWIN-VAR-017,40.0,
STORET_Rhode_RI0001180_19910621_      2500,STORET_Rhode,RI0001180,00915,42.0,,1991-06-21T00:00:00,41.933333,-71.433333,US,Rhode,RI_Providence,GTE PRODUCTS CORP / 1193 BROAD ST. / BLACKSTONE RIVER / CENTRAL FALLS,00915,STORET Rhode,HOUR25,HWIN-VAR-017,42.0,
STORET_Rhode_RI0020141_19910617_      2500,STORET_Rhode,RI0020141,00915,14.0,,1991-06-17T00:00:00,41.933333,-71.433333,US,Rhode,RI_Providence,OKONITE CO-ASHTON / 111 MARTIN ST. / BLACKSTONE RIVER / ASHTON /V/,00915,STORET Rhode,HOUR25,HWIN-VAR-017,14.0,
STORET_Rhode_RI0020141_19910619_      2500,STORET_Rhode,RI0020141,00915,13.0,,1991-06-19T00:00:00,41.933333,-71.433333,US,Rhode,RI_Providence,OKONITE CO-ASHTON / 111 MARTIN ST. / BLACKSTONE RIVER / ASHTON /V/,00915,STORET Rhode,HOUR25,HWIN-VAR-017,13.0,
STORET_Rhode_RI0020141_19910621_      2500,STORET_Rhode,RI0020141,00915,12.0,,1991-06-21T00:00:00,41.933333,-71.433333,US,Rhode,RI_Providence,OKONITE CO-ASHTON / 111 MARTIN ST. / BLACKSTONE RIVER / ASHTON /V/,00915,STORET Rhode,HOUR25,HWIN-VAR-017,12.0,
STORET_Rhode_RI0100111_19910617_      2500,STORET_Rhode,RI0100111,00915,23.0,,1991-06-17T00:00:00,42.0,-71.496667,US,Rhode,RI_Providence,WOONSOCKET WPCP / CUMBERLAND HILL RD / BLACKSTONE RIVER / WOONSOCKET /CITY/,00915,STORET Rhode,HOUR25,HWIN-VAR-017,23.0,
STORET_Rhode_RI0100111_19910619_      2500,STORET_Rhode,RI0100111,00915,17.0,,1991-06-19T00:00:00,42.0,-71.496667,US,Rhode,RI_Providence,WOONSOCKET WPCP / CUMBERLAND HILL RD / BLACKSTONE RIVER / WOONSOCKET /CITY/,00915,STORET Rhode,HOUR25,HWIN-VAR-017,17.0,
STORET_Rhode_RI0100111_19910621_      2500,STORET_Rhode,RI0100111,00915,18.0,,1991-06-21T00:00:00,42.0,-71.496667,US,Rhode,RI_Providence,WOONSOCKET WPCP / CUMBERLAND HILL RD / BLACKSTONE RIVER / WOONSOCKET /CITY/,00915,STORET Rhode,HOUR25,HWIN-VAR-017,18.0,
STORET_Rhode_RI0100111_19910805_      2500,STORET_Rhode,RI0100111,00915,20.0,,1991-08-05T00:00:00,42.0,-71.496667,US,Rhode,RI_Providence,WOONSOCKET WPCP / CUMBERLAND HILL RD / BLACKSTONE RIVER / WOONSOCKET /CITY/,00915,STORET Rhode,HOUR25,HWIN-VAR-017,20.0,
STORET_Rhode_RI0100111_19910807_      2500,STORET_Rhode,RI0100111,00915,18.0,,1991-08-07T00:00:00,42.0,-71.496667,US,Rhode,RI_Providence,WOONSOCKET WPCP / CUMBERLAND HILL RD / BLACKSTONE RIVER / WOONSOCKET /CITY/,00915,STORET Rhode,HOUR25,HWIN-VAR-017,18.0,
STORET_Rhode_RI0100111_19910809_      2500,STORET_Rhode,RI0100111,00915,19.0,,1991-08-09T00:00:00,42.0,-71.496667,US,Rhode,RI_Providence,WOONSOCKET WPCP / CUMBERLAND HILL RD / BLACKSTONE RIVER / WOONSOCKET /CITY/,00915,STORET Rhode,HOUR25,HWIN-VAR-017,19.0,
STORET_Rhode_1D1-018_19841108_      2500,STORET_Rhode,1D1-018,00925,0.54,,1984-11-08T00:00:00,41.969444,-71.729167,US,Rhode,RI_Providence,WILSON RESERVOIR /  /,00925,STORET Rhode,HOUR25,HWIN-VAR-018,0.54,
STORET_Rhode_1D1-067_19841108_      2500,STORET_Rhode,1D1-067,00925,0.41,,1984-11-08T00:00:00,41.971389,-71.772222,US,Rhode,RI_Providence,ROUND POND /  /,00925,STORET Rhode,HOUR25,HWIN-VAR-018,0.41,
STORET_Rhode_1D2-049_19841104_      2500,STORET_Rhode,1D2-049,00925,0.605,,1984-11-04T00:00:00,41.909722,-71.65,US,Rhode,RI_Providence,SPRING GROVE POND /  /,00925,STORET Rhode,HOUR25,HWIN-VAR-018,0.605,
STORET_Rhode_1D2-069_19841104_      2500,STORET_Rhode,1D2-069,00925,0.347,,1984-11-04T00:00:00,41.772778,-71.660556,US,Rhode,RI_Providence,KING POND /  /,00925,STORET Rhode,HOUR25,HWIN-VAR-018,0.347,
STORET_Rhode_1D3-026_19841104_      2500,STORET_Rhode,1D3-026,00925,1.082,,1984-11-04T00:00:00,41.983333,-71.395833,US,Rhode,RI_Providence,ARNOLD MILLS RES /  /,00925,STORET Rhode,HOUR25,HWIN-VAR-018,1.082,
STORET_Rhode_1D1-018_19841108_      2500,STORET_Rhode,1D1-018,00930,5.83,,1984-11-08T00:00:00,41.969444,-71.729167,US,Rhode,RI_Providence,WILSON RESERVOIR /  /,00930,STORET Rhode,HOUR25,HWIN-VAR-017,5.83,
STORET_Rhode_1D1-067_19841108_      2500,STORET_Rhode,1D1-067,00930,4.77,,1984-11-08T00:00:00,41.971389,-71.772222,US,Rhode,RI_Providence,ROUND POND /  /,00930,STORET Rhode,HOUR25,HWIN-VAR-017,4.77,
STORET_Rhode_1D2-049_19841104_      2500,STORET_Rhode,1D2-049,00930,7.22,,1984-11-04T00:00:00,41.909722,-71.65,US,Rhode,RI_Providence,SPRING GROVE POND /  /,00930,STORET Rhode,HOUR25,HWIN-VAR-017,7.22,
STORET_Rhode_1D2-069_19841104_      2500,STORET_Rhode,1D2-069,00930,2.737,,1984-11-04T00:00:00,41.772778,-71.660556,US,Rhode,RI_Providence,KING POND /  /,00930,STORET Rhode,HOUR25,HWIN-VAR-017,2.737,
STORET_Rhode_1D3-026_19841104_      2500,STORET_Rhode,1D3-026,00930,7.41,,1984-11-04T00:00:00,41.983333,-71.395833,US,Rhode,RI_Providence,ARNOLD MILLS RES /  /,00930,STORET Rhode,HOUR25,HWIN-VAR-017,7.41,
STORET_Rhode_1D1-018_19841108_      2500,STORET_Rhode,1D1-018,00935,1.035,,1984-11-08T00:00:00,41.969444,-71.729167,US,Rhode,RI_Providence,WILSON RESERVOIR /  /,00935,STORET Rhode,HOUR25,HWIN-VAR-017,1.035,
STORET_Rhode_1D1-067_19841108_      2500,STORET_Rhode,1D1-067,00935,0.65,,1984-11-08T00:00:00,41.971389,-71.772222,US,Rhode,RI_Providence,ROUND POND /  /,00935,STORET Rhode,HOUR25,HWIN-VAR-017,0.65,
STORET_Rhode_1D2-049_19841104_      2500,STORET_Rhode,1D2-049,00935,1.186,,1984-11-04T00:00:00,41.909722,-71.65,US,Rhode,RI_Providence,SPRING GROVE POND /  /,00935,STORET Rhode,HOUR25,HWIN-VAR-017,1.186,
STORET_Rhode_1D2-069_19841104_      2500,STORET_Rhode,1D2-069,00935,0.738,,1984-11-04T00:00:00,41.772778,-71.660556,US,Rhode,RI_Providence,KING POND /  /,00935,STORET Rhode,HOUR25,HWIN-VAR-017,0.738,
STORET_Rhode_1D3-026_19841104_      2500,STORET_Rhode,1D3-026,00935,0.968,,1984-11-04T00:00:00,41.983333,-71.395833,US,Rhode,RI_Providence,ARNOLD MILLS RES /  /,00935,STORET Rhode,HOUR25,HWIN-VAR-017,0.968,
STORET_Rhode_TM0.8_19840619_      2500,STORET_Rhode,TM0.8,00940,27.0,,1984-06-19T00:00:00,41.833333,-71.360556,US,Rhode,RI_Providence,"ROGER WILLIAMS AVE., E. PROVIDENCE / NARRAGANSETT / TEN MILE",00940,STORET Rhode,HOUR25,HWIN-VAR-017,27.0,
STORET_Rhode_TM0.8_19840620_      2500,STORET_Rhode,TM0.8,00940,27.0,,1984-06-20T00:00:00,41.833333,-71.360556,US,Rhode,RI_Providence,"ROGER WILLIAMS AVE., E. PROVIDENCE / NARRAGANSETT / TEN MILE",00940,STORET Rhode,HOUR25,HWIN-VAR-017,27.0,
STORET_Rhode_TM0.8_19840709_      2500,STORET_Rhode,TM0.8,00940,37.0,,1984-07-09T00:00:00,41.833333,-71.360556,US,Rhode,RI_Providence,"ROGER WILLIAMS AVE., E. PROVIDENCE / NARRAGANSETT / TEN MILE",00940,STORET Rhode,HOUR25,HWIN-VAR-017,37.0,
STORET_Rhode_TM0.8_19840710_      2500,STORET_Rhode,TM0.8,00940,35.0,,1984-07-10T00:00:00,41.833333,-71.360556,US,Rhode,RI_Providence,"ROGER WILLIAMS AVE., E. PROVIDENCE / NARRAGANSETT / TEN MILE",00940,STORET Rhode,HOUR25,HWIN-VAR-017,35.0,
STORET_Rhode_TM0.8_19840724_      2500,STORET_Rhode,TM0.8,00940,30.0,,1984-07-24T00:00:00,41.833333,-71.360556,US,Rhode,RI_Providence,"ROGER WILLIAMS AVE., E. PROVIDENCE / NARRAGANSETT / TEN MILE",00940,STORET Rhode,HOUR25,HWIN-VAR-017,30.0,
STORET_Rhode_TM0.8_19840725_      2500,STORET_Rhode,TM0.8,00940,2.5,,1984-07-25T00:00:00,41.833333,-71.360556,US,Rhode,RI_Providence,"ROGER WILLIAMS AVE., E. PROVIDENCE / NARRAGANSETT / TEN MILE",00940,STORET Rhode,HOUR25,HWIN-VAR-017,2.5,
STORET_Rhode_TM3.2_19840619_      2500,STORET_Rhode,TM3.2,00940,27.0,,1984-06-19T00:00:00,41.841944,-71.341944,US,Rhode,RI_Providence,"CENTRAL POND AT NEWMAN AVE., E. PROVIDENCE / NARRAGANSETT / TEN MILE",00940,STORET Rhode,HOUR25,HWIN-VAR-017,27.0,
STORET_Rhode_TM3.2_19840620_      2500,STORET_Rhode,TM3.2,00940,26.0,,1984-06-20T00:00:00,41.841944,-71.341944,US,Rhode,RI_Providence,"CENTRAL POND AT NEWMAN AVE., E. PROVIDENCE / NARRAGANSETT / TEN MILE",00940,STORET Rhode,HOUR25,HWIN-VAR-017,26.0,
STORET_Rhode_TM3.2_19840709_      2500,STORET_Rhode,TM3.2,00940,28.0,,1984-07-09T00:00:00,41.841944,-71.341944,US,Rhode,RI_Providence,"CENTRAL POND AT NEWMAN AVE., E. PROVIDENCE / NARRAGANSETT / TEN MILE",00940,STORET Rhode,HOUR25,HWIN-VAR-017,28.0,
STORET_Rhode_TM3.2_19840710_      2500,STORET_Rhode,TM3.2,00940,23.0,,1984-07-10T00:00:00,41.841944,-71.341944,US,Rhode,RI_Providence,"CENTRAL POND AT NEWMAN AVE., E. PROVIDENCE / NARRAGANSETT / TEN MILE",00940,STORET Rhode,HOUR25,HWIN-VAR-017,23.0,
STORET_Rhode_TM3.2_19840724_      2500,STORET_Rhode,TM3.2,00940,27.0,,1984-07-24T00:00:00,41.841944,-71.341944,US,Rhode,RI_Providence,"CENTRAL POND AT NEWMAN AVE., E. PROVIDENCE / NARRAGANSETT / TEN MILE",00940,STORET Rhode,HOUR25,HWIN-VAR-017,27.0,
STORET_Rhode_TM3.2_19840725_      2500,STORET_Rhode,TM3.2,00940,1.9,,1984-07-25T00:00:00,41.841944,-71.341944,US,Rhode,RI_Providence,"CENTRAL POND AT NEWMAN AVE., E. PROVIDENCE / NARRAGANSETT / TEN MILE",00940,STORET Rhode,HOUR25,HWIN-VAR-017,1.9,
STORET_Rhode_TM5.8_19840619_      2500,STORET_Rhode,TM5.8,00940,29.0,,1984-06-19T00:00:00,41.874444,-71.341111,US,Rhode,RI_Providence,"ARMISTICE BLVD., PAWTUCKET / NARRAGANSETT / TEN MILE",00940,STORET Rhode,HOUR25,HWIN-VAR-017,29.0,
STORET_Rhode_TM5.8_19840620_      2500,STORET_Rhode,TM5.8,00940,31.0,,1984-06-20T00:00:00,41.874444,-71.341111,US,Rhode,RI_Providence,"ARMISTICE BLVD., PAWTUCKET / NARRAGANSETT / TEN MILE",00940,STORET Rhode,HOUR25,HWIN-VAR-017,31.0,
STORET_Rhode_TM5.8_19840709_      2500,STORET_Rhode,TM5.8,00940,26.0,,1984-07-09T00:00:00,41.874444,-71.341111,US,Rhode,RI_Providence,"ARMISTICE BLVD., PAWTUCKET / NARRAGANSETT / TEN MILE",00940,STORET Rhode,HOUR25,HWIN-VAR-017,26.0,
STORET_Rhode_TM5.8_19840710_      2500,STORET_Rhode,TM5.8,00940,27.0,,1984-07-10T00:00:00,41.874444,-71.341111,US,Rhode,RI_Providence,"ARMISTICE BLVD., PAWTUCKET / NARRAGANSETT / TEN MILE",00940,STORET Rhode,HOUR25,HWIN-VAR-017,27.0,
STORET_Rhode_TM5.8_19840724_      2500,STORET_Rhode,TM5.8,00940,31.0,,1984-07-24T00:00:00,41.874444,-71.341111,US,Rhode,RI_Providence,"ARMISTICE BLVD., PAWTUCKET / NARRAGANSETT / TEN MILE",00940,STORET Rhode,HOUR25,HWIN-VAR-017,31.0,
STORET_Rhode_TM5.8_19840725_      2500,STORET_Rhode,TM5.8,00940,33.0,,1984-07-25T00:00:00,41.874444,-71.341111,US,Rhode,RI_Providence,"ARMISTICE BLVD., PAWTUCKET / NARRAGANSETT / TEN MILE",00940,STORET Rhode,HOUR25,HWIN-VAR-017,33.0,
STORET_Rhode_1D1-018_19841108_      2500,STORET_Rhode,1D1-018,00941,8.255,,1984-11-08T00:00:00,41.969444,-71.729167,US,Rhode,RI_Providence,WILSON RESERVOIR /  /,00941,STORET Rhode,HOUR25,HWIN-VAR-017,8.255,
STORET_Rhode_1D1-067_19841108_      2500,STORET_Rhode,1D1-067,00941,6.4,,1984-11-08T00:00:00,41.971389,-71.772222,US,Rhode,RI_Providence,ROUND POND /  /,00941,STORET Rhode,HOUR25,HWIN-VAR-017,6.4,
STORET_Rhode_1D2-049_19841104_      2500,STORET_Rhode,1D2-049,00941,11.213,,1984-11-04T00:00:00,41.909722,-71.65,US,Rhode,RI_Providence,SPRING GROVE POND /  /,00941,STORET Rhode,HOUR25,HWIN-VAR-017,11.213,
STORET_Rhode_1D2-069_19841104_      2500,STORET_Rhode,1D2-069,00941,2.887,,1984-11-04T00:00:00,41.772778,-71.660556,US,Rhode,RI_Providence,KING POND /  /,00941,STORET Rhode,HOUR25,HWIN-VAR-017,2.887,
STORET_Rhode_1D3-026_19841104_      2500,STORET_Rhode,1D3-026,00941,12.738,,1984-11-04T00:00:00,41.983333,-71.395833,US,Rhode,RI_Providence,ARNOLD MILLS RES /  /,00941,STORET Rhode,HOUR25,HWIN-VAR-017,12.738,
STORET_Rhode_TM0.8_19840619_      2500,STORET_Rhode,TM0.8,00945,2.6,,1984-06-19T00:00:00,41.833333,-71.360556,US,Rhode,RI_Providence,"ROGER WILLIAMS AVE., E. PROVIDENCE / NARRAGANSETT / TEN MILE",00945,STORET Rhode,HOUR25,HWIN-VAR-018,2.6,
STORET_Rhode_TM0.8_19840620_      2500,STORET_Rhode,TM0.8,00945,2.1,,1984-06-20T00:00:00,41.833333,-71.360556,US,Rhode,RI_Providence,"ROGER WILLIAMS AVE., E. PROVIDENCE / NARRAGANSETT / TEN MILE",00945,STORET Rhode,HOUR25,HWIN-VAR-018,2.1,
STORET_Rhode_TM0.8_19840709_      2500,STORET_Rhode,TM0.8,00945,3.0,,1984-07-09T00:00:00,41.833333,-71.360556,US,Rhode,RI_Providence,"ROGER WILLIAMS AVE., E. PROVIDENCE / NARRAGANSETT / TEN MILE",00945,STORET Rhode,HOUR25,HWIN-VAR-018,3.0,
STORET_Rhode_TM0.8_19840710_      2500,STORET_Rhode,TM0.8,00945,2.7,,1984-07-10T00:00:00,41.833333,-71.360556,US,Rhode,RI_Providence,"ROGER WILLIAMS AVE., E. PROVIDENCE / NARRAGANSETT / TEN MILE",00945,STORET Rhode,HOUR25,HWIN-VAR-018,2.7,
STORET_Rhode_TM0.8_19840724_      2500,STORET_Rhode,TM0.8,00945,2.4,,1984-07-24T00:00:00,41.833333,-71.360556,US,Rhode,RI_Providence,"ROGER WILLIAMS AVE., E. PROVIDENCE / NARRAGANSETT / TEN MILE",00945,STORET Rhode,HOUR25,HWIN-VAR-018,2.4,
STORET_Rhode_TM0.8_19840725_      2500,STORET_Rhode,TM0.8,00945,11.0,,1984-07-25T00:00:00,41.833333,-71.360556,US,Rhode,RI_Providence,"ROGER WILLIAMS AVE., E. PROVIDENCE / NARRAGANSETT / TEN MILE",00945,STORET Rhode,HOUR25,HWIN-VAR-018,11.0,
STORET_Rhode_TM3.2_19840619_      2500,STORET_Rhode,TM3.2,00945,2.2,,1984-06-19T00:00:00,41.841944,-71.341944,US,Rhode,RI_Providence,"CENTRAL POND AT NEWMAN AVE., E. PROVIDENCE / NARRAGANSETT / TEN MILE",00945,STORET Rhode,HOUR25,HWIN-VAR-018,2.2,
STORET_Rhode_TM3.2_19840620_      2500,STORET_Rhode,TM3.2,00945,2.4,,1984-06-20T00:00:00,41.841944,-71.341944,US,Rhode,RI_Providence,"CENTRAL POND AT NEWMAN AVE., E. PROVIDENCE / NARRAGANSETT / TEN MILE",00945,STORET Rhode,HOUR25,HWIN-VAR-018,2.4,
STORET_Rhode_TM3.2_19840709_      2500,STORET_Rhode,TM3.2,00945,2.1,,1984-07-09T00:00:00,41.841944,-71.341944,US,Rhode,RI_Providence,"CENTRAL POND AT NEWMAN AVE., E. PROVIDENCE / NARRAGANSETT / TEN MILE",00945,STORET Rhode,HOUR25,HWIN-VAR-018,2.1,
STORET_Rhode_TM3.2_19840710_      2500,STORET_Rhode,TM3.2,00945,2.0,,1984-07-10T00:00:00,41.841944,-71.341944,US,Rhode,RI_Providence,"CENTRAL POND AT NEWMAN AVE., E. PROVIDENCE / NARRAGANSETT / TEN MILE",00945,STORET Rhode,HOUR25,HWIN-VAR-018,2.0,
STORET_Rhode_TM3.2_19840724_      2500,STORET_Rhode,TM3.2,00945,2.1,,1984-07-24T00:00:00,41.841944,-71.341944,US,Rhode,RI_Providence,"CENTRAL POND AT NEWMAN AVE., E. PROVIDENCE / NARRAGANSETT / TEN MILE",00945,STORET Rhode,HOUR25,HWIN-VAR-018,2.1,
STORET_Rhode_TM3.2_19840725_      2500,STORET_Rhode,TM3.2,00945,8.5,,1984-07-25T00:00:00,41.841944,-71.341944,US,Rhode,RI_Providence,"CENTRAL POND AT NEWMAN AVE., E. PROVIDENCE / NARRAGANSETT / TEN MILE",00945,STORET Rhode,HOUR25,HWIN-VAR-018,8.5,
STORET_Rhode_TM5.8_19840619_      2500,STORET_Rhode,TM5.8,00945,2.9,,1984-06-19T00:00:00,41.874444,-71.341111,US,Rhode,RI_Providence,"ARMISTICE BLVD., PAWTUCKET / NARRAGANSETT / TEN MILE",00945,STORET Rhode,HOUR25,HWIN-VAR-018,2.9,
STORET_Rhode_TM5.8_19840620_      2500,STORET_Rhode,TM5.8,00945,2.0,,1984-06-20T00:00:00,41.874444,-71.341111,US,Rhode,RI_Providence,"ARMISTICE BLVD., PAWTUCKET / NARRAGANSETT / TEN MILE",00945,STORET Rhode,HOUR25,HWIN-VAR-018,2.0,
STORET_Rhode_TM5.8_19840709_      2500,STORET_Rhode,TM5.8,00945,2.0,,1984-07-09T00:00:00,41.874444,-71.341111,US,Rhode,RI_Providence,"ARMISTICE BLVD., PAWTUCKET / NARRAGANSETT / TEN MILE",00945,STORET Rhode,HOUR25,HWIN-VAR-018,2.0,
STORET_Rhode_TM5.8_19840710_      2500,STORET_Rhode,TM5.8,00945,2.0,,1984-07-10T00:00:00,41.874444,-71.341111,US,Rhode,RI_Providence,"ARMISTICE BLVD., PAWTUCKET / NARRAGANSETT / TEN MILE",00945,STORET Rhode,HOUR25,HWIN-VAR-018,2.0,
STORET_Rhode_TM5.8_19840724_      2500,STORET_Rhode,TM5.8,00945,2.2,,1984-07-24T00:00:00,41.874444,-71.341111,US,Rhode,RI_Providence,"ARMISTICE BLVD., PAWTUCKET / NARRAGANSETT / TEN MILE",00945,STORET Rhode,HOUR25,HWIN-VAR-018,2.2,
STORET_Rhode_TM5.8_19840725_      2500,STORET_Rhode,TM5.8,00945,2.3,,1984-07-25T00:00:00,41.874444,-71.341111,US,Rhode,RI_Providence,"ARMISTICE BLVD., PAWTUCKET / NARRAGANSETT / TEN MILE",00945,STORET Rhode,HOUR25,HWIN-VAR-018,2.3,
STORET_Rhode_1D1-018_19841108_      2500,STORET_Rhode,1D1-018,00950,0.212,,1984-11-08T00:00:00,41.969444,-71.729167,US,Rhode,RI_Providence,WILSON RESERVOIR /  /,00950,STORET Rhode,HOUR25,HWIN-VAR-017,0.212,
STORET_Rhode_1D1-067_19841108_      2500,STORET_Rhode,1D1-067,00950,0.31,,1984-11-08T00:00:00,41.971389,-71.772222,US,Rhode,RI_Providence,ROUND POND /  /,00950,STORET Rhode,HOUR25,HWIN-VAR-017,0.31,
STORET_Rhode_1D2-049_19841104_      2500,STORET_Rhode,1D2-049,00950,0.0778,,1984-11-04T00:00:00,41.909722,-71.65,US,Rhode,RI_Providence,SPRING GROVE POND /  /,00950,STORET Rhode,HOUR25,HWIN-VAR-017,0.0778,
STORET_Rhode_1D2-069_19841104_      2500,STORET_Rhode,1D2-069,00950,0.2773,,1984-11-04T00:00:00,41.772778,-71.660556,US,Rhode,RI_Providence,KING POND /  /,00950,STORET Rhode,HOUR25,HWIN-VAR-017,0.2773,
STORET_Rhode_1D3-026_19841104_      2500,STORET_Rhode,1D3-026,00950,0.0595,,1984-11-04T00:00:00,41.983333,-71.395833,US,Rhode,RI_Providence,ARNOLD MILLS RES /  /,00950,STORET Rhode,HOUR25,HWIN-VAR-017,0.0595,
STORET_Rhode_1D1-018_19841108_      2500,STORET_Rhode,1D1-018,00955,4.05,,1984-11-08T00:00:00,41.969444,-71.729167,US,Rhode,RI_Providence,WILSON RESERVOIR /  /,00955,STORET Rhode,HOUR25,HWIN-VAR-019,4.05,
STORET_Rhode_1D1-067_19841108_      2500,STORET_Rhode,1D1-067,00955,3.6,,1984-11-08T00:00:00,41.971389,-71.772222,US,Rhode,RI_Providence,ROUND POND /  /,00955,STORET Rhode,HOUR25,HWIN-VAR-019,3.6,
STORET_Rhode_1D2-049_19841104_      2500,STORET_Rhode,1D2-049,00955,2.501,,1984-11-04T00:00:00,41.909722,-71.65,US,Rhode,RI_Providence,SPRING GROVE POND /  /,00955,STORET Rhode,HOUR25,HWIN-VAR-019,2.501,
STORET_Rhode_1D2-069_19841104_      2500,STORET_Rhode,1D2-069,00955,0.176,,1984-11-04T00:00:00,41.772778,-71.660556,US,Rhode,RI_Providence,KING POND /  /,00955,STORET Rhode,HOUR25,HWIN-VAR-019,0.176,
STORET_Rhode_1D3-026_19841104_      2500,STORET_Rhode,1D3-026,00955,2.724,,1984-11-04T00:00:00,41.983333,-71.395833,US,Rhode,RI_Providence,ARNOLD MILLS RES /  /,00955,STORET Rhode,HOUR25,HWIN-VAR-019,2.724,
STORET_Rhode_RI0001180_19910617_      2500,STORET_Rhode,RI0001180,01034,69.0,,1991-06-17T00:00:00,41.933333,-71.433333,US,Rhode,RI_Providence,GTE PRODUCTS CORP / 1193 BROAD ST. / BLACKSTONE RIVER / CENTRAL FALLS,01034,STORET Rhode,HOUR25,HWIN-VAR-017,69.0,
STORET_Rhode_RI0001180_19910619_      2500,STORET_Rhode,RI0001180,01034,73.0,,1991-06-19T00:00:00,41.933333,-71.433333,US,Rhode,RI_Providence,GTE PRODUCTS CORP / 1193 BROAD ST. / BLACKSTONE RIVER / CENTRAL FALLS,01034,STORET Rhode,HOUR25,HWIN-VAR-017,73.0,
STORET_Rhode_RI0001180_19910621_      2500,STORET_Rhode,RI0001180,01034,238.0,,1991-06-21T00:00:00,41.933333,-71.433333,US,Rhode,RI_Providence,GTE PRODUCTS CORP / 1193 BROAD ST. / BLACKSTONE RIVER / CENTRAL FALLS,01034,STORET Rhode,HOUR25,HWIN-VAR-017,238.0,
STORET_Rhode_RI0020141_19910617_      2500,STORET_Rhode,RI0020141,01034,7.0,,1991-06-17T00:00:00,41.933333,-71.433333,US,Rhode,RI_Providence,OKONITE CO-ASHTON / 111 MARTIN ST. / BLACKSTONE RIVER / ASHTON /V/,01034,STORET Rhode,HOUR25,HWIN-VAR-017,7.0,
STORET_Rhode_RI0020141_19910619_      2500,STORET_Rhode,RI0020141,01034,0.0,,1991-06-19T00:00:00,41.933333,-71.433333,US,Rhode,RI_Providence,OKONITE CO-ASHTON / 111 MARTIN ST. / BLACKSTONE RIVER / ASHTON /V/,01034,STORET Rhode,T|HOUR25,HWIN-VAR-017,0.0,
STORET_Rhode_RI0020141_19910621_      2500,STORET_Rhode,RI0020141,01034,0.0,,1991-06-21T00:00:00,41.933333,-71.433333,US,Rhode,RI_Providence,OKONITE CO-ASHTON / 111 MARTIN ST. / BLACKSTONE RIVER / ASHTON /V/,01034,STORET Rhode,T|HOUR25,HWIN-VAR-017,0.0,
STORET_Rhode_RI0100111_19910617_      2500,STORET_Rhode,RI0100111,01034,0.0,,1991-06-17T00:00:00,42.0,-71.496667,US,Rhode,RI_Providence,WOONSOCKET WPCP / CUMBERLAND HILL RD / BLACKSTONE RIVER / WOONSOCKET /CITY/,01034,STORET Rhode,T|HOUR25,HWIN-VAR-017,0.0,
STORET_Rhode_RI0100111_19910619_      2500,STORET_Rhode,RI0100111,01034,0.0,,1991-06-19T00:00:00,42.0,-71.496667,US,Rhode,RI_Providence,WOONSOCKET WPCP / CUMBERLAND HILL RD / BLACKSTONE RIVER / WOONSOCKET /CITY/,01034,STORET Rhode,T|HOUR25,HWIN-VAR-017,0.0,
STORET_Rhode_RI0100111_19910621_      2500,STORET_Rhode,RI0100111,01034,0.0,,1991-06-21T00:00:00,42.0,-71.496667,US,Rhode,RI_Providence,WOONSOCKET WPCP / CUMBERLAND HILL RD / BLACKSTONE RIVER / WOONSOCKET /CITY/,01034,STORET Rhode,T|HOUR25,HWIN-VAR-017,0.0,
STORET_Rhode_RI0100111_19910805_      2500,STORET_Rhode,RI0100111,01034,5.0,,1991-08-05T00:00:00,42.0,-71.496667,US,Rhode,RI_Providence,WOONSOCKET WPCP / CUMBERLAND HILL RD / BLACKSTONE RIVER / WOONSOCKET /CITY/,01034,STORET Rhode,K|HOUR25,HWIN-VAR-017,5.0,
STORET_Rhode_RI0100111_19910807_      2500,STORET_Rhode,RI0100111,01034,15.0,,1991-08-07T00:00:00,42.0,-71.496667,US,Rhode,RI_Providence,WOONSOCKET WPCP / CUMBERLAND HILL RD / BLACKSTONE RIVER / WOONSOCKET /CITY/,01034,STORET Rhode,HOUR25,HWIN-VAR-017,15.0,
STORET_Rhode_RI0100111_19910809_      2500,STORET_Rhode,RI0100111,01034,8.6,,1991-08-09T00:00:00,42.0,-71.496667,US,Rhode,RI_Providence,WOONSOCKET WPCP / CUMBERLAND HILL RD / BLACKSTONE RIVER / WOONSOCKET /CITY/,01034,STORET Rhode,HOUR25,HWIN-VAR-017,8.6,
STORET_Rhode_TM0.8_19730703_      2500,STORET_Rhode,TM0.8,01034,0.0,,1973-07-03T00:00:00,41.833333,-71.360556,US,Rhode,RI_Providence,"ROGER WILLIAMS AVE., E. PROVIDENCE / NARRAGANSETT / TEN MILE",01034,STORET Rhode,HOUR25,HWIN-VAR-017,0.0,
STORET_Rhode_TM0.8_19730705_      2500,STORET_Rhode,TM0.8,01034,0.0,,1973-07-05T00:00:00,41.833333,-71.360556,US,Rhode,RI_Providence,"ROGER WILLIAMS AVE., E. PROVIDENCE / NARRAGANSETT / TEN MILE",01034,STORET Rhode,HOUR25,HWIN-VAR-017,0.0,
STORET_Rhode_TM0.8_19730918_      2500,STORET_Rhode,TM0.8,01034,10.0,,1973-09-18T00:00:00,41.833333,-71.360556,US,Rhode,RI_Providence,"ROGER WILLIAMS AVE., E. PROVIDENCE / NARRAGANSETT / TEN MILE",01034,STORET Rhode,HOUR25,HWIN-VAR-017,10.0,
STORET_Rhode_TM0.8_19730920_      2500,STORET_Rhode,TM0.8,01034,10.0,,1973-09-20T00:00:00,41.833333,-71.360556,US,Rhode,RI_Providence,"ROGER WILLIAMS AVE., E. PROVIDENCE / NARRAGANSETT / TEN MILE",01034,STORET Rhode,HOUR25,HWIN-VAR-017,10.0,
STORET_Rhode_TM0.8_19810617_      2500,STORET_Rhode,TM0.8,01034,510.0,,1981-06-17T00:00:00,41.833333,-71.360556,US,Rhode,RI_Providence,"ROGER WILLIAMS AVE., E. PROVIDENCE / NARRAGANSETT / TEN MILE",01034,STORET Rhode,HOUR25,HWIN-VAR-017,510.0,
STORET_Rhode_TM0.8_19810826_      2500,STORET_Rhode,TM0.8,01034,0.0,,1981-08-26T00:00:00,41.833333,-71.360556,US,Rhode,RI_Providence,"ROGER WILLIAMS AVE., E. PROVIDENCE / NARRAGANSETT / TEN MILE",01034,STORET Rhode,HOUR25,HWIN-VAR-017,0.0,
STORET_Rhode_TM2.5_19730703_      2500,STORET_Rhode,TM2.5,01034,0.0,,1973-07-03T00:00:00,41.833056,-71.342222,US,Rhode,RI_Providence,"TURNER RESERVOIR, ABOVE DAM E. PROVIDENCE / NARRAGANSETT / TEN MILE",01034,STORET Rhode,HOUR25,HWIN-VAR-017,0.0,
STORET_Rhode_TM2.5_19730705_      2500,STORET_Rhode,TM2.5,01034,0.0,,1973-07-05T00:00:00,41.833056,-71.342222,US,Rhode,RI_Providence,"TURNER RESERVOIR, ABOVE DAM E. PROVIDENCE / NARRAGANSETT / TEN MILE",01034,STORET Rhode,HOUR25,HWIN-VAR-017,0.0,
STORET_Rhode_TM2.5_19730918_      2500,STORET_Rhode,TM2.5,01034,0.0,,1973-09-18T00:00:00,41.833056,-71.342222,US,Rhode,RI_Providence,"TURNER RESERVOIR, ABOVE DAM E. PROVIDENCE / NARRAGANSETT / TEN MILE",01034,STORET Rhode,HOUR25,HWIN-VAR-017,0.0,
STORET_Rhode_TM2.5_19730920_      2500,STORET_Rhode,TM2.5,01034,0.0,,1973-09-20T00:00:00,41.833056,-71.342222,US,Rhode,RI_Providence,"TURNER RESERVOIR, ABOVE DAM E. PROVIDENCE / NARRAGANSETT / TEN MILE",01034,STORET Rhode,HOUR25,HWIN-VAR-017,0.0,
STORET_Rhode_TM3.2_19730703_      2500,STORET_Rhode,TM3.2,01034,10.0,,1973-07-03T00:00:00,41.841944,-71.341944,US,Rhode,RI_Providence,"CENTRAL POND AT NEWMAN AVE., E. PROVIDENCE / NARRAGANSETT / TEN MILE",01034,STORET Rhode,HOUR25,HWIN-VAR-017,10.0,
STORET_Rhode_TM3.2_19730705_      2500,STORET_Rhode,TM3.2,01034,0.0,,1973-07-05T00:00:00,41.841944,-71.341944,US,Rhode,RI_Providence,"CENTRAL POND AT NEWMAN AVE., E. PROVIDENCE / NARRAGANSETT / TEN MILE",01034,STORET Rhode,HOUR25,HWIN-VAR-017,0.0,
STORET_Rhode_TM3.2_19730918_      2500,STORET_Rhode,TM3.2,01034,10.0,,1973-09-18T00:00:00,41.841944,-71.341944,US,Rhode,RI_Providence,"CENTRAL POND AT NEWMAN AVE., E. PROVIDENCE / NARRAGANSETT / TEN MILE",01034,STORET Rhode,HOUR25,HWIN-VAR-017,10.0,
STORET_Rhode_TM3.2_19730920_      2500,STORET_Rhode,TM3.2,01034,0.0,,1973-09-20T00:00:00,41.841944,-71.341944,US,Rhode,RI_Providence,"CENTRAL POND AT NEWMAN AVE., E. PROVIDENCE / NARRAGANSETT / TEN MILE",01034,STORET Rhode,HOUR25,HWIN-VAR-017,0.0,
STORET_Rhode_TM3.2_19810617_      2500,STORET_Rhode,TM3.2,01034,490.0,,1981-06-17T00:00:00,41.841944,-71.341944,US,Rhode,RI_Providence,"CENTRAL POND AT NEWMAN AVE., E. PROVIDENCE / NARRAGANSETT / TEN MILE",01034,STORET Rhode,HOUR25,HWIN-VAR-017,490.0,
STORET_Rhode_TM3.2_19810826_      2500,STORET_Rhode,TM3.2,01034,0.0,,1981-08-26T00:00:00,41.841944,-71.341944,US,Rhode,RI_Providence,"CENTRAL POND AT NEWMAN AVE., E. PROVIDENCE / NARRAGANSETT / TEN MILE",01034,STORET Rhode,HOUR25,HWIN-VAR-017,0.0,
STORET_Rhode_TM5.8_19730703_      2500,STORET_Rhode,TM5.8,01034,10.0,,1973-07-03T00:00:00,41.874444,-71.341111,US,Rhode,RI_Providence,"ARMISTICE BLVD., PAWTUCKET / NARRAGANSETT / TEN MILE",01034,STORET Rhode,HOUR25,HWIN-VAR-017,10.0,
STORET_Rhode_TM5.8_19730705_      2500,STORET_Rhode,TM5.8,01034,10.0,,1973-07-05T00:00:00,41.874444,-71.341111,US,Rhode,RI_Providence,"ARMISTICE BLVD., PAWTUCKET / NARRAGANSETT / TEN MILE",01034,STORET Rhode,HOUR25,HWIN-VAR-017,10.0,
STORET_Rhode_TM5.8_19730918_      2500,STORET_Rhode,TM5.8,01034,10.0,,1973-09-18T00:00:00,41.874444,-71.341111,US,Rhode,RI_Providence,"ARMISTICE BLVD., PAWTUCKET / NARRAGANSETT / TEN MILE",01034,STORET Rhode,HOUR25,HWIN-VAR-017,10.0,
STORET_Rhode_TM5.8_19730920_      2500,STORET_Rhode,TM5.8,01034,10.0,,1973-09-20T00:00:00,41.874444,-71.341111,US,Rhode,RI_Providence,"ARMISTICE BLVD., PAWTUCKET / NARRAGANSETT / TEN MILE",01034,STORET Rhode,HOUR25,HWIN-VAR-017,10.0,
STORET_Rhode_TM5.8_19810617_      2500,STORET_Rhode,TM5.8,01034,510.0,,1981-06-17T00:00:00,41.874444,-71.341111,US,Rhode,RI_Providence,"ARMISTICE BLVD., PAWTUCKET / NARRAGANSETT / TEN MILE",01034,STORET Rhode,HOUR25,HWIN-VAR-017,510.0,
STORET_Rhode_TM5.8_19810826_      2500,STORET_Rhode,TM5.8,01034,0.0,,1981-08-26T00:00:00,41.874444,-71.341111,US,Rhode,RI_Providence,"ARMISTICE BLVD., PAWTUCKET / NARRAGANSETT / TEN MILE",01034,STORET Rhode,HOUR25,HWIN-VAR-017,0.0,
STORET_Rhode_CIBA01_19790531_      9999,STORET_Rhode,CIBA01,01034,100.0,,1979-05-31T00:00:00,41.765278,-71.413889,US,Rhode,RI_Providence,CIBA-GEIGY CORP CRANSTON RHODE ISLAND  RI0001171 / NORTHEAST / NARRAGANSETT BAY BASIN PAWTUXET RIVER,01034,STORET Rhode,K|TIME_SENTINEL,HWIN-VAR-017,100.0,
STORET_Rhode_RI0001180_19910617_      2500,STORET_Rhode,RI0001180,01034,69.0,,1991-06-17T00:00:00,41.933333,-71.433333,US,Rhode,RI_Providence,GTE PRODUCTS CORP / 1193 BROAD ST. / BLACKSTONE RIVER / CENTRAL FALLS,01034,STORET Rhode,HOUR25,HWIN-VAR-017,69.0,
STORET_Rhode_RI0001180_19910619_      2500,STORET_Rhode,RI0001180,01034,73.0,,1991-06-19T00:00:00,41.933333,-71.433333,US,Rhode,RI_Providence,GTE PRODUCTS CORP / 1193 BROAD ST. / BLACKSTONE RIVER / CENTRAL FALLS,01034,STORET Rhode,HOUR25,HWIN-VAR-017,73.0,
STORET_Rhode_RI0001180_19910621_      2500,STORET_Rhode,RI0001180,01034,238.0,,1991-06-21T00:00:00,41.933333,-71.433333,US,Rhode,RI_Providence,GTE PRODUCTS CORP / 1193 BROAD ST. / BLACKSTONE RIVER / CENTRAL FALLS,01034,STORET Rhode,HOUR25,HWIN-VAR-017,238.0,
STORET_Rhode_RI0020141_19910617_      2500,STORET_Rhode,RI0020141,01034,7.0,,1991-06-17T00:00:00,41.933333,-71.433333,US,Rhode,RI_Providence,OKONITE CO-ASHTON / 111 MARTIN ST. / BLACKSTONE RIVER / ASHTON /V/,01034,STORET Rhode,HOUR25,HWIN-VAR-017,7.0,
STORET_Rhode_RI0020141_19910619_      2500,STORET_Rhode,RI0020141,01034,0.0,,1991-06-19T00:00:00,41.933333,-71.433333,US,Rhode,RI_Providence,OKONITE CO-ASHTON / 111 MARTIN ST. / BLACKSTONE RIVER / ASHTON /V/,01034,STORET Rhode,T|HOUR25,HWIN-VAR-017,0.0,
STORET_Rhode_RI0020141_19910621_      2500,STORET_Rhode,RI0020141,01034,0.0,,1991-06-21T00:00:00,41.933333,-71.433333,US,Rhode,RI_Providence,OKONITE CO-ASHTON / 111 MARTIN ST. / BLACKSTONE RIVER / ASHTON /V/,01034,STORET Rhode,T|HOUR25,HWIN-VAR-017,0.0,
STORET_Rhode_RI0100111_19910617_      2500,STORET_Rhode,RI0100111,01034,0.0,,1991-06-17T00:00:00,42.0,-71.496667,US,Rhode,RI_Providence,WOONSOCKET WPCP / CUMBERLAND HILL RD / BLACKSTONE RIVER / WOONSOCKET /CITY/,01034,STORET Rhode,T|HOUR25,HWIN-VAR-017,0.0,
STORET_Rhode_RI0100111_19910619_      2500,STORET_Rhode,RI0100111,01034,0.0,,1991-06-19T00:00:00,42.0,-71.496667,US,Rhode,RI_Providence,WOONSOCKET WPCP / CUMBERLAND HILL RD / BLACKSTONE RIVER / WOONSOCKET /CITY/,01034,STORET Rhode,T|HOUR25,HWIN-VAR-017,0.0,
STORET_Rhode_RI0100111_19910621_      2500,STORET_Rhode,RI0100111,01034,0.0,,1991-06-21T00:00:00,42.0,-71.496667,US,Rhode,RI_Providence,WOONSOCKET WPCP / CUMBERLAND HILL RD / BLACKSTONE RIVER / WOONSOCKET /CITY/,01034,STORET Rhode,T|HOUR25,HWIN-VAR-017,0.0,
STORET_Rhode_RI0100111_19910805_      2500,STORET_Rhode,RI0100111,01034,5.0,,1991-08-05T00:00:00,42.0,-71.496667,US,Rhode,RI_Providence,WOONSOCKET WPCP / CUMBERLAND HILL RD / BLACKSTONE RIVER / WOONSOCKET /CITY/,01034,STORET Rhode,K|HOUR25,HWIN-VAR-017,5.0,
STORET_Rhode_RI0100111_19910807_      2500,STORET_Rhode,RI0100111,01034,15.0,,1991-08-07T00:00:00,42.0,-71.496667,US,Rhode,RI_Providence,WOONSOCKET WPCP / CUMBERLAND HILL RD / BLACKSTONE RIVER / WOONSOCKET /CITY/,01034,STORET Rhode,HOUR25,HWIN-VAR-017,15.0,
STORET_Rhode_RI0100111_19910809_      2500,STORET_Rhode,RI0100111,01034,8.6,,1991-08-09T00:00:00,42.0,-71.496667,US,Rhode,RI_Providence,WOONSOCKET WPCP / CUMBERLAND HILL RD / BLACKSTONE RIVER / WOONSOCKET /CITY/,01034,STORET Rhode,HOUR25,HWIN-VAR-017,8.6,
STORET_Rhode_RI0001180_19910617_      2500,STORET_Rhode,RI0001180,01042,28.0,,1991-06-17T00:00:00,41.933333,-71.433333,US,Rhode,RI_Providence,GTE PRODUCTS CORP / 1193 BROAD ST. / BLACKSTONE RIVER / CENTRAL FALLS,01042,STORET Rhode,HOUR25,HWIN-VAR-017,28.0,
STORET_Rhode_RI0001180_19910619_      2500,STORET_Rhode,RI0001180,01042,8.0,,1991-06-19T00:00:00,41.933333,-71.433333,US,Rhode,RI_Providence,GTE PRODUCTS CORP / 1193 BROAD ST. / BLACKSTONE RIVER / CENTRAL FALLS,01042,STORET Rhode,HOUR25,HWIN-VAR-017,8.0,
STORET_Rhode_RI0001180_19910621_      2500,STORET_Rhode,RI0001180,01042,28.0,,1991-06-21T00:00:00,41.933333,-71.433333,US,Rhode,RI_Providence,GTE PRODUCTS CORP / 1193 BROAD ST. / BLACKSTONE RIVER / CENTRAL FALLS,01042,STORET Rhode,HOUR25,HWIN-VAR-017,28.0,
STORET_Rhode_RI0020141_19910617_      2500,STORET_Rhode,RI0020141,01042,18.0,,1991-06-17T00:00:00,41.933333,-71.433333,US,Rhode,RI_Providence,OKONITE CO-ASHTON / 111 MARTIN ST. / BLACKSTONE RIVER / ASHTON /V/,01042,STORET Rhode,HOUR25,HWIN-VAR-017,18.0,
STORET_Rhode_RI0020141_19910619_      2500,STORET_Rhode,RI0020141,01042,15.0,,1991-06-19T00:00:00,41.933333,-71.433333,US,Rhode,RI_Providence,OKONITE CO-ASHTON / 111 MARTIN ST. / BLACKSTONE RIVER / ASHTON /V/,01042,STORET Rhode,HOUR25,HWIN-VAR-017,15.0,
STORET_Rhode_RI0020141_19910621_      2500,STORET_Rhode,RI0020141,01042,20.0,,1991-06-21T00:00:00,41.933333,-71.433333,US,Rhode,RI_Providence,OKONITE CO-ASHTON / 111 MARTIN ST. / BLACKSTONE RIVER / ASHTON /V/,01042,STORET Rhode,HOUR25,HWIN-VAR-017,20.0,
STORET_Rhode_RI0100111_19910617_      2500,STORET_Rhode,RI0100111,01042,85.0,,1991-06-17T00:00:00,42.0,-71.496667,US,Rhode,RI_Providence,WOONSOCKET WPCP / CUMBERLAND HILL RD / BLACKSTONE RIVER / WOONSOCKET /CITY/,01042,STORET Rhode,HOUR25,HWIN-VAR-017,85.0,
STORET_Rhode_RI0100111_19910619_      2500,STORET_Rhode,RI0100111,01042,43.0,,1991-06-19T00:00:00,42.0,-71.496667,US,Rhode,RI_Providence,WOONSOCKET WPCP / CUMBERLAND HILL RD / BLACKSTONE RIVER / WOONSOCKET /CITY/,01042,STORET Rhode,HOUR25,HWIN-VAR-017,43.0,
STORET_Rhode_RI0100111_19910621_      2500,STORET_Rhode,RI0100111,01042,65.0,,1991-06-21T00:00:00,42.0,-71.496667,US,Rhode,RI_Providence,WOONSOCKET WPCP / CUMBERLAND HILL RD / BLACKSTONE RIVER / WOONSOCKET /CITY/,01042,STORET Rhode,HOUR25,HWIN-VAR-017,65.0,
STORET_Rhode_RI0100111_19910805_      2500,STORET_Rhode,RI0100111,01042,44.0,,1991-08-05T00:00:00,42.0,-71.496667,US,Rhode,RI_Providence,WOONSOCKET WPCP / CUMBERLAND HILL RD / BLACKSTONE RIVER / WOONSOCKET /CITY/,01042,STORET Rhode,HOUR25,HWIN-VAR-017,44.0,
STORET_Rhode_RI0100111_19910807_      2500,STORET_Rhode,RI0100111,01042,75.0,,1991-08-07T00:00:00,42.0,-71.496667,US,Rhode,RI_Providence,WOONSOCKET WPCP / CUMBERLAND HILL RD / BLACKSTONE RIVER / WOONSOCKET /CITY/,01042,STORET Rhode,HOUR25,HWIN-VAR-017,75.0,
STORET_Rhode_RI0100111_19910809_      2500,STORET_Rhode,RI0100111,01042,520.0,,1991-08-09T00:00:00,42.0,-71.496667,US,Rhode,RI_Providence,WOONSOCKET WPCP / CUMBERLAND HILL RD / BLACKSTONE RIVER / WOONSOCKET /CITY/,01042,STORET Rhode,HOUR25,HWIN-VAR-017,520.0,
STORET_Rhode_TM0.8_19730703_      2500,STORET_Rhode,TM0.8,01042,40.0,,1973-07-03T00:00:00,41.833333,-71.360556,US,Rhode,RI_Providence,"ROGER WILLIAMS AVE., E. PROVIDENCE / NARRAGANSETT / TEN MILE",01042,STORET Rhode,HOUR25,HWIN-VAR-017,40.0,
STORET_Rhode_TM0.8_19730705_      2500,STORET_Rhode,TM0.8,01042,20.0,,1973-07-05T00:00:00,41.833333,-71.360556,US,Rhode,RI_Providence,"ROGER WILLIAMS AVE., E. PROVIDENCE / NARRAGANSETT / TEN MILE",01042,STORET Rhode,HOUR25,HWIN-VAR-017,20.0,
STORET_Rhode_TM0.8_19730918_      2500,STORET_Rhode,TM0.8,01042,30.0,,1973-09-18T00:00:00,41.833333,-71.360556,US,Rhode,RI_Providence,"ROGER WILLIAMS AVE., E. PROVIDENCE / NARRAGANSETT / TEN MILE",01042,STORET Rhode,HOUR25,HWIN-VAR-017,30.0,
STORET_Rhode_TM0.8_19730920_      2500,STORET_Rhode,TM0.8,01042,30.0,,1973-09-20T00:00:00,41.833333,-71.360556,US,Rhode,RI_Providence,"ROGER WILLIAMS AVE., E. PROVIDENCE / NARRAGANSETT / TEN MILE",01042,STORET Rhode,HOUR25,HWIN-VAR-017,30.0,
STORET_Rhode_TM0.8_19810617_      2500,STORET_Rhode,TM0.8,01042,30.0,,1981-06-17T00:00:00,41.833333,-71.360556,US,Rhode,RI_Providence,"ROGER WILLIAMS AVE., E. PROVIDENCE / NARRAGANSETT / TEN MILE",01042,STORET Rhode,HOUR25,HWIN-VAR-017,30.0,
STORET_Rhode_TM0.8_19810826_      2500,STORET_Rhode,TM0.8,01042,30.0,,1981-08-26T00:00:00,41.833333,-71.360556,US,Rhode,RI_Providence,"ROGER WILLIAMS AVE., E. PROVIDENCE / NARRAGANSETT / TEN MILE",01042,STORET Rhode,HOUR25,HWIN-VAR-017,30.0,
STORET_Rhode_TM2.5_19730703_      2500,STORET_Rhode,TM2.5,01042,50.0,,1973-07-03T00:00:00,41.833056,-71.342222,US,Rhode,RI_Providence,"TURNER RESERVOIR, ABOVE DAM E. PROVIDENCE / NARRAGANSETT / TEN MILE",01042,STORET Rhode,HOUR25,HWIN-VAR-017,50.0,
STORET_Rhode_TM2.5_19730705_      2500,STORET_Rhode,TM2.5,01042,30.0,,1973-07-05T00:00:00,41.833056,-71.342222,US,Rhode,RI_Providence,"TURNER RESERVOIR, ABOVE DAM E. PROVIDENCE / NARRAGANSETT / TEN MILE",01042,STORET Rhode,HOUR25,HWIN-VAR-017,30.0,
STORET_Rhode_TM2.5_19730918_      2500,STORET_Rhode,TM2.5,01042,60.0,,1973-09-18T00:00:00,41.833056,-71.342222,US,Rhode,RI_Providence,"TURNER RESERVOIR, ABOVE DAM E. PROVIDENCE / NARRAGANSETT / TEN MILE",01042,STORET Rhode,HOUR25,HWIN-VAR-017,60.0,
STORET_Rhode_TM2.5_19730920_      2500,STORET_Rhode,TM2.5,01042,50.0,,1973-09-20T00:00:00,41.833056,-71.342222,US,Rhode,RI_Providence,"TURNER RESERVOIR, ABOVE DAM E. PROVIDENCE / NARRAGANSETT / TEN MILE",01042,STORET Rhode,HOUR25,HWIN-VAR-017,50.0,
STORET_Rhode_TM3.2_19730703_      2500,STORET_Rhode,TM3.2,01042,60.0,,1973-07-03T00:00:00,41.841944,-71.341944,US,Rhode,RI_Providence,"CENTRAL POND AT NEWMAN AVE., E. PROVIDENCE / NARRAGANSETT / TEN MILE",01042,STORET Rhode,HOUR25,HWIN-VAR-017,60.0,
STORET_Rhode_TM3.2_19730705_      2500,STORET_Rhode,TM3.2,01042,40.0,,1973-07-05T00:00:00,41.841944,-71.341944,US,Rhode,RI_Providence,"CENTRAL POND AT NEWMAN AVE., E. PROVIDENCE / NARRAGANSETT / TEN MILE",01042,STORET Rhode,HOUR25,HWIN-VAR-017,40.0,
STORET_Rhode_TM3.2_19730918_      2500,STORET_Rhode,TM3.2,01042,70.0,,1973-09-18T00:00:00,41.841944,-71.341944,US,Rhode,RI_Providence,"CENTRAL POND AT NEWMAN AVE., E. PROVIDENCE / NARRAGANSETT / TEN MILE",01042,STORET Rhode,HOUR25,HWIN-VAR-017,70.0,
STORET_Rhode_TM3.2_19730920_      2500,STORET_Rhode,TM3.2,01042,50.0,,1973-09-20T00:00:00,41.841944,-71.341944,US,Rhode,RI_Providence,"CENTRAL POND AT NEWMAN AVE., E. PROVIDENCE / NARRAGANSETT / TEN MILE",01042,STORET Rhode,HOUR25,HWIN-VAR-017,50.0,
STORET_Rhode_TM3.2_19810617_      2500,STORET_Rhode,TM3.2,01042,20.0,,1981-06-17T00:00:00,41.841944,-71.341944,US,Rhode,RI_Providence,"CENTRAL POND AT NEWMAN AVE., E. PROVIDENCE / NARRAGANSETT / TEN MILE",01042,STORET Rhode,HOUR25,HWIN-VAR-017,20.0,
STORET_Rhode_TM3.2_19810826_      2500,STORET_Rhode,TM3.2,01042,10.0,,1981-08-26T00:00:00,41.841944,-71.341944,US,Rhode,RI_Providence,"CENTRAL POND AT NEWMAN AVE., E. PROVIDENCE / NARRAGANSETT / TEN MILE",01042,STORET Rhode,HOUR25,HWIN-VAR-017,10.0,
STORET_Rhode_TM5.8_19730703_      2500,STORET_Rhode,TM5.8,01042,80.0,,1973-07-03T00:00:00,41.874444,-71.341111,US,Rhode,RI_Providence,"ARMISTICE BLVD., PAWTUCKET / NARRAGANSETT / TEN MILE",01042,STORET Rhode,HOUR25,HWIN-VAR-017,80.0,
STORET_Rhode_TM5.8_19730705_      2500,STORET_Rhode,TM5.8,01042,60.0,,1973-07-05T00:00:00,41.874444,-71.341111,US,Rhode,RI_Providence,"ARMISTICE BLVD., PAWTUCKET / NARRAGANSETT / TEN MILE",01042,STORET Rhode,HOUR25,HWIN-VAR-017,60.0,
STORET_Rhode_TM5.8_19730918_      2500,STORET_Rhode,TM5.8,01042,100.0,,1973-09-18T00:00:00,41.874444,-71.341111,US,Rhode,RI_Providence,"ARMISTICE BLVD., PAWTUCKET / NARRAGANSETT / TEN MILE",01042,STORET Rhode,HOUR25,HWIN-VAR-017,100.0,
STORET_Rhode_TM5.8_19730920_      2500,STORET_Rhode,TM5.8,01042,90.0,,1973-09-20T00:00:00,41.874444,-71.341111,US,Rhode,RI_Providence,"ARMISTICE BLVD., PAWTUCKET / NARRAGANSETT / TEN MILE",01042,STORET Rhode,HOUR25,HWIN-VAR-017,90.0,
STORET_Rhode_TM5.8_19810617_      2500,STORET_Rhode,TM5.8,01042,70.0,,1981-06-17T00:00:00,41.874444,-71.341111,US,Rhode,RI_Providence,"ARMISTICE BLVD., PAWTUCKET / NARRAGANSETT / TEN MILE",01042,STORET Rhode,HOUR25,HWIN-VAR-017,70.0,
STORET_Rhode_TM5.8_19810826_      2500,STORET_Rhode,TM5.8,01042,50.0,,1981-08-26T00:00:00,41.874444,-71.341111,US,Rhode,RI_Providence,"ARMISTICE BLVD., PAWTUCKET / NARRAGANSETT / TEN MILE",01042,STORET Rhode,HOUR25,HWIN-VAR-017,50.0,
STORET_Rhode_CIBA01_19790531_      9999,STORET_Rhode,CIBA01,01042,100.0,,1979-05-31T00:00:00,41.765278,-71.413889,US,Rhode,RI_Providence,CIBA-GEIGY CORP CRANSTON RHODE ISLAND  RI0001171 / NORTHEAST / NARRAGANSETT BAY BASIN PAWTUXET RIVER,01042,STORET Rhode,K|TIME_SENTINEL,HWIN-VAR-017,100.0,
STORET_Rhode_RI0001180_19910617_      2500,STORET_Rhode,RI0001180,01042,28.0,,1991-06-17T00:00:00,41.933333,-71.433333,US,Rhode,RI_Providence,GTE PRODUCTS CORP / 1193 BROAD ST. / BLACKSTONE RIVER / CENTRAL FALLS,01042,STORET Rhode,HOUR25,HWIN-VAR-017,28.0,
STORET_Rhode_RI0001180_19910619_      2500,STORET_Rhode,RI0001180,01042,8.0,,1991-06-19T00:00:00,41.933333,-71.433333,US,Rhode,RI_Providence,GTE PRODUCTS CORP / 1193 BROAD ST. / BLACKSTONE RIVER / CENTRAL FALLS,01042,STORET Rhode,HOUR25,HWIN-VAR-017,8.0,
STORET_Rhode_RI0001180_19910621_      2500,STORET_Rhode,RI0001180,01042,28.0,,1991-06-21T00:00:00,41.933333,-71.433333,US,Rhode,RI_Providence,GTE PRODUCTS CORP / 1193 BROAD ST. / BLACKSTONE RIVER / CENTRAL FALLS,01042,STORET Rhode,HOUR25,HWIN-VAR-017,28.0,
STORET_Rhode_RI0020141_19910617_      2500,STORET_Rhode,RI0020141,01042,18.0,,1991-06-17T00:00:00,41.933333,-71.433333,US,Rhode,RI_Providence,OKONITE CO-ASHTON / 111 MARTIN ST. / BLACKSTONE RIVER / ASHTON /V/,01042,STORET Rhode,HOUR25,HWIN-VAR-017,18.0,
STORET_Rhode_RI0020141_19910619_      2500,STORET_Rhode,RI0020141,01042,15.0,,1991-06-19T00:00:00,41.933333,-71.433333,US,Rhode,RI_Providence,OKONITE CO-ASHTON / 111 MARTIN ST. / BLACKSTONE RIVER / ASHTON /V/,01042,STORET Rhode,HOUR25,HWIN-VAR-017,15.0,
STORET_Rhode_RI0020141_19910621_      2500,STORET_Rhode,RI0020141,01042,20.0,,1991-06-21T00:00:00,41.933333,-71.433333,US,Rhode,RI_Providence,OKONITE CO-ASHTON / 111 MARTIN ST. / BLACKSTONE RIVER / ASHTON /V/,01042,STORET Rhode,HOUR25,HWIN-VAR-017,20.0,
STORET_Rhode_RI0100111_19910617_      2500,STORET_Rhode,RI0100111,01042,85.0,,1991-06-17T00:00:00,42.0,-71.496667,US,Rhode,RI_Providence,WOONSOCKET WPCP / CUMBERLAND HILL RD / BLACKSTONE RIVER / WOONSOCKET /CITY/,01042,STORET Rhode,HOUR25,HWIN-VAR-017,85.0,
STORET_Rhode_RI0100111_19910619_      2500,STORET_Rhode,RI0100111,01042,43.0,,1991-06-19T00:00:00,42.0,-71.496667,US,Rhode,RI_Providence,WOONSOCKET WPCP / CUMBERLAND HILL RD / BLACKSTONE RIVER / WOONSOCKET /CITY/,01042,STORET Rhode,HOUR25,HWIN-VAR-017,43.0,
STORET_Rhode_RI0100111_19910621_      2500,STORET_Rhode,RI0100111,01042,65.0,,1991-06-21T00:00:00,42.0,-71.496667,US,Rhode,RI_Providence,WOONSOCKET WPCP / CUMBERLAND HILL RD / BLACKSTONE RIVER / WOONSOCKET /CITY/,01042,STORET Rhode,HOUR25,HWIN-VAR-017,65.0,
STORET_Rhode_RI0100111_19910805_      2500,STORET_Rhode,RI0100111,01042,44.0,,1991-08-05T00:00:00,42.0,-71.496667,US,Rhode,RI_Providence,WOONSOCKET WPCP / CUMBERLAND HILL RD / BLACKSTONE RIVER / WOONSOCKET /CITY/,01042,STORET Rhode,HOUR25,HWIN-VAR-017,44.0,
STORET_Rhode_RI0100111_19910807_      2500,STORET_Rhode,RI0100111,01042,75.0,,1991-08-07T00:00:00,42.0,-71.496667,US,Rhode,RI_Providence,WOONSOCKET WPCP / CUMBERLAND HILL RD / BLACKSTONE RIVER / WOONSOCKET /CITY/,01042,STORET Rhode,HOUR25,HWIN-VAR-017,75.0,
STORET_Rhode_RI0100111_19910809_      2500,STORET_Rhode,RI0100111,01042,520.0,,1991-08-09T00:00:00,42.0,-71.496667,US,Rhode,RI_Providence,WOONSOCKET WPCP / CUMBERLAND HILL RD / BLACKSTONE RIVER / WOONSOCKET /CITY/,01042,STORET Rhode,HOUR25,HWIN-VAR-017,520.0,
STORET_Rhode_RI0001180_19910617_      2500,STORET_Rhode,RI0001180,01051,4.0,,1991-06-17T00:00:00,41.933333,-71.433333,US,Rhode,RI_Providence,GTE PRODUCTS CORP / 1193 BROAD ST. / BLACKSTONE RIVER / CENTRAL FALLS,01051,STORET Rhode,HOUR25,HWIN-VAR-017,4.0,
STORET_Rhode_RI0001180_19910619_      2500,STORET_Rhode,RI0001180,01051,12.0,,1991-06-19T00:00:00,41.933333,-71.433333,US,Rhode,RI_Providence,GTE PRODUCTS CORP / 1193 BROAD ST. / BLACKSTONE RIVER / CENTRAL FALLS,01051,STORET Rhode,HOUR25,HWIN-VAR-017,12.0,
STORET_Rhode_RI0001180_19910621_      2500,STORET_Rhode,RI0001180,01051,8.0,,1991-06-21T00:00:00,41.933333,-71.433333,US,Rhode,RI_Providence,GTE PRODUCTS CORP / 1193 BROAD ST. / BLACKSTONE RIVER / CENTRAL FALLS,01051,STORET Rhode,HOUR25,HWIN-VAR-017,8.0,
STORET_Rhode_RI0020141_19910617_      2500,STORET_Rhode,RI0020141,01051,0.0,,1991-06-17T00:00:00,41.933333,-71.433333,US,Rhode,RI_Providence,OKONITE CO-ASHTON / 111 MARTIN ST. / BLACKSTONE RIVER / ASHTON /V/,01051,STORET Rhode,T|HOUR25,HWIN-VAR-017,0.0,
STORET_Rhode_RI0020141_19910619_      2500,STORET_Rhode,RI0020141,01051,2.0,,1991-06-19T00:00:00,41.933333,-71.433333,US,Rhode,RI_Providence,OKONITE CO-ASHTON / 111 MARTIN ST. / BLACKSTONE RIVER / ASHTON /V/,01051,STORET Rhode,HOUR25,HWIN-VAR-017,2.0,
STORET_Rhode_RI0020141_19910621_      2500,STORET_Rhode,RI0020141,01051,10.0,,1991-06-21T00:00:00,41.933333,-71.433333,US,Rhode,RI_Providence,OKONITE CO-ASHTON / 111 MARTIN ST. / BLACKSTONE RIVER / ASHTON /V/,01051,STORET Rhode,HOUR25,HWIN-VAR-017,10.0,
STORET_Rhode_RI0100111_19910617_      2500,STORET_Rhode,RI0100111,01051,4.0,,1991-06-17T00:00:00,42.0,-71.496667,US,Rhode,RI_Providence,WOONSOCKET WPCP / CUMBERLAND HILL RD / BLACKSTONE RIVER / WOONSOCKET /CITY/,01051,STORET Rhode,HOUR25,HWIN-VAR-017,4.0,
STORET_Rhode_RI0100111_19910619_      2500,STORET_Rhode,RI0100111,01051,5.0,,1991-06-19T00:00:00,42.0,-71.496667,US,Rhode,RI_Providence,WOONSOCKET WPCP / CUMBERLAND HILL RD / BLACKSTONE RIVER / WOONSOCKET /CITY/,01051,STORET Rhode,HOUR25,HWIN-VAR-017,5.0,
STORET_Rhode_RI0100111_19910621_      2500,STORET_Rhode,RI0100111,01051,9.0,,1991-06-21T00:00:00,42.0,-71.496667,US,Rhode,RI_Providence,WOONSOCKET WPCP / CUMBERLAND HILL RD / BLACKSTONE RIVER / WOONSOCKET /CITY/,01051,STORET Rhode,HOUR25,HWIN-VAR-017,9.0,
STORET_Rhode_RI0100111_19910805_      2500,STORET_Rhode,RI0100111,01051,9.0,,1991-08-05T00:00:00,42.0,-71.496667,US,Rhode,RI_Providence,WOONSOCKET WPCP / CUMBERLAND HILL RD / BLACKSTONE RIVER / WOONSOCKET /CITY/,01051,STORET Rhode,HOUR25,HWIN-VAR-017,9.0,
STORET_Rhode_RI0100111_19910807_      2500,STORET_Rhode,RI0100111,01051,15.0,,1991-08-07T00:00:00,42.0,-71.496667,US,Rhode,RI_Providence,WOONSOCKET WPCP / CUMBERLAND HILL RD / BLACKSTONE RIVER / WOONSOCKET /CITY/,01051,STORET Rhode,HOUR25,HWIN-VAR-017,15.0,
STORET_Rhode_RI0100111_19910809_      2500,STORET_Rhode,RI0100111,01051,8.9,,1991-08-09T00:00:00,42.0,-71.496667,US,Rhode,RI_Providence,WOONSOCKET WPCP / CUMBERLAND HILL RD / BLACKSTONE RIVER / WOONSOCKET /CITY/,01051,STORET Rhode,HOUR25,HWIN-VAR-017,8.9,
STORET_Rhode_TM0.8_19810617_      2500,STORET_Rhode,TM0.8,01051,30.0,,1981-06-17T00:00:00,41.833333,-71.360556,US,Rhode,RI_Providence,"ROGER WILLIAMS AVE., E. PROVIDENCE / NARRAGANSETT / TEN MILE",01051,STORET Rhode,HOUR25,HWIN-VAR-017,30.0,
STORET_Rhode_TM0.8_19810826_      2500,STORET_Rhode,TM0.8,01051,0.0,,1981-08-26T00:00:00,41.833333,-71.360556,US,Rhode,RI_Providence,"ROGER WILLIAMS AVE., E. PROVIDENCE / NARRAGANSETT / TEN MILE",01051,STORET Rhode,HOUR25,HWIN-VAR-017,0.0,
STORET_Rhode_TM3.2_19810617_      2500,STORET_Rhode,TM3.2,01051,10.0,,1981-06-17T00:00:00,41.841944,-71.341944,US,Rhode,RI_Providence,"CENTRAL POND AT NEWMAN AVE., E. PROVIDENCE / NARRAGANSETT / TEN MILE",01051,STORET Rhode,HOUR25,HWIN-VAR-017,10.0,
STORET_Rhode_TM3.2_19810826_      2500,STORET_Rhode,TM3.2,01051,20.0,,1981-08-26T00:00:00,41.841944,-71.341944,US,Rhode,RI_Providence,"CENTRAL POND AT NEWMAN AVE., E. PROVIDENCE / NARRAGANSETT / TEN MILE",01051,STORET Rhode,HOUR25,HWIN-VAR-017,20.0,
STORET_Rhode_TM5.8_19810617_      2500,STORET_Rhode,TM5.8,01051,30.0,,1981-06-17T00:00:00,41.874444,-71.341111,US,Rhode,RI_Providence,"ARMISTICE BLVD., PAWTUCKET / NARRAGANSETT / TEN MILE",01051,STORET Rhode,HOUR25,HWIN-VAR-017,30.0,
STORET_Rhode_TM5.8_19810826_      2500,STORET_Rhode,TM5.8,01051,30.0,,1981-08-26T00:00:00,41.874444,-71.341111,US,Rhode,RI_Providence,"ARMISTICE BLVD., PAWTUCKET / NARRAGANSETT / TEN MILE",01051,STORET Rhode,HOUR25,HWIN-VAR-017,30.0,
STORET_Rhode_RI0001180_19910617_      2500,STORET_Rhode,RI0001180,01051,4.0,,1991-06-17T00:00:00,41.933333,-71.433333,US,Rhode,RI_Providence,GTE PRODUCTS CORP / 1193 BROAD ST. / BLACKSTONE RIVER / CENTRAL FALLS,01051,STORET Rhode,HOUR25,HWIN-VAR-017,4.0,
STORET_Rhode_RI0001180_19910619_      2500,STORET_Rhode,RI0001180,01051,12.0,,1991-06-19T00:00:00,41.933333,-71.433333,US,Rhode,RI_Providence,GTE PRODUCTS CORP / 1193 BROAD ST. / BLACKSTONE RIVER / CENTRAL FALLS,01051,STORET Rhode,HOUR25,HWIN-VAR-017,12.0,
STORET_Rhode_RI0001180_19910621_      2500,STORET_Rhode,RI0001180,01051,8.0,,1991-06-21T00:00:00,41.933333,-71.433333,US,Rhode,RI_Providence,GTE PRODUCTS CORP / 1193 BROAD ST. / BLACKSTONE RIVER / CENTRAL FALLS,01051,STORET Rhode,HOUR25,HWIN-VAR-017,8.0,
STORET_Rhode_WS01_19691209_      1546,STORET_Rhode,WS01,00010,14.0,,1969-12-09T15:46:00,41.354722,-71.838333,US,Rhode,RI_Washington,INFLUENT WESTERLY STP BEFORE CL / 010300 PAWCATUCK RIVER /,00010,STORET Rhode,,HWIN-VAR-001,14.0,
STORET_Rhode_WS01_19691209_      1440,STORET_Rhode,WS01,00010,15.0,,1969-12-09T14:40:00,41.354722,-71.838333,US,Rhode,RI_Washington,INFLUENT WESTERLY STP BEFORE CL / 010300 PAWCATUCK RIVER /,00010,STORET Rhode,,HWIN-VAR-001,15.0,
STORET_Rhode_WS01_19691209_      1411,STORET_Rhode,WS01,00010,15.5,,1969-12-09T14:11:00,41.354722,-71.838333,US,Rhode,RI_Washington,INFLUENT WESTERLY STP BEFORE CL / 010300 PAWCATUCK RIVER /,00010,STORET Rhode,,HWIN-VAR-001,15.5,
STORET_Rhode_WS01_19691209_      1313,STORET_Rhode,WS01,00010,15.9,,1969-12-09T13:13:00,41.354722,-71.838333,US,Rhode,RI_Washington,INFLUENT WESTERLY STP BEFORE CL / 010300 PAWCATUCK RIVER /,00010,STORET Rhode,,HWIN-VAR-001,15.9,
STORET_Rhode_WS01_19691209_      1350,STORET_Rhode,WS01,00010,15.0,,1969-12-09T13:50:00,41.354722,-71.838333,US,Rhode,RI_Washington,INFLUENT WESTERLY STP BEFORE CL / 010300 PAWCATUCK RIVER /,00010,STORET Rhode,,HWIN-VAR-001,15.0,
STORET_Rhode_WS01_19691209_      1425,STORET_Rhode,WS01,00010,15.0,,1969-12-09T14:25:00,41.354722,-71.838333,US,Rhode,RI_Washington,INFLUENT WESTERLY STP BEFORE CL / 010300 PAWCATUCK RIVER /,00010,STORET Rhode,,HWIN-VAR-001,15.0,
STORET_Rhode_WS01_19691209_      1500,STORET_Rhode,WS01,00010,15.0,,1969-12-09T15:00:00,41.354722,-71.838333,US,Rhode,RI_Washington,INFLUENT WESTERLY STP BEFORE CL / 010300 PAWCATUCK RIVER /,00010,STORET Rhode,,HWIN-VAR-001,15.0,
STORET_Rhode_WS01_19691209_      1530,STORET_Rhode,WS01,00010,14.5,,1969-12-09T15:30:00,41.354722,-71.838333,US,Rhode,RI_Washington,INFLUENT WESTERLY STP BEFORE CL / 010300 PAWCATUCK RIVER /,00010,STORET Rhode,,HWIN-VAR-001,14.5,
STORET_Rhode_WS01_19691209_      1515,STORET_Rhode,WS01,00010,15.0,,1969-12-09T15:15:00,41.354722,-71.838333,US,Rhode,RI_Washington,INFLUENT WESTERLY STP BEFORE CL / 010300 PAWCATUCK RIVER /,00010,STORET Rhode,,HWIN-VAR-001,15.0,
STORET_Rhode_WS01_19691209_      1504,STORET_Rhode,WS01,00010,15.0,,1969-12-09T15:04:00,41.354722,-71.838333,US,Rhode,RI_Washington,INFLUENT WESTERLY STP BEFORE CL / 010300 PAWCATUCK RIVER /,00010,STORET Rhode,,HWIN-VAR-001,15.0,
STORET_Rhode_WS01_19691210_      1200,STORET_Rhode,WS01,00010,14.0,,1969-12-10T12:00:00,41.354722,-71.838333,US,Rhode,RI_Washington,INFLUENT WESTERLY STP BEFORE CL / 010300 PAWCATUCK RIVER /,00010,STORET Rhode,,HWIN-VAR-001,14.0,
STORET_Rhode_WS01_19691210_      1030,STORET_Rhode,WS01,00010,14.0,,1969-12-10T10:30:00,41.354722,-71.838333,US,Rhode,RI_Washington,INFLUENT WESTERLY STP BEFORE CL / 010300 PAWCATUCK RIVER /,00010,STORET Rhode,,HWIN-VAR-001,14.0,
STORET_Rhode_WS01_19691210_      0957,STORET_Rhode,WS01,00010,14.0,,1969-12-10T09:57:00,41.354722,-71.838333,US,Rhode,RI_Washington,INFLUENT WESTERLY STP BEFORE CL / 010300 PAWCATUCK RIVER /,00010,STORET Rhode,,HWIN-VAR-001,14.0,
STORET_Rhode_WS01_19691210_      0923,STORET_Rhode,WS01,00010,14.0,,1969-12-10T09:23:00,41.354722,-71.838333,US,Rhode,RI_Washington,INFLUENT WESTERLY STP BEFORE CL / 010300 PAWCATUCK RIVER /,00010,STORET Rhode,,HWIN-VAR-001,14.0,
STORET_Rhode_WS01_19691210_      0945,STORET_Rhode,WS01,00010,14.0,,1969-12-10T09:45:00,41.354722,-71.838333,US,Rhode,RI_Washington,INFLUENT WESTERLY STP BEFORE CL / 010300 PAWCATUCK RIVER /,00010,STORET Rhode,,HWIN-VAR-001,14.0,
STORET_Rhode_WS01_19691210_      1013,STORET_Rhode,WS01,00010,14.0,,1969-12-10T10:13:00,41.354722,-71.838333,US,Rhode,RI_Washington,INFLUENT WESTERLY STP BEFORE CL / 010300 PAWCATUCK RIVER /,00010,STORET Rhode,,HWIN-VAR-001,14.0,
STORET_Rhode_WS01_19691210_      1050,STORET_Rhode,WS01,00010,14.0,,1969-12-10T10:50:00,41.354722,-71.838333,US,Rhode,RI_Washington,INFLUENT WESTERLY STP BEFORE CL / 010300 PAWCATUCK RIVER /,00010,STORET Rhode,,HWIN-VAR-001,14.0,
STORET_Rhode_WS01_19691210_      1140,STORET_Rhode,WS01,00010,14.0,,1969-12-10T11:40:00,41.354722,-71.838333,US,Rhode,RI_Washington,INFLUENT WESTERLY STP BEFORE CL / 010300 PAWCATUCK RIVER /,00010,STORET Rhode,,HWIN-VAR-001,14.0,
STORET_Rhode_WS01_19691210_      1130,STORET_Rhode,WS01,00010,14.0,,1969-12-10T11:30:00,41.354722,-71.838333,US,Rhode,RI_Washington,INFLUENT WESTERLY STP BEFORE CL / 010300 PAWCATUCK RIVER /,00010,STORET Rhode,,HWIN-VAR-001,14.0,
STORET_Rhode_WS01_19691210_      1120,STORET_Rhode,WS01,00010,14.0,,1969-12-10T11:20:00,41.354722,-71.838333,US,Rhode,RI_Washington,INFLUENT WESTERLY STP BEFORE CL / 010300 PAWCATUCK RIVER /,00010,STORET Rhode,,HWIN-VAR-001,14.0,
STORET_Rhode_WS02_19691209_      1546,STORET_Rhode,WS02,00010,15.0,,1969-12-09T15:46:00,41.354722,-71.838333,US,Rhode,RI_Washington,WESTERLY STP EFFLU FRM PRIM CLAR / 010300 PAWCATUCK RIVER /,00010,STORET Rhode,,HWIN-VAR-001,15.0,
STORET_Rhode_WS02_19691209_      1427,STORET_Rhode,WS02,00010,14.0,,1969-12-09T14:27:00,41.354722,-71.838333,US,Rhode,RI_Washington,WESTERLY STP EFFLU FRM PRIM CLAR / 010300 PAWCATUCK RIVER /,00010,STORET Rhode,,HWIN-VAR-001,14.0,
STORET_Rhode_WS02_19691209_      1355,STORET_Rhode,WS02,00010,14.0,,1969-12-09T13:55:00,41.354722,-71.838333,US,Rhode,RI_Washington,WESTERLY STP EFFLU FRM PRIM CLAR / 010300 PAWCATUCK RIVER /,00010,STORET Rhode,,HWIN-VAR-001,14.0,
STORET_Rhode_WS02_19691209_      1318,STORET_Rhode,WS02,00010,15.2,,1969-12-09T13:18:00,41.354722,-71.838333,US,Rhode,RI_Washington,WESTERLY STP EFFLU FRM PRIM CLAR / 010300 PAWCATUCK RIVER /,00010,STORET Rhode,,HWIN-VAR-001,15.2,
STORET_Rhode_WS02_19691209_      1414,STORET_Rhode,WS02,00010,14.0,,1969-12-09T14:14:00,41.354722,-71.838333,US,Rhode,RI_Washington,WESTERLY STP EFFLU FRM PRIM CLAR / 010300 PAWCATUCK RIVER /,00010,STORET Rhode,,HWIN-VAR-001,14.0,
STORET_Rhode_WS02_19691209_      1443,STORET_Rhode,WS02,00010,14.0,,1969-12-09T14:43:00,41.354722,-71.838333,US,Rhode,RI_Washington,WESTERLY STP EFFLU FRM PRIM CLAR / 010300 PAWCATUCK RIVER /,00010,STORET Rhode,,HWIN-VAR-001,14.0,
STORET_Rhode_WS02_19691209_      1530,STORET_Rhode,WS02,00010,14.0,,1969-12-09T15:30:00,41.354722,-71.838333,US,Rhode,RI_Washington,WESTERLY STP EFFLU FRM PRIM CLAR / 010300 PAWCATUCK RIVER /,00010,STORET Rhode,,HWIN-VAR-001,14.0,
STORET_Rhode_WS02_19691209_      1515,STORET_Rhode,WS02,00010,14.0,,1969-12-09T15:15:00,41.354722,-71.838333,US,Rhode,RI_Washington,WESTERLY STP EFFLU FRM PRIM CLAR / 010300 PAWCATUCK RIVER /,00010,STORET Rhode,,HWIN-VAR-001,14.0,
STORET_Rhode_WS02_19691209_      1500,STORET_Rhode,WS02,00010,14.0,,1969-12-09T15:00:00,41.354722,-71.838333,US,Rhode,RI_Washington,WESTERLY STP EFFLU FRM PRIM CLAR / 010300 PAWCATUCK RIVER /,00010,STORET Rhode,,HWIN-VAR-001,14.0,
STORET_Rhode_WS02_19691209_      1506,STORET_Rhode,WS02,00010,14.0,,1969-12-09T15:06:00,41.354722,-71.838333,US,Rhode,RI_Washington,WESTERLY STP EFFLU FRM PRIM CLAR / 010300 PAWCATUCK RIVER /,00010,STORET Rhode,,HWIN-VAR-001,14.0,
STORET_Rhode_WS02_19691210_      1545,STORET_Rhode,WS02,00010,14.0,,1969-12-10T15:45:00,41.354722,-71.838333,US,Rhode,RI_Washington,WESTERLY STP EFFLU FRM PRIM CLAR / 010300 PAWCATUCK RIVER /,00010,STORET Rhode,,HWIN-VAR-001,14.0,
STORET_Rhode_WS02_19691210_      1030,STORET_Rhode,WS02,00010,14.0,,1969-12-10T10:30:00,41.354722,-71.838333,US,Rhode,RI_Washington,WESTERLY STP EFFLU FRM PRIM CLAR / 010300 PAWCATUCK RIVER /,00010,STORET Rhode,,HWIN-VAR-001,14.0,
STORET_Rhode_WS02_19691210_      0900,STORET_Rhode,WS02,00010,0.0,,1969-12-10T09:00:00,41.354722,-71.838333,US,Rhode,RI_Washington,WESTERLY STP EFFLU FRM PRIM CLAR / 010300 PAWCATUCK RIVER /,00010,STORET Rhode,,HWIN-VAR-001,0.0,
STORET_Rhode_WS02_19691210_      0923,STORET_Rhode,WS02,00010,15.0,,1969-12-10T09:23:00,41.354722,-71.838333,US,Rhode,RI_Washington,WESTERLY STP EFFLU FRM PRIM CLAR / 010300 PAWCATUCK RIVER /,00010,STORET Rhode,,HWIN-VAR-001,15.0,
STORET_Rhode_WS02_19691210_      0945,STORET_Rhode,WS02,00010,14.0,,1969-12-10T09:45:00,41.354722,-71.838333,US,Rhode,RI_Washington,WESTERLY STP EFFLU FRM PRIM CLAR / 010300 PAWCATUCK RIVER /,00010,STORET Rhode,,HWIN-VAR-001,14.0,
STORET_Rhode_WS02_19691210_      0957,STORET_Rhode,WS02,00010,14.0,,1969-12-10T09:57:00,41.354722,-71.838333,US,Rhode,RI_Washington,WESTERLY STP EFFLU FRM PRIM CLAR / 010300 PAWCATUCK RIVER /,00010,STORET Rhode,,HWIN-VAR-001,14.0,
STORET_Rhode_WS02_19691210_      1013,STORET_Rhode,WS02,00010,14.0,,1969-12-10T10:13:00,41.354722,-71.838333,US,Rhode,RI_Washington,WESTERLY STP EFFLU FRM PRIM CLAR / 010300 PAWCATUCK RIVER /,00010,STORET Rhode,,HWIN-VAR-001,14.0,
STORET_Rhode_WS02_19691210_      1050,STORET_Rhode,WS02,00010,14.0,,1969-12-10T10:50:00,41.354722,-71.838333,US,Rhode,RI_Washington,WESTERLY STP EFFLU FRM PRIM CLAR / 010300 PAWCATUCK RIVER /,00010,STORET Rhode,,HWIN-VAR-001,14.0,
STORET_Rhode_WS02_19691210_      1120,STORET_Rhode,WS02,00010,14.0,,1969-12-10T11:20:00,41.354722,-71.838333,US,Rhode,RI_Washington,WESTERLY STP EFFLU FRM PRIM CLAR / 010300 PAWCATUCK RIVER /,00010,STORET Rhode,,HWIN-VAR-001,14.0,
STORET_Rhode_WS02_19691210_      1130,STORET_Rhode,WS02,00010,14.0,,1969-12-10T11:30:00,41.354722,-71.838333,US,Rhode,RI_Washington,WESTERLY STP EFFLU FRM PRIM CLAR / 010300 PAWCATUCK RIVER /,00010,STORET Rhode,,HWIN-VAR-001,14.0,
STORET_Rhode_WS02_19691210_      1140,STORET_Rhode,WS02,00010,14.0,,1969-12-10T11:40:00,41.354722,-71.838333,US,Rhode,RI_Washington,WESTERLY STP EFFLU FRM PRIM CLAR / 010300 PAWCATUCK RIVER /,00010,STORET Rhode,,HWIN-VAR-001,14.0,
STORET_Rhode_WS02_19691210_      1200,STORET_Rhode,WS02,00010,14.0,,1969-12-10T12:00:00,41.354722,-71.838333,US,Rhode,RI_Washington,WESTERLY STP EFFLU FRM PRIM CLAR / 010300 PAWCATUCK RIVER /,00010,STORET Rhode,,HWIN-VAR-001,14.0,
STORET_Rhode_WRBWR1_19760318_      2500,STORET_Rhode,WRBWR1,00010,4.0,,1976-03-18T00:00:00,41.580556,-71.725,US,Rhode,RI_Washington,WOOD RIVER / NORTHEAST / PAWCATUCK RIVER,00010,STORET Rhode,HOUR25,HWIN-VAR-001,4.0,
STORET_Rhode_WRBWR2_19760318_      2500,STORET_Rhode,WRBWR2,00010,5.0,,1976-03-18T00:00:00,41.577778,-71.716667,US,Rhode,RI_Washington,FLAT RIVER / NORTHEAST / PAWCATUCK RIVER,00010,STORET Rhode,HOUR25,HWIN-VAR-001,5.0,
STORET_Rhode_WRBWR3_19760318_      2500,STORET_Rhode,WRBWR3,00010,5.0,,1976-03-18T00:00:00,41.575,-71.719444,US,Rhode,RI_Washington,WOOD RIVER / NORTHEAST / PAWCATUCK RIVER,00010,STORET Rhode,HOUR25,HWIN-VAR-001,5.0,
STORET_Rhode_1D1-021_19841104_      2500,STORET_Rhode,1D1-021,00010,10.2,,1984-11-04T00:00:00,41.597222,-71.783333,US,Rhode,RI_Washington,TIPPECANSETT POND /  /,00010,STORET Rhode,HOUR25,HWIN-VAR-001,10.2,
STORET_Rhode_1D1-022_19841104_      2500,STORET_Rhode,1D1-022,00010,10.1,,1984-11-04T00:00:00,41.554167,-71.479167,US,Rhode,RI_Washington,SECRET LAKE /  /,00010,STORET Rhode,HOUR25,HWIN-VAR-001,10.1,
STORET_Rhode_1D1-024_19841104_      2500,STORET_Rhode,1D1-024,00010,9.8,,1984-11-04T00:00:00,41.540278,-71.525,US,Rhode,RI_Washington,THE RESERVOIR /  /,00010,STORET Rhode,HOUR25,HWIN-VAR-001,9.8,
STORET_Rhode_1D1-027_19841104_      2500,STORET_Rhode,1D1-027,00010,12.7,,1984-11-04T00:00:00,41.4,-71.666667,US,Rhode,RI_Washington,SCHOOL HOUSE POND /  /,00010,STORET Rhode,HOUR25,HWIN-VAR-001,12.7,
STORET_Rhode_1D1-059_19841104_      2500,STORET_Rhode,1D1-059,00010,13.1,,1984-11-04T00:00:00,41.47,-71.558333,US,Rhode,RI_Washington,LARKIN POND /  /,00010,STORET Rhode,HOUR25,HWIN-VAR-001,13.1,
STORET_Rhode_1D1-065_19841104_      2500,STORET_Rhode,1D1-065,00010,12.5,,1984-11-04T00:00:00,41.500833,-71.756389,US,Rhode,RI_Washington,ASHVILLE POND /  /,00010,STORET Rhode,HOUR25,HWIN-VAR-001,12.5,
STORET_Rhode_WS01_19691209_      1546,STORET_Rhode,WS01,00020,0.0,,1969-12-09T15:46:00,41.354722,-71.838333,US,Rhode,RI_Washington,INFLUENT WESTERLY STP BEFORE CL / 010300 PAWCATUCK RIVER /,00020,STORET Rhode,,HWIN-VAR-016,0.0,
STORET_Rhode_WS01_19691209_      1504,STORET_Rhode,WS01,00020,0.0,,1969-12-09T15:04:00,41.354722,-71.838333,US,Rhode,RI_Washington,INFLUENT WESTERLY STP BEFORE CL / 010300 PAWCATUCK RIVER /,00020,STORET Rhode,,HWIN-VAR-016,0.0,
STORET_Rhode_WS01_19691209_      1440,STORET_Rhode,WS01,00020,0.0,,1969-12-09T14:40:00,41.354722,-71.838333,US,Rhode,RI_Washington,INFLUENT WESTERLY STP BEFORE CL / 010300 PAWCATUCK RIVER /,00020,STORET Rhode,,HWIN-VAR-016,0.0,
STORET_Rhode_WS01_19691209_      1411,STORET_Rhode,WS01,00020,0.0,,1969-12-09T14:11:00,41.354722,-71.838333,US,Rhode,RI_Washington,INFLUENT WESTERLY STP BEFORE CL / 010300 PAWCATUCK RIVER /,00020,STORET Rhode,,HWIN-VAR-016,0.0,
STORET_Rhode_WS01_19691209_      1313,STORET_Rhode,WS01,00020,0.0,,1969-12-09T13:13:00,41.354722,-71.838333,US,Rhode,RI_Washington,INFLUENT WESTERLY STP BEFORE CL / 010300 PAWCATUCK RIVER /,00020,STORET Rhode,,HWIN-VAR-016,0.0,
STORET_Rhode_WS01_19691209_      1350,STORET_Rhode,WS01,00020,0.0,,1969-12-09T13:50:00,41.354722,-71.838333,US,Rhode,RI_Washington,INFLUENT WESTERLY STP BEFORE CL / 010300 PAWCATUCK RIVER /,00020,STORET Rhode,,HWIN-VAR-016,0.0,
STORET_Rhode_WS01_19691209_      1425,STORET_Rhode,WS01,00020,0.0,,1969-12-09T14:25:00,41.354722,-71.838333,US,Rhode,RI_Washington,INFLUENT WESTERLY STP BEFORE CL / 010300 PAWCATUCK RIVER /,00020,STORET Rhode,,HWIN-VAR-016,0.0,
STORET_Rhode_WS01_19691209_      1500,STORET_Rhode,WS01,00020,0.0,,1969-12-09T15:00:00,41.354722,-71.838333,US,Rhode,RI_Washington,INFLUENT WESTERLY STP BEFORE CL / 010300 PAWCATUCK RIVER /,00020,STORET Rhode,,HWIN-VAR-016,0.0,
STORET_Rhode_WS01_19691209_      1515,STORET_Rhode,WS01,00020,0.0,,1969-12-09T15:15:00,41.354722,-71.838333,US,Rhode,RI_Washington,INFLUENT WESTERLY STP BEFORE CL / 010300 PAWCATUCK RIVER /,00020,STORET Rhode,,HWIN-VAR-016,0.0,
STORET_Rhode_WS01_19691209_      1530,STORET_Rhode,WS01,00020,0.0,,1969-12-09T15:30:00,41.354722,-71.838333,US,Rhode,RI_Washington,INFLUENT WESTERLY STP BEFORE CL / 010300 PAWCATUCK RIVER /,00020,STORET Rhode,,HWIN-VAR-016,0.0,
STORET_Rhode_WS01_19691210_      1200,STORET_Rhode,WS01,00020,0.0,,1969-12-10T12:00:00,41.354722,-71.838333,US,Rhode,RI_Washington,INFLUENT WESTERLY STP BEFORE CL / 010300 PAWCATUCK RIVER /,00020,STORET Rhode,,HWIN-VAR-016,0.0,
STORET_Rhode_WS01_19691210_      1130,STORET_Rhode,WS01,00020,0.0,,1969-12-10T11:30:00,41.354722,-71.838333,US,Rhode,RI_Washington,INFLUENT WESTERLY STP BEFORE CL / 010300 PAWCATUCK RIVER /,00020,STORET Rhode,,HWIN-VAR-016,0.0,
STORET_Rhode_WS01_19691210_      1050,STORET_Rhode,WS01,00020,0.0,,1969-12-10T10:50:00,41.354722,-71.838333,US,Rhode,RI_Washington,INFLUENT WESTERLY STP BEFORE CL / 010300 PAWCATUCK RIVER /,00020,STORET Rhode,,HWIN-VAR-016,0.0,
STORET_Rhode_WS01_19691210_      1013,STORET_Rhode,WS01,00020,0.0,,1969-12-10T10:13:00,41.354722,-71.838333,US,Rhode,RI_Washington,INFLUENT WESTERLY STP BEFORE CL / 010300 PAWCATUCK RIVER /,00020,STORET Rhode,,HWIN-VAR-016,0.0,
STORET_Rhode_WS01_19691210_      0923,STORET_Rhode,WS01,00020,0.0,,1969-12-10T09:23:00,41.354722,-71.838333,US,Rhode,RI_Washington,INFLUENT WESTERLY STP BEFORE CL / 010300 PAWCATUCK RIVER /,00020,STORET Rhode,,HWIN-VAR-016,0.0,
STORET_Rhode_WS01_19691210_      0945,STORET_Rhode,WS01,00020,0.0,,1969-12-10T09:45:00,41.354722,-71.838333,US,Rhode,RI_Washington,INFLUENT WESTERLY STP BEFORE CL / 010300 PAWCATUCK RIVER /,00020,STORET Rhode,,HWIN-VAR-016,0.0,
STORET_Rhode_WS01_19691210_      0957,STORET_Rhode,WS01,00020,0.0,,1969-12-10T09:57:00,41.354722,-71.838333,US,Rhode,RI_Washington,INFLUENT WESTERLY STP BEFORE CL / 010300 PAWCATUCK RIVER /,00020,STORET Rhode,,HWIN-VAR-016,0.0,
STORET_Rhode_WS01_19691210_      1030,STORET_Rhode,WS01,00020,0.0,,1969-12-10T10:30:00,41.354722,-71.838333,US,Rhode,RI_Washington,INFLUENT WESTERLY STP BEFORE CL / 010300 PAWCATUCK RIVER /,00020,STORET Rhode,,HWIN-VAR-016,0.0,
STORET_Rhode_WS01_19691210_      1120,STORET_Rhode,WS01,00020,0.0,,1969-12-10T11:20:00,41.354722,-71.838333,US,Rhode,RI_Washington,INFLUENT WESTERLY STP BEFORE CL / 010300 PAWCATUCK RIVER /,00020,STORET Rhode,,HWIN-VAR-016,0.0,
STORET_Rhode_WS01_19691210_      1140,STORET_Rhode,WS01,00020,0.0,,1969-12-10T11:40:00,41.354722,-71.838333,US,Rhode,RI_Washington,INFLUENT WESTERLY STP BEFORE CL / 010300 PAWCATUCK RIVER /,00020,STORET Rhode,,HWIN-VAR-016,0.0,
STORET_Rhode_WS02_19691209_      1546,STORET_Rhode,WS02,00020,0.0,,1969-12-09T15:46:00,41.354722,-71.838333,US,Rhode,RI_Washington,WESTERLY STP EFFLU FRM PRIM CLAR / 010300 PAWCATUCK RIVER /,00020,STORET Rhode,,HWIN-VAR-016,0.0,
STORET_Rhode_WS02_19691209_      1515,STORET_Rhode,WS02,00020,0.0,,1969-12-09T15:15:00,41.354722,-71.838333,US,Rhode,RI_Washington,WESTERLY STP EFFLU FRM PRIM CLAR / 010300 PAWCATUCK RIVER /,00020,STORET Rhode,,HWIN-VAR-016,0.0,
STORET_Rhode_WS02_19691209_      1500,STORET_Rhode,WS02,00020,0.0,,1969-12-09T15:00:00,41.354722,-71.838333,US,Rhode,RI_Washington,WESTERLY STP EFFLU FRM PRIM CLAR / 010300 PAWCATUCK RIVER /,00020,STORET Rhode,,HWIN-VAR-016,0.0,
STORET_Rhode_WS02_19691209_      1427,STORET_Rhode,WS02,00020,0.0,,1969-12-09T14:27:00,41.354722,-71.838333,US,Rhode,RI_Washington,WESTERLY STP EFFLU FRM PRIM CLAR / 010300 PAWCATUCK RIVER /,00020,STORET Rhode,,HWIN-VAR-016,0.0,
STORET_Rhode_WS02_19691209_      1355,STORET_Rhode,WS02,00020,0.0,,1969-12-09T13:55:00,41.354722,-71.838333,US,Rhode,RI_Washington,WESTERLY STP EFFLU FRM PRIM CLAR / 010300 PAWCATUCK RIVER /,00020,STORET Rhode,,HWIN-VAR-016,0.0,
STORET_Rhode_WS02_19691209_      1318,STORET_Rhode,WS02,00020,0.0,,1969-12-09T13:18:00,41.354722,-71.838333,US,Rhode,RI_Washington,WESTERLY STP EFFLU FRM PRIM CLAR / 010300 PAWCATUCK RIVER /,00020,STORET Rhode,,HWIN-VAR-016,0.0,
STORET_Rhode_WS02_19691209_      1414,STORET_Rhode,WS02,00020,0.0,,1969-12-09T14:14:00,41.354722,-71.838333,US,Rhode,RI_Washington,WESTERLY STP EFFLU FRM PRIM CLAR / 010300 PAWCATUCK RIVER /,00020,STORET Rhode,,HWIN-VAR-016,0.0,
STORET_Rhode_WS02_19691209_      1443,STORET_Rhode,WS02,00020,0.0,,1969-12-09T14:43:00,41.354722,-71.838333,US,Rhode,RI_Washington,WESTERLY STP EFFLU FRM PRIM CLAR / 010300 PAWCATUCK RIVER /,00020,STORET Rhode,,HWIN-VAR-016,0.0,
STORET_Rhode_WS02_19691209_      1506,STORET_Rhode,WS02,00020,0.0,,1969-12-09T15:06:00,41.354722,-71.838333,US,Rhode,RI_Washington,WESTERLY STP EFFLU FRM PRIM CLAR / 010300 PAWCATUCK RIVER /,00020,STORET Rhode,,HWIN-VAR-016,0.0,
STORET_Rhode_WS02_19691209_      1530,STORET_Rhode,WS02,00020,0.0,,1969-12-09T15:30:00,41.354722,-71.838333,US,Rhode,RI_Washington,WESTERLY STP EFFLU FRM PRIM CLAR / 010300 PAWCATUCK RIVER /,00020,STORET Rhode,,HWIN-VAR-016,0.0,
STORET_Rhode_WS02_19691210_      1545,STORET_Rhode,WS02,00020,0.0,,1969-12-10T15:45:00,41.354722,-71.838333,US,Rhode,RI_Washington,WESTERLY STP EFFLU FRM PRIM CLAR / 010300 PAWCATUCK RIVER /,00020,STORET Rhode,,HWIN-VAR-016,0.0,
STORET_Rhode_WS02_19691210_      1200,STORET_Rhode,WS02,00020,0.0,,1969-12-10T12:00:00,41.354722,-71.838333,US,Rhode,RI_Washington,WESTERLY STP EFFLU FRM PRIM CLAR / 010300 PAWCATUCK RIVER /,00020,STORET Rhode,,HWIN-VAR-016,0.0,
STORET_Rhode_WS02_19691210_      1140,STORET_Rhode,WS02,00020,0.0,,1969-12-10T11:40:00,41.354722,-71.838333,US,Rhode,RI_Washington,WESTERLY STP EFFLU FRM PRIM CLAR / 010300 PAWCATUCK RIVER /,00020,STORET Rhode,,HWIN-VAR-016,0.0,
STORET_Rhode_WS02_19691210_      0900,STORET_Rhode,WS02,00020,0.0,,1969-12-10T09:00:00,41.354722,-71.838333,US,Rhode,RI_Washington,WESTERLY STP EFFLU FRM PRIM CLAR / 010300 PAWCATUCK RIVER /,00020,STORET Rhode,,HWIN-VAR-016,0.0,
STORET_Rhode_WS02_19691210_      0923,STORET_Rhode,WS02,00020,0.0,,1969-12-10T09:23:00,41.354722,-71.838333,US,Rhode,RI_Washington,WESTERLY STP EFFLU FRM PRIM CLAR / 010300 PAWCATUCK RIVER /,00020,STORET Rhode,,HWIN-VAR-016,0.0,
STORET_Rhode_WS02_19691210_      0945,STORET_Rhode,WS02,00020,0.0,,1969-12-10T09:45:00,41.354722,-71.838333,US,Rhode,RI_Washington,WESTERLY STP EFFLU FRM PRIM CLAR / 010300 PAWCATUCK RIVER /,00020,STORET Rhode,,HWIN-VAR-016,0.0,
STORET_Rhode_WS02_19691210_      0957,STORET_Rhode,WS02,00020,0.0,,1969-12-10T09:57:00,41.354722,-71.838333,US,Rhode,RI_Washington,WESTERLY STP EFFLU FRM PRIM CLAR / 010300 PAWCATUCK RIVER /,00020,STORET Rhode,,HWIN-VAR-016,0.0,
STORET_Rhode_WS02_19691210_      1013,STORET_Rhode,WS02,00020,0.0,,1969-12-10T10:13:00,41.354722,-71.838333,US,Rhode,RI_Washington,WESTERLY STP EFFLU FRM PRIM CLAR / 010300 PAWCATUCK RIVER /,00020,STORET Rhode,,HWIN-VAR-016,0.0,
STORET_Rhode_WS02_19691210_      1030,STORET_Rhode,WS02,00020,0.0,,1969-12-10T10:30:00,41.354722,-71.838333,US,Rhode,RI_Washington,WESTERLY STP EFFLU FRM PRIM CLAR / 010300 PAWCATUCK RIVER /,00020,STORET Rhode,,HWIN-VAR-016,0.0,
STORET_Rhode_WS02_19691210_      1050,STORET_Rhode,WS02,00020,0.0,,1969-12-10T10:50:00,41.354722,-71.838333,US,Rhode,RI_Washington,WESTERLY STP EFFLU FRM PRIM CLAR / 010300 PAWCATUCK RIVER /,00020,STORET Rhode,,HWIN-VAR-016,0.0,
STORET_Rhode_WS02_19691210_      1120,STORET_Rhode,WS02,00020,0.0,,1969-12-10T11:20:00,41.354722,-71.838333,US,Rhode,RI_Washington,WESTERLY STP EFFLU FRM PRIM CLAR / 010300 PAWCATUCK RIVER /,00020,STORET Rhode,,HWIN-VAR-016,0.0,
STORET_Rhode_WS02_19691210_      1130,STORET_Rhode,WS02,00020,0.0,,1969-12-10T11:30:00,41.354722,-71.838333,US,Rhode,RI_Washington,WESTERLY STP EFFLU FRM PRIM CLAR / 010300 PAWCATUCK RIVER /,00020,STORET Rhode,,HWIN-VAR-016,0.0,
STORET_Rhode_WRBWR1_19760628_      2500,STORET_Rhode,WRBWR1,00070,0.3,,1976-06-28T00:00:00,41.580556,-71.725,US,Rhode,RI_Washington,WOOD RIVER / NORTHEAST / PAWCATUCK RIVER,00070,STORET Rhode,HOUR25,HWIN-VAR-004,0.3,
STORET_Rhode_WRBWR2_19760628_      2500,STORET_Rhode,WRBWR2,00070,0.2,,1976-06-28T00:00:00,41.577778,-71.716667,US,Rhode,RI_Washington,FLAT RIVER / NORTHEAST / PAWCATUCK RIVER,00070,STORET Rhode,HOUR25,HWIN-VAR-004,0.2,
STORET_Rhode_WRBWR3_19760628_      2500,STORET_Rhode,WRBWR3,00070,0.3,,1976-06-28T00:00:00,41.575,-71.719444,US,Rhode,RI_Washington,WOOD RIVER / NORTHEAST / PAWCATUCK RIVER,00070,STORET Rhode,HOUR25,HWIN-VAR-004,0.3,
STORET_Rhode_WRBWR3_19761214_      2500,STORET_Rhode,WRBWR3,00070,1.2,,1976-12-14T00:00:00,41.575,-71.719444,US,Rhode,RI_Washington,WOOD RIVER / NORTHEAST / PAWCATUCK RIVER,00070,STORET Rhode,HOUR25,HWIN-VAR-004,1.2,
STORET_Rhode_1D1-021_19841104_      2500,STORET_Rhode,1D1-021,00078,1.1,,1984-11-04T00:00:00,41.597222,-71.783333,US,Rhode,RI_Washington,TIPPECANSETT POND /  /,00078,STORET Rhode,HOUR25,HWIN-VAR-004,1.1,
STORET_Rhode_1D1-022_19841104_      2500,STORET_Rhode,1D1-022,00078,0.75,,1984-11-04T00:00:00,41.554167,-71.479167,US,Rhode,RI_Washington,SECRET LAKE /  /,00078,STORET Rhode,HOUR25,HWIN-VAR-004,0.75,
STORET_Rhode_1D1-024_19841104_      2500,STORET_Rhode,1D1-024,00078,1.05,,1984-11-04T00:00:00,41.540278,-71.525,US,Rhode,RI_Washington,THE RESERVOIR /  /,00078,STORET Rhode,HOUR25,HWIN-VAR-004,1.05,
STORET_Rhode_1D1-027_19841104_      2500,STORET_Rhode,1D1-027,00078,4.2,,1984-11-04T00:00:00,41.4,-71.666667,US,Rhode,RI_Washington,SCHOOL HOUSE POND /  /,00078,STORET Rhode,HOUR25,HWIN-VAR-004,4.2,
STORET_Rhode_1D1-059_19841104_      2500,STORET_Rhode,1D1-059,00078,4.55,,1984-11-04T00:00:00,41.47,-71.558333,US,Rhode,RI_Washington,LARKIN POND /  /,00078,STORET Rhode,HOUR25,HWIN-VAR-004,4.55,
STORET_Rhode_1D1-065_19841104_      2500,STORET_Rhode,1D1-065,00078,3.0,,1984-11-04T00:00:00,41.500833,-71.756389,US,Rhode,RI_Washington,ASHVILLE POND /  /,00078,STORET Rhode,HOUR25,HWIN-VAR-004,3.0,
STORET_Rhode_WRBWR1_19760628_      2500,STORET_Rhode,WRBWR1,00080,15.0,,1976-06-28T00:00:00,41.580556,-71.725,US,Rhode,RI_Washington,WOOD RIVER / NORTHEAST / PAWCATUCK RIVER,00080,STORET Rhode,HOUR25,HWIN-VAR-004,15.0,
STORET_Rhode_WRBWR3_19761214_      2500,STORET_Rhode,WRBWR3,00080,60.0,,1976-12-14T00:00:00,41.575,-71.719444,US,Rhode,RI_Washington,WOOD RIVER / NORTHEAST / PAWCATUCK RIVER,00080,STORET Rhode,HOUR25,HWIN-VAR-004,60.0,
STORET_Rhode_1D1-021_19841104_      2500,STORET_Rhode,1D1-021,00080,70.0,,1984-11-04T00:00:00,41.597222,-71.783333,US,Rhode,RI_Washington,TIPPECANSETT POND /  /,00080,STORET Rhode,HOUR25,HWIN-VAR-004,70.0,
STORET_Rhode_1D1-022_19841104_      2500,STORET_Rhode,1D1-022,00080,100.0,,1984-11-04T00:00:00,41.554167,-71.479167,US,Rhode,RI_Washington,SECRET LAKE /  /,00080,STORET Rhode,HOUR25,HWIN-VAR-004,100.0,
STORET_Rhode_1D1-024_19841104_      2500,STORET_Rhode,1D1-024,00080,80.0,,1984-11-04T00:00:00,41.540278,-71.525,US,Rhode,RI_Washington,THE RESERVOIR /  /,00080,STORET Rhode,HOUR25,HWIN-VAR-004,80.0,
STORET_Rhode_1D1-027_19841104_      2500,STORET_Rhode,1D1-027,00080,17.5,,1984-11-04T00:00:00,41.4,-71.666667,US,Rhode,RI_Washington,SCHOOL HOUSE POND /  /,00080,STORET Rhode,HOUR25,HWIN-VAR-004,17.5,
STORET_Rhode_1D1-059_19841104_      2500,STORET_Rhode,1D1-059,00080,15.0,,1984-11-04T00:00:00,41.47,-71.558333,US,Rhode,RI_Washington,LARKIN POND /  /,00080,STORET Rhode,HOUR25,HWIN-VAR-004,15.0,
STORET_Rhode_1D1-065_19841104_      2500,STORET_Rhode,1D1-065,00080,10.0,,1984-11-04T00:00:00,41.500833,-71.756389,US,Rhode,RI_Washington,ASHVILLE POND /  /,00080,STORET Rhode,HOUR25,HWIN-VAR-004,10.0,
STORET_Rhode_WS01_19691209_      1546,STORET_Rhode,WS01,00094,0.0,,1969-12-09T15:46:00,41.354722,-71.838333,US,Rhode,RI_Washington,INFLUENT WESTERLY STP BEFORE CL / 010300 PAWCATUCK RIVER /,00094,STORET Rhode,,HWIN-VAR-005,0.0,
STORET_Rhode_WS01_19691209_      1440,STORET_Rhode,WS01,00094,0.0,,1969-12-09T14:40:00,41.354722,-71.838333,US,Rhode,RI_Washington,INFLUENT WESTERLY STP BEFORE CL / 010300 PAWCATUCK RIVER /,00094,STORET Rhode,,HWIN-VAR-005,0.0,
STORET_Rhode_WS01_19691209_      1411,STORET_Rhode,WS01,00094,0.0,,1969-12-09T14:11:00,41.354722,-71.838333,US,Rhode,RI_Washington,INFLUENT WESTERLY STP BEFORE CL / 010300 PAWCATUCK RIVER /,00094,STORET Rhode,,HWIN-VAR-005,0.0,
STORET_Rhode_WS01_19691209_      1313,STORET_Rhode,WS01,00094,1650.0,,1969-12-09T13:13:00,41.354722,-71.838333,US,Rhode,RI_Washington,INFLUENT WESTERLY STP BEFORE CL / 010300 PAWCATUCK RIVER /,00094,STORET Rhode,,HWIN-VAR-005,1650.0,
STORET_Rhode_WS01_19691209_      1350,STORET_Rhode,WS01,00094,0.0,,1969-12-09T13:50:00,41.354722,-71.838333,US,Rhode,RI_Washington,INFLUENT WESTERLY STP BEFORE CL / 010300 PAWCATUCK RIVER /,00094,STORET Rhode,,HWIN-VAR-005,0.0,
STORET_Rhode_WS01_19691209_      1425,STORET_Rhode,WS01,00094,0.0,,1969-12-09T14:25:00,41.354722,-71.838333,US,Rhode,RI_Washington,INFLUENT WESTERLY STP BEFORE CL / 010300 PAWCATUCK RIVER /,00094,STORET Rhode,,HWIN-VAR-005,0.0,
STORET_Rhode_WS01_19691209_      1500,STORET_Rhode,WS01,00094,0.0,,1969-12-09T15:00:00,41.354722,-71.838333,US,Rhode,RI_Washington,INFLUENT WESTERLY STP BEFORE CL / 010300 PAWCATUCK RIVER /,00094,STORET Rhode,,HWIN-VAR-005,0.0,
STORET_Rhode_WS01_19691209_      1530,STORET_Rhode,WS01,00094,0.0,,1969-12-09T15:30:00,41.354722,-71.838333,US,Rhode,RI_Washington,INFLUENT WESTERLY STP BEFORE CL / 010300 PAWCATUCK RIVER /,00094,STORET Rhode,,HWIN-VAR-005,0.0,
STORET_Rhode_WS01_19691209_      1515,STORET_Rhode,WS01,00094,0.0,,1969-12-09T15:15:00,41.354722,-71.838333,US,Rhode,RI_Washington,INFLUENT WESTERLY STP BEFORE CL / 010300 PAWCATUCK RIVER /,00094,STORET Rhode,,HWIN-VAR-005,0.0,
STORET_Rhode_WS01_19691209_      1504,STORET_Rhode,WS01,00094,0.0,,1969-12-09T15:04:00,41.354722,-71.838333,US,Rhode,RI_Washington,INFLUENT WESTERLY STP BEFORE CL / 010300 PAWCATUCK RIVER /,00094,STORET Rhode,,HWIN-VAR-005,0.0,
STORET_Rhode_WS01_19691210_      1200,STORET_Rhode,WS01,00094,0.0,,1969-12-10T12:00:00,41.354722,-71.838333,US,Rhode,RI_Washington,INFLUENT WESTERLY STP BEFORE CL / 010300 PAWCATUCK RIVER /,00094,STORET Rhode,,HWIN-VAR-005,0.0,
STORET_Rhode_WS01_19691210_      1120,STORET_Rhode,WS01,00094,0.0,,1969-12-10T11:20:00,41.354722,-71.838333,US,Rhode,RI_Washington,INFLUENT WESTERLY STP BEFORE CL / 010300 PAWCATUCK RIVER /,00094,STORET Rhode,,HWIN-VAR-005,0.0,
STORET_Rhode_WS01_19691210_      1030,STORET_Rhode,WS01,00094,0.0,,1969-12-10T10:30:00,41.354722,-71.838333,US,Rhode,RI_Washington,INFLUENT WESTERLY STP BEFORE CL / 010300 PAWCATUCK RIVER /,00094,STORET Rhode,,HWIN-VAR-005,0.0,
STORET_Rhode_WS01_19691210_      0923,STORET_Rhode,WS01,00094,0.0,,1969-12-10T09:23:00,41.354722,-71.838333,US,Rhode,RI_Washington,INFLUENT WESTERLY STP BEFORE CL / 010300 PAWCATUCK RIVER /,00094,STORET Rhode,,HWIN-VAR-005,0.0,
STORET_Rhode_WS01_19691210_      0945,STORET_Rhode,WS01,00094,0.0,,1969-12-10T09:45:00,41.354722,-71.838333,US,Rhode,RI_Washington,INFLUENT WESTERLY STP BEFORE CL / 010300 PAWCATUCK RIVER /,00094,STORET Rhode,,HWIN-VAR-005,0.0,
STORET_Rhode_WS01_19691210_      0957,STORET_Rhode,WS01,00094,0.0,,1969-12-10T09:57:00,41.354722,-71.838333,US,Rhode,RI_Washington,INFLUENT WESTERLY STP BEFORE CL / 010300 PAWCATUCK RIVER /,00094,STORET Rhode,,HWIN-VAR-005,0.0,
STORET_Rhode_WS01_19691210_      1013,STORET_Rhode,WS01,00094,0.0,,1969-12-10T10:13:00,41.354722,-71.838333,US,Rhode,RI_Washington,INFLUENT WESTERLY STP BEFORE CL / 010300 PAWCATUCK RIVER /,00094,STORET Rhode,,HWIN-VAR-005,0.0,
STORET_Rhode_WS01_19691210_      1050,STORET_Rhode,WS01,00094,0.0,,1969-12-10T10:50:00,41.354722,-71.838333,US,Rhode,RI_Washington,INFLUENT WESTERLY STP BEFORE CL / 010300 PAWCATUCK RIVER /,00094,STORET Rhode,,HWIN-VAR-005,0.0,
STORET_Rhode_WS01_19691210_      1130,STORET_Rhode,WS01,00094,0.0,,1969-12-10T11:30:00,41.354722,-71.838333,US,Rhode,RI_Washington,INFLUENT WESTERLY STP BEFORE CL / 010300 PAWCATUCK RIVER /,00094,STORET Rhode,,HWIN-VAR-005,0.0,
STORET_Rhode_WS01_19691210_      1140,STORET_Rhode,WS01,00094,0.0,,1969-12-10T11:40:00,41.354722,-71.838333,US,Rhode,RI_Washington,INFLUENT WESTERLY STP BEFORE CL / 010300 PAWCATUCK RIVER /,00094,STORET Rhode,,HWIN-VAR-005,0.0,
STORET_Rhode_WS02_19691209_      1546,STORET_Rhode,WS02,00094,0.0,,1969-12-09T15:46:00,41.354722,-71.838333,US,Rhode,RI_Washington,WESTERLY STP EFFLU FRM PRIM CLAR / 010300 PAWCATUCK RIVER /,00094,STORET Rhode,,HWIN-VAR-005,0.0,
STORET_Rhode_WS02_19691209_      1530,STORET_Rhode,WS02,00094,0.0,,1969-12-09T15:30:00,41.354722,-71.838333,US,Rhode,RI_Washington,WESTERLY STP EFFLU FRM PRIM CLAR / 010300 PAWCATUCK RIVER /,00094,STORET Rhode,,HWIN-VAR-005,0.0,
STORET_Rhode_WS02_19691209_      1506,STORET_Rhode,WS02,00094,0.0,,1969-12-09T15:06:00,41.354722,-71.838333,US,Rhode,RI_Washington,WESTERLY STP EFFLU FRM PRIM CLAR / 010300 PAWCATUCK RIVER /,00094,STORET Rhode,,HWIN-VAR-005,0.0,
STORET_Rhode_WS02_19691209_      1443,STORET_Rhode,WS02,00094,0.0,,1969-12-09T14:43:00,41.354722,-71.838333,US,Rhode,RI_Washington,WESTERLY STP EFFLU FRM PRIM CLAR / 010300 PAWCATUCK RIVER /,00094,STORET Rhode,,HWIN-VAR-005,0.0,
STORET_Rhode_WS02_19691209_      1414,STORET_Rhode,WS02,00094,0.0,,1969-12-09T14:14:00,41.354722,-71.838333,US,Rhode,RI_Washington,WESTERLY STP EFFLU FRM PRIM CLAR / 010300 PAWCATUCK RIVER /,00094,STORET Rhode,,HWIN-VAR-005,0.0,
STORET_Rhode_WS02_19691209_      1318,STORET_Rhode,WS02,00094,1700.0,,1969-12-09T13:18:00,41.354722,-71.838333,US,Rhode,RI_Washington,WESTERLY STP EFFLU FRM PRIM CLAR / 010300 PAWCATUCK RIVER /,00094,STORET Rhode,,HWIN-VAR-005,1700.0,
STORET_Rhode_WS02_19691209_      1355,STORET_Rhode,WS02,00094,0.0,,1969-12-09T13:55:00,41.354722,-71.838333,US,Rhode,RI_Washington,WESTERLY STP EFFLU FRM PRIM CLAR / 010300 PAWCATUCK RIVER /,00094,STORET Rhode,,HWIN-VAR-005,0.0,
STORET_Rhode_WS02_19691209_      1427,STORET_Rhode,WS02,00094,0.0,,1969-12-09T14:27:00,41.354722,-71.838333,US,Rhode,RI_Washington,WESTERLY STP EFFLU FRM PRIM CLAR / 010300 PAWCATUCK RIVER /,00094,STORET Rhode,,HWIN-VAR-005,0.0,
STORET_Rhode_WS02_19691209_      1500,STORET_Rhode,WS02,00094,0.0,,1969-12-09T15:00:00,41.354722,-71.838333,US,Rhode,RI_Washington,WESTERLY STP EFFLU FRM PRIM CLAR / 010300 PAWCATUCK RIVER /,00094,STORET Rhode,,HWIN-VAR-005,0.0,
STORET_Rhode_WS02_19691209_      1515,STORET_Rhode,WS02,00094,0.0,,1969-12-09T15:15:00,41.354722,-71.838333,US,Rhode,RI_Washington,WESTERLY STP EFFLU FRM PRIM CLAR / 010300 PAWCATUCK RIVER /,00094,STORET Rhode,,HWIN-VAR-005,0.0,
STORET_Rhode_WS02_19691210_      1545,STORET_Rhode,WS02,00094,0.0,,1969-12-10T15:45:00,41.354722,-71.838333,US,Rhode,RI_Washington,WESTERLY STP EFFLU FRM PRIM CLAR / 010300 PAWCATUCK RIVER /,00094,STORET Rhode,,HWIN-VAR-005,0.0,
STORET_Rhode_WS02_19691210_      1200,STORET_Rhode,WS02,00094,0.0,,1969-12-10T12:00:00,41.354722,-71.838333,US,Rhode,RI_Washington,WESTERLY STP EFFLU FRM PRIM CLAR / 010300 PAWCATUCK RIVER /,00094,STORET Rhode,,HWIN-VAR-005,0.0,
STORET_Rhode_WS02_19691210_      1013,STORET_Rhode,WS02,00094,0.0,,1969-12-10T10:13:00,41.354722,-71.838333,US,Rhode,RI_Washington,WESTERLY STP EFFLU FRM PRIM CLAR / 010300 PAWCATUCK RIVER /,00094,STORET Rhode,,HWIN-VAR-005,0.0,
STORET_Rhode_WS02_19691210_      0900,STORET_Rhode,WS02,00094,0.0,,1969-12-10T09:00:00,41.354722,-71.838333,US,Rhode,RI_Washington,WESTERLY STP EFFLU FRM PRIM CLAR / 010300 PAWCATUCK RIVER /,00094,STORET Rhode,,HWIN-VAR-005,0.0,
STORET_Rhode_WS02_19691210_      0923,STORET_Rhode,WS02,00094,0.0,,1969-12-10T09:23:00,41.354722,-71.838333,US,Rhode,RI_Washington,WESTERLY STP EFFLU FRM PRIM CLAR / 010300 PAWCATUCK RIVER /,00094,STORET Rhode,,HWIN-VAR-005,0.0,
STORET_Rhode_WS02_19691210_      0945,STORET_Rhode,WS02,00094,0.0,,1969-12-10T09:45:00,41.354722,-71.838333,US,Rhode,RI_Washington,WESTERLY STP EFFLU FRM PRIM CLAR / 010300 PAWCATUCK RIVER /,00094,STORET Rhode,,HWIN-VAR-005,0.0,
STORET_Rhode_WS02_19691210_      0957,STORET_Rhode,WS02,00094,0.0,,1969-12-10T09:57:00,41.354722,-71.838333,US,Rhode,RI_Washington,WESTERLY STP EFFLU FRM PRIM CLAR / 010300 PAWCATUCK RIVER /,00094,STORET Rhode,,HWIN-VAR-005,0.0,
STORET_Rhode_WS02_19691210_      1030,STORET_Rhode,WS02,00094,0.0,,1969-12-10T10:30:00,41.354722,-71.838333,US,Rhode,RI_Washington,WESTERLY STP EFFLU FRM PRIM CLAR / 010300 PAWCATUCK RIVER /,00094,STORET Rhode,,HWIN-VAR-005,0.0,
STORET_Rhode_WS02_19691210_      1050,STORET_Rhode,WS02,00094,0.0,,1969-12-10T10:50:00,41.354722,-71.838333,US,Rhode,RI_Washington,WESTERLY STP EFFLU FRM PRIM CLAR / 010300 PAWCATUCK RIVER /,00094,STORET Rhode,,HWIN-VAR-005,0.0,
STORET_Rhode_WS02_19691210_      1120,STORET_Rhode,WS02,00094,0.0,,1969-12-10T11:20:00,41.354722,-71.838333,US,Rhode,RI_Washington,WESTERLY STP EFFLU FRM PRIM CLAR / 010300 PAWCATUCK RIVER /,00094,STORET Rhode,,HWIN-VAR-005,0.0,
STORET_Rhode_WS02_19691210_      1130,STORET_Rhode,WS02,00094,0.0,,1969-12-10T11:30:00,41.354722,-71.838333,US,Rhode,RI_Washington,WESTERLY STP EFFLU FRM PRIM CLAR / 010300 PAWCATUCK RIVER /,00094,STORET Rhode,,HWIN-VAR-005,0.0,
STORET_Rhode_WS02_19691210_      1140,STORET_Rhode,WS02,00094,0.0,,1969-12-10T11:40:00,41.354722,-71.838333,US,Rhode,RI_Washington,WESTERLY STP EFFLU FRM PRIM CLAR / 010300 PAWCATUCK RIVER /,00094,STORET Rhode,,HWIN-VAR-005,0.0,
STORET_Rhode_WRBWR1_19760318_      2500,STORET_Rhode,WRBWR1,00094,28.5,,1976-03-18T00:00:00,41.580556,-71.725,US,Rhode,RI_Washington,WOOD RIVER / NORTHEAST / PAWCATUCK RIVER,00094,STORET Rhode,HOUR25,HWIN-VAR-005,28.5,
STORET_Rhode_WRBWR2_19760318_      2500,STORET_Rhode,WRBWR2,00094,28.0,,1976-03-18T00:00:00,41.577778,-71.716667,US,Rhode,RI_Washington,FLAT RIVER / NORTHEAST / PAWCATUCK RIVER,00094,STORET Rhode,HOUR25,HWIN-VAR-005,28.0,
STORET_Rhode_WRBWR3_19761214_      2500,STORET_Rhode,WRBWR3,00094,45.0,,1976-12-14T00:00:00,41.575,-71.719444,US,Rhode,RI_Washington,WOOD RIVER / NORTHEAST / PAWCATUCK RIVER,00094,STORET Rhode,HOUR25,HWIN-VAR-005,45.0,
STORET_Rhode_1D1-021_19841104_      2500,STORET_Rhode,1D1-021,00095,24.7,,1984-11-04T00:00:00,41.597222,-71.783333,US,Rhode,RI_Washington,TIPPECANSETT POND /  /,00095,STORET Rhode,HOUR25,HWIN-VAR-005,24.7,
STORET_Rhode_1D1-022_19841104_      2500,STORET_Rhode,1D1-022,00095,131.7,,1984-11-04T00:00:00,41.554167,-71.479167,US,Rhode,RI_Washington,SECRET LAKE /  /,00095,STORET Rhode,HOUR25,HWIN-VAR-005,131.7,
STORET_Rhode_1D1-024_19841104_      2500,STORET_Rhode,1D1-024,00095,114.1,,1984-11-04T00:00:00,41.540278,-71.525,US,Rhode,RI_Washington,THE RESERVOIR /  /,00095,STORET Rhode,HOUR25,HWIN-VAR-005,114.1,
STORET_Rhode_1D1-027_19841104_      2500,STORET_Rhode,1D1-027,00095,39.35,,1984-11-04T00:00:00,41.4,-71.666667,US,Rhode,RI_Washington,SCHOOL HOUSE POND /  /,00095,STORET Rhode,HOUR25,HWIN-VAR-005,39.35,
STORET_Rhode_1D1-059_19841104_      2500,STORET_Rhode,1D1-059,00095,77.7,,1984-11-04T00:00:00,41.47,-71.558333,US,Rhode,RI_Washington,LARKIN POND /  /,00095,STORET Rhode,HOUR25,HWIN-VAR-005,77.7,
STORET_Rhode_1D1-065_19841104_      2500,STORET_Rhode,1D1-065,00095,29.5,,1984-11-04T00:00:00,41.500833,-71.756389,US,Rhode,RI_Washington,ASHVILLE POND /  /,00095,STORET Rhode,HOUR25,HWIN-VAR-005,29.5,
STORET_Rhode_WRBWR1_19760318_      2500,STORET_Rhode,WRBWR1,00300,11.3,,1976-03-18T00:00:00,41.580556,-71.725,US,Rhode,RI_Washington,WOOD RIVER / NORTHEAST / PAWCATUCK RIVER,00300,STORET Rhode,HOUR25,HWIN-VAR-003,11.3,
STORET_Rhode_WRBWR2_19760318_      2500,STORET_Rhode,WRBWR2,00300,11.0,,1976-03-18T00:00:00,41.577778,-71.716667,US,Rhode,RI_Washington,FLAT RIVER / NORTHEAST / PAWCATUCK RIVER,00300,STORET Rhode,HOUR25,HWIN-VAR-003,11.0,
STORET_Rhode_WRBWR3_19760318_      2500,STORET_Rhode,WRBWR3,00300,11.8,,1976-03-18T00:00:00,41.575,-71.719444,US,Rhode,RI_Washington,WOOD RIVER / NORTHEAST / PAWCATUCK RIVER,00300,STORET Rhode,HOUR25,HWIN-VAR-003,11.8,
STORET_Rhode_WRBWR1_19760318_      2500,STORET_Rhode,WRBWR1,00301,86.2595,,1976-03-18T00:00:00,41.580556,-71.725,US,Rhode,RI_Washington,WOOD RIVER / NORTHEAST / PAWCATUCK RIVER,00301,STORET Rhode,$|HOUR25,HWIN-VAR-014,86.2595,
STORET_Rhode_WRBWR2_19760318_      2500,STORET_Rhode,WRBWR2,00301,85.9375,,1976-03-18T00:00:00,41.577778,-71.716667,US,Rhode,RI_Washington,FLAT RIVER / NORTHEAST / PAWCATUCK RIVER,00301,STORET Rhode,$|HOUR25,HWIN-VAR-014,85.9375,
STORET_Rhode_WRBWR3_19760318_      2500,STORET_Rhode,WRBWR3,00301,92.1875,,1976-03-18T00:00:00,41.575,-71.719444,US,Rhode,RI_Washington,WOOD RIVER / NORTHEAST / PAWCATUCK RIVER,00301,STORET Rhode,$|HOUR25,HWIN-VAR-014,92.1875,
STORET_Rhode_WRBWR1_19760628_      2500,STORET_Rhode,WRBWR1,00310,1.0,,1976-06-28T00:00:00,41.580556,-71.725,US,Rhode,RI_Washington,WOOD RIVER / NORTHEAST / PAWCATUCK RIVER,00310,STORET Rhode,K|HOUR25,HWIN-VAR-022,1.0,
STORET_Rhode_WRBWR2_19760628_      2500,STORET_Rhode,WRBWR2,00310,1.0,,1976-06-28T00:00:00,41.577778,-71.716667,US,Rhode,RI_Washington,FLAT RIVER / NORTHEAST / PAWCATUCK RIVER,00310,STORET Rhode,K|HOUR25,HWIN-VAR-022,1.0,
STORET_Rhode_WRBWR3_19760628_      2500,STORET_Rhode,WRBWR3,00310,1.0,,1976-06-28T00:00:00,41.575,-71.719444,US,Rhode,RI_Washington,WOOD RIVER / NORTHEAST / PAWCATUCK RIVER,00310,STORET Rhode,HOUR25,HWIN-VAR-022,1.0,
STORET_Rhode_WRBWR3_19761214_      2500,STORET_Rhode,WRBWR3,00310,1.0,,1976-12-14T00:00:00,41.575,-71.719444,US,Rhode,RI_Washington,WOOD RIVER / NORTHEAST / PAWCATUCK RIVER,00310,STORET Rhode,K|HOUR25,HWIN-VAR-022,1.0,
STORET_Rhode_WS01_19691209_      1546,STORET_Rhode,WS01,00400,7.2,,1969-12-09T15:46:00,41.354722,-71.838333,US,Rhode,RI_Washington,INFLUENT WESTERLY STP BEFORE CL / 010300 PAWCATUCK RIVER /,00400,STORET Rhode,,HWIN-VAR-002,7.2,
STORET_Rhode_WS01_19691209_      1440,STORET_Rhode,WS01,00400,6.8,,1969-12-09T14:40:00,41.354722,-71.838333,US,Rhode,RI_Washington,INFLUENT WESTERLY STP BEFORE CL / 010300 PAWCATUCK RIVER /,00400,STORET Rhode,,HWIN-VAR-002,6.8,
STORET_Rhode_WS01_19691209_      1411,STORET_Rhode,WS01,00400,6.8,,1969-12-09T14:11:00,41.354722,-71.838333,US,Rhode,RI_Washington,INFLUENT WESTERLY STP BEFORE CL / 010300 PAWCATUCK RIVER /,00400,STORET Rhode,,HWIN-VAR-002,6.8,
STORET_Rhode_WS01_19691209_      1313,STORET_Rhode,WS01,00400,6.5,,1969-12-09T13:13:00,41.354722,-71.838333,US,Rhode,RI_Washington,INFLUENT WESTERLY STP BEFORE CL / 010300 PAWCATUCK RIVER /,00400,STORET Rhode,,HWIN-VAR-002,6.5,
STORET_Rhode_WS01_19691209_      1350,STORET_Rhode,WS01,00400,7.2,,1969-12-09T13:50:00,41.354722,-71.838333,US,Rhode,RI_Washington,INFLUENT WESTERLY STP BEFORE CL / 010300 PAWCATUCK RIVER /,00400,STORET Rhode,,HWIN-VAR-002,7.2,
STORET_Rhode_WS01_19691209_      1425,STORET_Rhode,WS01,00400,7.1,,1969-12-09T14:25:00,41.354722,-71.838333,US,Rhode,RI_Washington,INFLUENT WESTERLY STP BEFORE CL / 010300 PAWCATUCK RIVER /,00400,STORET Rhode,,HWIN-VAR-002,7.1,
STORET_Rhode_WS01_19691209_      1500,STORET_Rhode,WS01,00400,6.9,,1969-12-09T15:00:00,41.354722,-71.838333,US,Rhode,RI_Washington,INFLUENT WESTERLY STP BEFORE CL / 010300 PAWCATUCK RIVER /,00400,STORET Rhode,,HWIN-VAR-002,6.9,
STORET_Rhode_WS01_19691209_      1530,STORET_Rhode,WS01,00400,7.0,,1969-12-09T15:30:00,41.354722,-71.838333,US,Rhode,RI_Washington,INFLUENT WESTERLY STP BEFORE CL / 010300 PAWCATUCK RIVER /,00400,STORET Rhode,,HWIN-VAR-002,7.0,
STORET_Rhode_WS01_19691209_      1515,STORET_Rhode,WS01,00400,7.2,,1969-12-09T15:15:00,41.354722,-71.838333,US,Rhode,RI_Washington,INFLUENT WESTERLY STP BEFORE CL / 010300 PAWCATUCK RIVER /,00400,STORET Rhode,,HWIN-VAR-002,7.2,
STORET_Rhode_WS01_19691209_      1504,STORET_Rhode,WS01,00400,7.0,,1969-12-09T15:04:00,41.354722,-71.838333,US,Rhode,RI_Washington,INFLUENT WESTERLY STP BEFORE CL / 010300 PAWCATUCK RIVER /,00400,STORET Rhode,,HWIN-VAR-002,7.0,
STORET_Rhode_WS01_19691210_      1200,STORET_Rhode,WS01,00400,6.7,,1969-12-10T12:00:00,41.354722,-71.838333,US,Rhode,RI_Washington,INFLUENT WESTERLY STP BEFORE CL / 010300 PAWCATUCK RIVER /,00400,STORET Rhode,,HWIN-VAR-002,6.7,
STORET_Rhode_WS01_19691210_      1120,STORET_Rhode,WS01,00400,6.8,,1969-12-10T11:20:00,41.354722,-71.838333,US,Rhode,RI_Washington,INFLUENT WESTERLY STP BEFORE CL / 010300 PAWCATUCK RIVER /,00400,STORET Rhode,,HWIN-VAR-002,6.8,
STORET_Rhode_WS01_19691210_      1030,STORET_Rhode,WS01,00400,7.1,,1969-12-10T10:30:00,41.354722,-71.838333,US,Rhode,RI_Washington,INFLUENT WESTERLY STP BEFORE CL / 010300 PAWCATUCK RIVER /,00400,STORET Rhode,,HWIN-VAR-002,7.1,
STORET_Rhode_WS01_19691210_      0923,STORET_Rhode,WS01,00400,6.9,,1969-12-10T09:23:00,41.354722,-71.838333,US,Rhode,RI_Washington,INFLUENT WESTERLY STP BEFORE CL / 010300 PAWCATUCK RIVER /,00400,STORET Rhode,,HWIN-VAR-002,6.9,
STORET_Rhode_WS01_19691210_      0945,STORET_Rhode,WS01,00400,6.9,,1969-12-10T09:45:00,41.354722,-71.838333,US,Rhode,RI_Washington,INFLUENT WESTERLY STP BEFORE CL / 010300 PAWCATUCK RIVER /,00400,STORET Rhode,,HWIN-VAR-002,6.9,
STORET_Rhode_WS01_19691210_      0957,STORET_Rhode,WS01,00400,6.8,,1969-12-10T09:57:00,41.354722,-71.838333,US,Rhode,RI_Washington,INFLUENT WESTERLY STP BEFORE CL / 010300 PAWCATUCK RIVER /,00400,STORET Rhode,,HWIN-VAR-002,6.8,
STORET_Rhode_WS01_19691210_      1013,STORET_Rhode,WS01,00400,7.0,,1969-12-10T10:13:00,41.354722,-71.838333,US,Rhode,RI_Washington,INFLUENT WESTERLY STP BEFORE CL / 010300 PAWCATUCK RIVER /,00400,STORET Rhode,,HWIN-VAR-002,7.0,
STORET_Rhode_WS01_19691210_      1050,STORET_Rhode,WS01,00400,7.0,,1969-12-10T10:50:00,41.354722,-71.838333,US,Rhode,RI_Washington,INFLUENT WESTERLY STP BEFORE CL / 010300 PAWCATUCK RIVER /,00400,STORET Rhode,,HWIN-VAR-002,7.0,
STORET_Rhode_WS01_19691210_      1130,STORET_Rhode,WS01,00400,6.8,,1969-12-10T11:30:00,41.354722,-71.838333,US,Rhode,RI_Washington,INFLUENT WESTERLY STP BEFORE CL / 010300 PAWCATUCK RIVER /,00400,STORET Rhode,,HWIN-VAR-002,6.8,
STORET_Rhode_WS01_19691210_      1140,STORET_Rhode,WS01,00400,6.9,,1969-12-10T11:40:00,41.354722,-71.838333,US,Rhode,RI_Washington,INFLUENT WESTERLY STP BEFORE CL / 010300 PAWCATUCK RIVER /,00400,STORET Rhode,,HWIN-VAR-002,6.9,
STORET_Rhode_WS02_19691209_      1546,STORET_Rhode,WS02,00400,6.6,,1969-12-09T15:46:00,41.354722,-71.838333,US,Rhode,RI_Washington,WESTERLY STP EFFLU FRM PRIM CLAR / 010300 PAWCATUCK RIVER /,00400,STORET Rhode,,HWIN-VAR-002,6.6,
STORET_Rhode_WS02_19691209_      1530,STORET_Rhode,WS02,00400,6.6,,1969-12-09T15:30:00,41.354722,-71.838333,US,Rhode,RI_Washington,WESTERLY STP EFFLU FRM PRIM CLAR / 010300 PAWCATUCK RIVER /,00400,STORET Rhode,,HWIN-VAR-002,6.6,
STORET_Rhode_WS02_19691209_      1506,STORET_Rhode,WS02,00400,6.5,,1969-12-09T15:06:00,41.354722,-71.838333,US,Rhode,RI_Washington,WESTERLY STP EFFLU FRM PRIM CLAR / 010300 PAWCATUCK RIVER /,00400,STORET Rhode,,HWIN-VAR-002,6.5,
STORET_Rhode_WS02_19691209_      1443,STORET_Rhode,WS02,00400,6.5,,1969-12-09T14:43:00,41.354722,-71.838333,US,Rhode,RI_Washington,WESTERLY STP EFFLU FRM PRIM CLAR / 010300 PAWCATUCK RIVER /,00400,STORET Rhode,,HWIN-VAR-002,6.5,
STORET_Rhode_WS02_19691209_      1414,STORET_Rhode,WS02,00400,6.6,,1969-12-09T14:14:00,41.354722,-71.838333,US,Rhode,RI_Washington,WESTERLY STP EFFLU FRM PRIM CLAR / 010300 PAWCATUCK RIVER /,00400,STORET Rhode,,HWIN-VAR-002,6.6,
STORET_Rhode_WS02_19691209_      1318,STORET_Rhode,WS02,00400,7.0,,1969-12-09T13:18:00,41.354722,-71.838333,US,Rhode,RI_Washington,WESTERLY STP EFFLU FRM PRIM CLAR / 010300 PAWCATUCK RIVER /,00400,STORET Rhode,,HWIN-VAR-002,7.0,
STORET_Rhode_WS02_19691209_      1355,STORET_Rhode,WS02,00400,6.6,,1969-12-09T13:55:00,41.354722,-71.838333,US,Rhode,RI_Washington,WESTERLY STP EFFLU FRM PRIM CLAR / 010300 PAWCATUCK RIVER /,00400,STORET Rhode,,HWIN-VAR-002,6.6,
STORET_Rhode_WS02_19691209_      1427,STORET_Rhode,WS02,00400,6.7,,1969-12-09T14:27:00,41.354722,-71.838333,US,Rhode,RI_Washington,WESTERLY STP EFFLU FRM PRIM CLAR / 010300 PAWCATUCK RIVER /,00400,STORET Rhode,,HWIN-VAR-002,6.7,
STORET_Rhode_WS02_19691209_      1500,STORET_Rhode,WS02,00400,6.5,,1969-12-09T15:00:00,41.354722,-71.838333,US,Rhode,RI_Washington,WESTERLY STP EFFLU FRM PRIM CLAR / 010300 PAWCATUCK RIVER /,00400,STORET Rhode,,HWIN-VAR-002,6.5,
STORET_Rhode_WS02_19691209_      1515,STORET_Rhode,WS02,00400,6.5,,1969-12-09T15:15:00,41.354722,-71.838333,US,Rhode,RI_Washington,WESTERLY STP EFFLU FRM PRIM CLAR / 010300 PAWCATUCK RIVER /,00400,STORET Rhode,,HWIN-VAR-002,6.5,
STORET_Rhode_WS02_19691210_      1545,STORET_Rhode,WS02,00400,0.0,,1969-12-10T15:45:00,41.354722,-71.838333,US,Rhode,RI_Washington,WESTERLY STP EFFLU FRM PRIM CLAR / 010300 PAWCATUCK RIVER /,00400,STORET Rhode,,HWIN-VAR-002,0.0,
STORET_Rhode_WS02_19691210_      1140,STORET_Rhode,WS02,00400,6.3,,1969-12-10T11:40:00,41.354722,-71.838333,US,Rhode,RI_Washington,WESTERLY STP EFFLU FRM PRIM CLAR / 010300 PAWCATUCK RIVER /,00400,STORET Rhode,,HWIN-VAR-002,6.3,
STORET_Rhode_WS02_19691210_      1130,STORET_Rhode,WS02,00400,6.4,,1969-12-10T11:30:00,41.354722,-71.838333,US,Rhode,RI_Washington,WESTERLY STP EFFLU FRM PRIM CLAR / 010300 PAWCATUCK RIVER /,00400,STORET Rhode,,HWIN-VAR-002,6.4,
STORET_Rhode_WS02_19691210_      0900,STORET_Rhode,WS02,00400,0.0,,1969-12-10T09:00:00,41.354722,-71.838333,US,Rhode,RI_Washington,WESTERLY STP EFFLU FRM PRIM CLAR / 010300 PAWCATUCK RIVER /,00400,STORET Rhode,,HWIN-VAR-002,0.0,
STORET_Rhode_WS02_19691210_      0923,STORET_Rhode,WS02,00400,6.8,,1969-12-10T09:23:00,41.354722,-71.838333,US,Rhode,RI_Washington,WESTERLY STP EFFLU FRM PRIM CLAR / 010300 PAWCATUCK RIVER /,00400,STORET Rhode,,HWIN-VAR-002,6.8,
STORET_Rhode_WS02_19691210_      0945,STORET_Rhode,WS02,00400,6.6,,1969-12-10T09:45:00,41.354722,-71.838333,US,Rhode,RI_Washington,WESTERLY STP EFFLU FRM PRIM CLAR / 010300 PAWCATUCK RIVER /,00400,STORET Rhode,,HWIN-VAR-002,6.6,
STORET_Rhode_WS02_19691210_      0957,STORET_Rhode,WS02,00400,6.5,,1969-12-10T09:57:00,41.354722,-71.838333,US,Rhode,RI_Washington,WESTERLY STP EFFLU FRM PRIM CLAR / 010300 PAWCATUCK RIVER /,00400,STORET Rhode,,HWIN-VAR-002,6.5,
STORET_Rhode_WS02_19691210_      1013,STORET_Rhode,WS02,00400,6.5,,1969-12-10T10:13:00,41.354722,-71.838333,US,Rhode,RI_Washington,WESTERLY STP EFFLU FRM PRIM CLAR / 010300 PAWCATUCK RIVER /,00400,STORET Rhode,,HWIN-VAR-002,6.5,
STORET_Rhode_WS02_19691210_      1030,STORET_Rhode,WS02,00400,6.5,,1969-12-10T10:30:00,41.354722,-71.838333,US,Rhode,RI_Washington,WESTERLY STP EFFLU FRM PRIM CLAR / 010300 PAWCATUCK RIVER /,00400,STORET Rhode,,HWIN-VAR-002,6.5,
STORET_Rhode_WS02_19691210_      1050,STORET_Rhode,WS02,00400,6.4,,1969-12-10T10:50:00,41.354722,-71.838333,US,Rhode,RI_Washington,WESTERLY STP EFFLU FRM PRIM CLAR / 010300 PAWCATUCK RIVER /,00400,STORET Rhode,,HWIN-VAR-002,6.4,
STORET_Rhode_WS02_19691210_      1120,STORET_Rhode,WS02,00400,6.5,,1969-12-10T11:20:00,41.354722,-71.838333,US,Rhode,RI_Washington,WESTERLY STP EFFLU FRM PRIM CLAR / 010300 PAWCATUCK RIVER /,00400,STORET Rhode,,HWIN-VAR-002,6.5,
STORET_Rhode_WS02_19691210_      1200,STORET_Rhode,WS02,00400,6.2,,1969-12-10T12:00:00,41.354722,-71.838333,US,Rhode,RI_Washington,WESTERLY STP EFFLU FRM PRIM CLAR / 010300 PAWCATUCK RIVER /,00400,STORET Rhode,,HWIN-VAR-002,6.2,
STORET_Rhode_WRBWR1_19760318_      2500,STORET_Rhode,WRBWR1,00400,6.3,,1976-03-18T00:00:00,41.580556,-71.725,US,Rhode,RI_Washington,WOOD RIVER / NORTHEAST / PAWCATUCK RIVER,00400,STORET Rhode,HOUR25,HWIN-VAR-002,6.3,
STORET_Rhode_WRBWR2_19760318_      2500,STORET_Rhode,WRBWR2,00400,6.3,,1976-03-18T00:00:00,41.577778,-71.716667,US,Rhode,RI_Washington,FLAT RIVER / NORTHEAST / PAWCATUCK RIVER,00400,STORET Rhode,HOUR25,HWIN-VAR-002,6.3,
STORET_Rhode_WRBWR3_19760318_      2500,STORET_Rhode,WRBWR3,00400,6.6,,1976-03-18T00:00:00,41.575,-71.719444,US,Rhode,RI_Washington,WOOD RIVER / NORTHEAST / PAWCATUCK RIVER,00400,STORET Rhode,HOUR25,HWIN-VAR-002,6.6,
STORET_Rhode_1D1-021_19841104_      2500,STORET_Rhode,1D1-021,00403,5.29,,1984-11-04T00:00:00,41.597222,-71.783333,US,Rhode,RI_Washington,TIPPECANSETT POND /  /,00403,STORET Rhode,HOUR25,HWIN-VAR-002,5.29,
STORET_Rhode_1D1-022_19841104_      2500,STORET_Rhode,1D1-022,00403,6.6,,1984-11-04T00:00:00,41.554167,-71.479167,US,Rhode,RI_Washington,SECRET LAKE /  /,00403,STORET Rhode,HOUR25,HWIN-VAR-002,6.6,
STORET_Rhode_1D1-024_19841104_      2500,STORET_Rhode,1D1-024,00403,6.76,,1984-11-04T00:00:00,41.540278,-71.525,US,Rhode,RI_Washington,THE RESERVOIR /  /,00403,STORET Rhode,HOUR25,HWIN-VAR-002,6.76,
STORET_Rhode_1D1-027_19841104_      2500,STORET_Rhode,1D1-027,00403,6.52,,1984-11-04T00:00:00,41.4,-71.666667,US,Rhode,RI_Washington,SCHOOL HOUSE POND /  /,00403,STORET Rhode,HOUR25,HWIN-VAR-002,6.52,
STORET_Rhode_1D1-059_19841104_      2500,STORET_Rhode,1D1-059,00403,6.99,,1984-11-04T00:00:00,41.47,-71.558333,US,Rhode,RI_Washington,LARKIN POND /  /,00403,STORET Rhode,HOUR25,HWIN-VAR-002,6.99,
STORET_Rhode_1D1-065_19841104_      2500,STORET_Rhode,1D1-065,00403,5.03,,1984-11-04T00:00:00,41.500833,-71.756389,US,Rhode,RI_Washington,ASHVILLE POND /  /,00403,STORET Rhode,HOUR25,HWIN-VAR-002,5.03,
STORET_Rhode_WRBWR1_19760628_      2500,STORET_Rhode,WRBWR1,00410,7.0,,1976-06-28T00:00:00,41.580556,-71.725,US,Rhode,RI_Washington,WOOD RIVER / NORTHEAST / PAWCATUCK RIVER,00410,STORET Rhode,HOUR25,HWIN-VAR-020,7.0,
STORET_Rhode_WRBWR2_19760628_      2500,STORET_Rhode,WRBWR2,00410,7.0,,1976-06-28T00:00:00,41.577778,-71.716667,US,Rhode,RI_Washington,FLAT RIVER / NORTHEAST / PAWCATUCK RIVER,00410,STORET Rhode,HOUR25,HWIN-VAR-020,7.0,
STORET_Rhode_WRBWR3_19760628_      2500,STORET_Rhode,WRBWR3,00410,6.0,,1976-06-28T00:00:00,41.575,-71.719444,US,Rhode,RI_Washington,WOOD RIVER / NORTHEAST / PAWCATUCK RIVER,00410,STORET Rhode,HOUR25,HWIN-VAR-020,6.0,
STORET_Rhode_WRBWR3_19761214_      2500,STORET_Rhode,WRBWR3,00410,4.0,,1976-12-14T00:00:00,41.575,-71.719444,US,Rhode,RI_Washington,WOOD RIVER / NORTHEAST / PAWCATUCK RIVER,00410,STORET Rhode,HOUR25,HWIN-VAR-020,4.0,
STORET_Rhode_WRBWR1_19760628_      2500,STORET_Rhode,WRBWR1,00610,0.048,,1976-06-28T00:00:00,41.580556,-71.725,US,Rhode,RI_Washington,WOOD RIVER / NORTHEAST / PAWCATUCK RIVER,00610,STORET Rhode,HOUR25,HWIN-VAR-031,0.048,
STORET_Rhode_WRBWR2_19760628_      2500,STORET_Rhode,WRBWR2,00610,0.032,,1976-06-28T00:00:00,41.577778,-71.716667,US,Rhode,RI_Washington,FLAT RIVER / NORTHEAST / PAWCATUCK RIVER,00610,STORET Rhode,HOUR25,HWIN-VAR-031,0.032,
STORET_Rhode_WRBWR3_19760628_      2500,STORET_Rhode,WRBWR3,00610,0.032,,1976-06-28T00:00:00,41.575,-71.719444,US,Rhode,RI_Washington,WOOD RIVER / NORTHEAST / PAWCATUCK RIVER,00610,STORET Rhode,HOUR25,HWIN-VAR-031,0.032,
STORET_Rhode_WRBWR1_19760628_      2500,STORET_Rhode,WRBWR1,00620,0.0,,1976-06-28T00:00:00,41.580556,-71.725,US,Rhode,RI_Washington,WOOD RIVER / NORTHEAST / PAWCATUCK RIVER,00620,STORET Rhode,HOUR25,HWIN-VAR-008,0.0,
STORET_Rhode_WRBWR2_19760628_      2500,STORET_Rhode,WRBWR2,00620,0.0,,1976-06-28T00:00:00,41.577778,-71.716667,US,Rhode,RI_Washington,FLAT RIVER / NORTHEAST / PAWCATUCK RIVER,00620,STORET Rhode,HOUR25,HWIN-VAR-008,0.0,
STORET_Rhode_WRBWR3_19760628_      2500,STORET_Rhode,WRBWR3,00620,0.0,,1976-06-28T00:00:00,41.575,-71.719444,US,Rhode,RI_Washington,WOOD RIVER / NORTHEAST / PAWCATUCK RIVER,00620,STORET Rhode,HOUR25,HWIN-VAR-008,0.0,
STORET_Rhode_WRBWR1_19760628_      2500,STORET_Rhode,WRBWR1,00900,8.0,,1976-06-28T00:00:00,41.580556,-71.725,US,Rhode,RI_Washington,WOOD RIVER / NORTHEAST / PAWCATUCK RIVER,00900,STORET Rhode,HOUR25,HWIN-VAR-005,8.0,
STORET_Rhode_WRBWR2_19760628_      2500,STORET_Rhode,WRBWR2,00900,8.0,,1976-06-28T00:00:00,41.577778,-71.716667,US,Rhode,RI_Washington,FLAT RIVER / NORTHEAST / PAWCATUCK RIVER,00900,STORET Rhode,HOUR25,HWIN-VAR-005,8.0,
STORET_Rhode_WRBWR3_19760628_      2500,STORET_Rhode,WRBWR3,00900,6.0,,1976-06-28T00:00:00,41.575,-71.719444,US,Rhode,RI_Washington,WOOD RIVER / NORTHEAST / PAWCATUCK RIVER,00900,STORET Rhode,HOUR25,HWIN-VAR-005,6.0,
STORET_Rhode_WRBWR3_19761214_      2500,STORET_Rhode,WRBWR3,00900,7.8,,1976-12-14T00:00:00,41.575,-71.719444,US,Rhode,RI_Washington,WOOD RIVER / NORTHEAST / PAWCATUCK RIVER,00900,STORET Rhode,HOUR25,HWIN-VAR-005,7.8,
STORET_Rhode_WRBWR1_19760628_      2500,STORET_Rhode,WRBWR1,00925,1.0,,1976-06-28T00:00:00,41.580556,-71.725,US,Rhode,RI_Washington,WOOD RIVER / NORTHEAST / PAWCATUCK RIVER,00925,STORET Rhode,HOUR25,HWIN-VAR-018,1.0,
STORET_Rhode_WRBWR3_19761214_      2500,STORET_Rhode,WRBWR3,00925,0.72,,1976-12-14T00:00:00,41.575,-71.719444,US,Rhode,RI_Washington,WOOD RIVER / NORTHEAST / PAWCATUCK RIVER,00925,STORET Rhode,HOUR25,HWIN-VAR-018,0.72,
STORET_Rhode_1D1-021_19841104_      2500,STORET_Rhode,1D1-021,00925,0.387,,1984-11-04T00:00:00,41.597222,-71.783333,US,Rhode,RI_Washington,TIPPECANSETT POND /  /,00925,STORET Rhode,HOUR25,HWIN-VAR-018,0.387,
STORET_Rhode_1D1-022_19841104_      2500,STORET_Rhode,1D1-022,00925,2.74,,1984-11-04T00:00:00,41.554167,-71.479167,US,Rhode,RI_Washington,SECRET LAKE /  /,00925,STORET Rhode,HOUR25,HWIN-VAR-018,2.74,
STORET_Rhode_1D1-024_19841104_      2500,STORET_Rhode,1D1-024,00925,1.73,,1984-11-04T00:00:00,41.540278,-71.525,US,Rhode,RI_Washington,THE RESERVOIR /  /,00925,STORET Rhode,HOUR25,HWIN-VAR-018,1.73,
STORET_Rhode_1D1-027_19841104_      2500,STORET_Rhode,1D1-027,00925,0.6285,,1984-11-04T00:00:00,41.4,-71.666667,US,Rhode,RI_Washington,SCHOOL HOUSE POND /  /,00925,STORET Rhode,HOUR25,HWIN-VAR-018,0.6285,
STORET_Rhode_1D1-059_19841104_      2500,STORET_Rhode,1D1-059,00925,1.33,,1984-11-04T00:00:00,41.47,-71.558333,US,Rhode,RI_Washington,LARKIN POND /  /,00925,STORET Rhode,HOUR25,HWIN-VAR-018,1.33,
STORET_Rhode_1D1-065_19841104_      2500,STORET_Rhode,1D1-065,00925,0.363,,1984-11-04T00:00:00,41.500833,-71.756389,US,Rhode,RI_Washington,ASHVILLE POND /  /,00925,STORET Rhode,HOUR25,HWIN-VAR-018,0.363,
STORET_Rhode_1D1-021_19841104_      2500,STORET_Rhode,1D1-021,00930,2.437,,1984-11-04T00:00:00,41.597222,-71.783333,US,Rhode,RI_Washington,TIPPECANSETT POND /  /,00930,STORET Rhode,HOUR25,HWIN-VAR-017,2.437,
STORET_Rhode_1D1-022_19841104_      2500,STORET_Rhode,1D1-022,00930,8.38,,1984-11-04T00:00:00,41.554167,-71.479167,US,Rhode,RI_Washington,SECRET LAKE /  /,00930,STORET Rhode,HOUR25,HWIN-VAR-017,8.38,
STORET_Rhode_1D1-024_19841104_      2500,STORET_Rhode,1D1-024,00930,11.3,,1984-11-04T00:00:00,41.540278,-71.525,US,Rhode,RI_Washington,THE RESERVOIR /  /,00930,STORET Rhode,HOUR25,HWIN-VAR-017,11.3,
STORET_Rhode_1D1-027_19841104_      2500,STORET_Rhode,1D1-027,00930,4.324,,1984-11-04T00:00:00,41.4,-71.666667,US,Rhode,RI_Washington,SCHOOL HOUSE POND /  /,00930,STORET Rhode,HOUR25,HWIN-VAR-017,4.324,
STORET_Rhode_1D1-059_19841104_      2500,STORET_Rhode,1D1-059,00930,7.96,,1984-11-04T00:00:00,41.47,-71.558333,US,Rhode,RI_Washington,LARKIN POND /  /,00930,STORET Rhode,HOUR25,HWIN-VAR-017,7.96,
STORET_Rhode_1D1-065_19841104_      2500,STORET_Rhode,1D1-065,00930,2.574,,1984-11-04T00:00:00,41.500833,-71.756389,US,Rhode,RI_Washington,ASHVILLE POND /  /,00930,STORET Rhode,HOUR25,HWIN-VAR-017,2.574,
STORET_Rhode_1D1-021_19841104_      2500,STORET_Rhode,1D1-021,00935,0.402,,1984-11-04T00:00:00,41.597222,-71.783333,US,Rhode,RI_Washington,TIPPECANSETT POND /  /,00935,STORET Rhode,HOUR25,HWIN-VAR-017,0.402,
STORET_Rhode_1D1-022_19841104_      2500,STORET_Rhode,1D1-022,00935,2.002,,1984-11-04T00:00:00,41.554167,-71.479167,US,Rhode,RI_Washington,SECRET LAKE /  /,00935,STORET Rhode,HOUR25,HWIN-VAR-017,2.002,
STORET_Rhode_1D1-024_19841104_      2500,STORET_Rhode,1D1-024,00935,1.867,,1984-11-04T00:00:00,41.540278,-71.525,US,Rhode,RI_Washington,THE RESERVOIR /  /,00935,STORET Rhode,HOUR25,HWIN-VAR-017,1.867,
STORET_Rhode_1D1-027_19841104_      2500,STORET_Rhode,1D1-027,00935,0.463,,1984-11-04T00:00:00,41.4,-71.666667,US,Rhode,RI_Washington,SCHOOL HOUSE POND /  /,00935,STORET Rhode,HOUR25,HWIN-VAR-017,0.463,
STORET_Rhode_1D1-059_19841104_      2500,STORET_Rhode,1D1-059,00935,1.026,,1984-11-04T00:00:00,41.47,-71.558333,US,Rhode,RI_Washington,LARKIN POND /  /,00935,STORET Rhode,HOUR25,HWIN-VAR-017,1.026,
STORET_Rhode_1D1-065_19841104_      2500,STORET_Rhode,1D1-065,00935,0.185,,1984-11-04T00:00:00,41.500833,-71.756389,US,Rhode,RI_Washington,ASHVILLE POND /  /,00935,STORET Rhode,HOUR25,HWIN-VAR-017,0.185,
STORET_Rhode_WS02_19691209_      1500,STORET_Rhode,WS02,00940,599.8,,1969-12-09T15:00:00,41.354722,-71.838333,US,Rhode,RI_Washington,WESTERLY STP EFFLU FRM PRIM CLAR / 010300 PAWCATUCK RIVER /,00940,STORET Rhode,,HWIN-VAR-017,599.8,
STORET_Rhode_WS02_19691210_      1545,STORET_Rhode,WS02,00940,559.8,,1969-12-10T15:45:00,41.354722,-71.838333,US,Rhode,RI_Washington,WESTERLY STP EFFLU FRM PRIM CLAR / 010300 PAWCATUCK RIVER /,00940,STORET Rhode,,HWIN-VAR-017,559.8,
STORET_Rhode_WS02_19691210_      0900,STORET_Rhode,WS02,00940,619.8,,1969-12-10T09:00:00,41.354722,-71.838333,US,Rhode,RI_Washington,WESTERLY STP EFFLU FRM PRIM CLAR / 010300 PAWCATUCK RIVER /,00940,STORET Rhode,,HWIN-VAR-017,619.8,
STORET_Rhode_WRBWR1_19760628_      2500,STORET_Rhode,WRBWR1,00940,7.0,,1976-06-28T00:00:00,41.580556,-71.725,US,Rhode,RI_Washington,WOOD RIVER / NORTHEAST / PAWCATUCK RIVER,00940,STORET Rhode,HOUR25,HWIN-VAR-017,7.0,
STORET_Rhode_WRBWR3_19761214_      2500,STORET_Rhode,WRBWR3,00940,3.0,,1976-12-14T00:00:00,41.575,-71.719444,US,Rhode,RI_Washington,WOOD RIVER / NORTHEAST / PAWCATUCK RIVER,00940,STORET Rhode,HOUR25,HWIN-VAR-017,3.0,
STORET_Rhode_1D1-021_19841104_      2500,STORET_Rhode,1D1-021,00941,2.996,,1984-11-04T00:00:00,41.597222,-71.783333,US,Rhode,RI_Washington,TIPPECANSETT POND /  /,00941,STORET Rhode,HOUR25,HWIN-VAR-017,2.996,
STORET_Rhode_1D1-022_19841104_      2500,STORET_Rhode,1D1-022,00941,14.115,,1984-11-04T00:00:00,41.554167,-71.479167,US,Rhode,RI_Washington,SECRET LAKE /  /,00941,STORET Rhode,HOUR25,HWIN-VAR-017,14.115,
STORET_Rhode_1D1-024_19841104_      2500,STORET_Rhode,1D1-024,00941,17.457,,1984-11-04T00:00:00,41.540278,-71.525,US,Rhode,RI_Washington,THE RESERVOIR /  /,00941,STORET Rhode,HOUR25,HWIN-VAR-017,17.457,
STORET_Rhode_1D1-027_19841104_      2500,STORET_Rhode,1D1-027,00941,5.6475,,1984-11-04T00:00:00,41.4,-71.666667,US,Rhode,RI_Washington,SCHOOL HOUSE POND /  /,00941,STORET Rhode,HOUR25,HWIN-VAR-017,5.6475,
STORET_Rhode_1D1-059_19841104_      2500,STORET_Rhode,1D1-059,00941,11.762,,1984-11-04T00:00:00,41.47,-71.558333,US,Rhode,RI_Washington,LARKIN POND /  /,00941,STORET Rhode,HOUR25,HWIN-VAR-017,11.762,
STORET_Rhode_1D1-065_19841104_      2500,STORET_Rhode,1D1-065,00941,3.27,,1984-11-04T00:00:00,41.500833,-71.756389,US,Rhode,RI_Washington,ASHVILLE POND /  /,00941,STORET Rhode,HOUR25,HWIN-VAR-017,3.27,
STORET_Rhode_WRBWR1_19760628_      2500,STORET_Rhode,WRBWR1,00950,0.1,,1976-06-28T00:00:00,41.580556,-71.725,US,Rhode,RI_Washington,WOOD RIVER / NORTHEAST / PAWCATUCK RIVER,00950,STORET Rhode,K|HOUR25,HWIN-VAR-017,0.1,
STORET_Rhode_WRBWR3_19761214_      2500,STORET_Rhode,WRBWR3,00950,0.17,,1976-12-14T00:00:00,41.575,-71.719444,US,Rhode,RI_Washington,WOOD RIVER / NORTHEAST / PAWCATUCK RIVER,00950,STORET Rhode,HOUR25,HWIN-VAR-017,0.17,
STORET_Rhode_1D1-021_19841104_      2500,STORET_Rhode,1D1-021,00950,0.0908,,1984-11-04T00:00:00,41.597222,-71.783333,US,Rhode,RI_Washington,TIPPECANSETT POND /  /,00950,STORET Rhode,HOUR25,HWIN-VAR-017,0.0908,
STORET_Rhode_1D1-022_19841104_      2500,STORET_Rhode,1D1-022,00950,0.1342,,1984-11-04T00:00:00,41.554167,-71.479167,US,Rhode,RI_Washington,SECRET LAKE /  /,00950,STORET Rhode,HOUR25,HWIN-VAR-017,0.1342,
STORET_Rhode_1D1-024_19841104_      2500,STORET_Rhode,1D1-024,00950,0.0886,,1984-11-04T00:00:00,41.540278,-71.525,US,Rhode,RI_Washington,THE RESERVOIR /  /,00950,STORET Rhode,HOUR25,HWIN-VAR-017,0.0886,
STORET_Rhode_1D1-027_19841104_      2500,STORET_Rhode,1D1-027,00950,0.12,,1984-11-04T00:00:00,41.4,-71.666667,US,Rhode,RI_Washington,SCHOOL HOUSE POND /  /,00950,STORET Rhode,HOUR25,HWIN-VAR-017,0.12,
STORET_Rhode_1D1-059_19841104_      2500,STORET_Rhode,1D1-059,00950,0.4944,,1984-11-04T00:00:00,41.47,-71.558333,US,Rhode,RI_Washington,LARKIN POND /  /,00950,STORET Rhode,HOUR25,HWIN-VAR-017,0.4944,
STORET_Rhode_1D1-065_19841104_      2500,STORET_Rhode,1D1-065,00950,0.0506,,1984-11-04T00:00:00,41.500833,-71.756389,US,Rhode,RI_Washington,ASHVILLE POND /  /,00950,STORET Rhode,HOUR25,HWIN-VAR-017,0.0506,
STORET_Rhode_1D1-021_19841104_      2500,STORET_Rhode,1D1-021,00955,2.599,,1984-11-04T00:00:00,41.597222,-71.783333,US,Rhode,RI_Washington,TIPPECANSETT POND /  /,00955,STORET Rhode,HOUR25,HWIN-VAR-019,2.599,
STORET_Rhode_1D1-022_19841104_      2500,STORET_Rhode,1D1-022,00955,11.768,,1984-11-04T00:00:00,41.554167,-71.479167,US,Rhode,RI_Washington,SECRET LAKE /  /,00955,STORET Rhode,HOUR25,HWIN-VAR-019,11.768,
STORET_Rhode_1D1-024_19841104_      2500,STORET_Rhode,1D1-024,00955,7.395,,1984-11-04T00:00:00,41.540278,-71.525,US,Rhode,RI_Washington,THE RESERVOIR /  /,00955,STORET Rhode,HOUR25,HWIN-VAR-019,7.395,
STORET_Rhode_1D1-027_19841104_      2500,STORET_Rhode,1D1-027,00955,2.682,,1984-11-04T00:00:00,41.4,-71.666667,US,Rhode,RI_Washington,SCHOOL HOUSE POND /  /,00955,STORET Rhode,HOUR25,HWIN-VAR-019,2.682,
STORET_Rhode_1D1-059_19841104_      2500,STORET_Rhode,1D1-059,00955,2.124,,1984-11-04T00:00:00,41.47,-71.558333,US,Rhode,RI_Washington,LARKIN POND /  /,00955,STORET Rhode,HOUR25,HWIN-VAR-019,2.124,
STORET_Rhode_1D1-065_19841104_      2500,STORET_Rhode,1D1-065,00955,0.571,,1984-11-04T00:00:00,41.500833,-71.756389,US,Rhode,RI_Washington,ASHVILLE POND /  /,00955,STORET Rhode,HOUR25,HWIN-VAR-019,0.571,
STORET_Rhode_WRBWR1_19760628_      2500,STORET_Rhode,WRBWR1,01007,200.0,,1976-06-28T00:00:00,41.580556,-71.725,US,Rhode,RI_Washington,WOOD RIVER / NORTHEAST / PAWCATUCK RIVER,01007,STORET Rhode,K|HOUR25,HWIN-VAR-017,200.0,
STORET_Rhode_WRBWR3_19761214_      2500,STORET_Rhode,WRBWR3,01007,5.0,,1976-12-14T00:00:00,41.575,-71.719444,US,Rhode,RI_Washington,WOOD RIVER / NORTHEAST / PAWCATUCK RIVER,01007,STORET Rhode,HOUR25,HWIN-VAR-017,5.0,
STORET_Rhode_WRBWR1_19760628_      2500,STORET_Rhode,WRBWR1,01034,20.0,,1976-06-28T00:00:00,41.580556,-71.725,US,Rhode,RI_Washington,WOOD RIVER / NORTHEAST / PAWCATUCK RIVER,01034,STORET Rhode,K|HOUR25,HWIN-VAR-017,20.0,
STORET_Rhode_WRBWR3_19761214_      2500,STORET_Rhode,WRBWR3,01034,10.0,,1976-12-14T00:00:00,41.575,-71.719444,US,Rhode,RI_Washington,WOOD RIVER / NORTHEAST / PAWCATUCK RIVER,01034,STORET Rhode,K|HOUR25,HWIN-VAR-017,10.0,
STORET_Rhode_WRBWR1_19760628_      2500,STORET_Rhode,WRBWR1,01040,20.0,,1976-06-28T00:00:00,41.580556,-71.725,US,Rhode,RI_Washington,WOOD RIVER / NORTHEAST / PAWCATUCK RIVER,01040,STORET Rhode,K|HOUR25,HWIN-VAR-017,20.0,
STORET_Rhode_WRBWR2_19760628_      2500,STORET_Rhode,WRBWR2,01040,20.0,,1976-06-28T00:00:00,41.577778,-71.716667,US,Rhode,RI_Washington,FLAT RIVER / NORTHEAST / PAWCATUCK RIVER,01040,STORET Rhode,K|HOUR25,HWIN-VAR-017,20.0,
STORET_Rhode_WRBWR3_19761214_      2500,STORET_Rhode,WRBWR3,01040,10.0,,1976-12-14T00:00:00,41.575,-71.719444,US,Rhode,RI_Washington,WOOD RIVER / NORTHEAST / PAWCATUCK RIVER,01040,STORET Rhode,K|HOUR25,HWIN-VAR-017,10.0,
STORET_Rhode_WRBWR1_19760628_      2500,STORET_Rhode,WRBWR1,01051,20.0,,1976-06-28T00:00:00,41.580556,-71.725,US,Rhode,RI_Washington,WOOD RIVER / NORTHEAST / PAWCATUCK RIVER,01051,STORET Rhode,K|HOUR25,HWIN-VAR-017,20.0,
STORET_Rhode_WRBWR2_19760628_      2500,STORET_Rhode,WRBWR2,01051,20.0,,1976-06-28T00:00:00,41.577778,-71.716667,US,Rhode,RI_Washington,FLAT RIVER / NORTHEAST / PAWCATUCK RIVER,01051,STORET Rhode,K|HOUR25,HWIN-VAR-017,20.0,
STORET_Rhode_WRBWR3_19761214_      2500,STORET_Rhode,WRBWR3,01051,50.0,,1976-12-14T00:00:00,41.575,-71.719444,US,Rhode,RI_Washington,WOOD RIVER / NORTHEAST / PAWCATUCK RIVER,01051,STORET Rhode,K|HOUR25,HWIN-VAR-017,50.0,
STORET_Rhode_WRBWR1_19760628_      2500,STORET_Rhode,WRBWR1,01055,20.0,,1976-06-28T00:00:00,41.580556,-71.725,US,Rhode,RI_Washington,WOOD RIVER / NORTHEAST / PAWCATUCK RIVER,01055,STORET Rhode,HOUR25,HWIN-VAR-017,20.0,
STORET_Rhode_WRBWR2_19760628_      2500,STORET_Rhode,WRBWR2,01055,20.0,,1976-06-28T00:00:00,41.577778,-71.716667,US,Rhode,RI_Washington,FLAT RIVER / NORTHEAST / PAWCATUCK RIVER,01055,STORET Rhode,HOUR25,HWIN-VAR-017,20.0,
STORET_Rhode_WRBWR3_19760628_      2500,STORET_Rhode,WRBWR3,01055,20.0,,1976-06-28T00:00:00,41.575,-71.719444,US,Rhode,RI_Washington,WOOD RIVER / NORTHEAST / PAWCATUCK RIVER,01055,STORET Rhode,HOUR25,HWIN-VAR-017,20.0,
STORET_Rhode_WRBWR3_19761214_      2500,STORET_Rhode,WRBWR3,01055,50.0,,1976-12-14T00:00:00,41.575,-71.719444,US,Rhode,RI_Washington,WOOD RIVER / NORTHEAST / PAWCATUCK RIVER,01055,STORET Rhode,K|HOUR25,HWIN-VAR-017,50.0,
STORET_Rhode_1D1-021_19841104_      2500,STORET_Rhode,1D1-021,01056,12.0,,1984-11-04T00:00:00,41.597222,-71.783333,US,Rhode,RI_Washington,TIPPECANSETT POND /  /,01056,STORET Rhode,HOUR25,HWIN-VAR-017,12.0,
STORET_Rhode_1D1-022_19841104_      2500,STORET_Rhode,1D1-022,01056,317.0,,1984-11-04T00:00:00,41.554167,-71.479167,US,Rhode,RI_Washington,SECRET LAKE /  /,01056,STORET Rhode,HOUR25,HWIN-VAR-017,317.0,
STORET_Rhode_1D1-024_19841104_      2500,STORET_Rhode,1D1-024,01056,44.0,,1984-11-04T00:00:00,41.540278,-71.525,US,Rhode,RI_Washington,THE RESERVOIR /  /,01056,STORET Rhode,HOUR25,HWIN-VAR-017,44.0,
STORET_Rhode_1D1-027_19841104_      2500,STORET_Rhode,1D1-027,01056,16.0,,1984-11-04T00:00:00,41.4,-71.666667,US,Rhode,RI_Washington,SCHOOL HOUSE POND /  /,01056,STORET Rhode,HOUR25,HWIN-VAR-017,16.0,
STORET_Rhode_1D1-059_19841104_      2500,STORET_Rhode,1D1-059,01056,24.0,,1984-11-04T00:00:00,41.47,-71.558333,US,Rhode,RI_Washington,LARKIN POND /  /,01056,STORET Rhode,HOUR25,HWIN-VAR-017,24.0,
STORET_Rhode_1D1-065_19841104_      2500,STORET_Rhode,1D1-065,01056,55.0,,1984-11-04T00:00:00,41.500833,-71.756389,US,Rhode,RI_Washington,ASHVILLE POND /  /,01056,STORET Rhode,HOUR25,HWIN-VAR-017,55.0,
